sample_id,trial,day,date,window_start,window_end,window_days_count,target_median_fw_g,env_act_day_ac_duration_s_event_count_wmean,env_act_day_ac_duration_s_event_count_wstd,env_act_day_ac_duration_s_sum_wmean,env_act_day_ac_duration_s_sum_wstd,env_act_day_exhaust_duration_s_event_count_wmean,env_act_day_exhaust_duration_s_event_count_wstd,env_act_day_exhaust_duration_s_sum_wmean,env_act_day_exhaust_duration_s_sum_wstd,env_act_day_heater_duration_s_event_count_wmean,env_act_day_heater_duration_s_event_count_wstd,env_act_day_heater_duration_s_sum_wmean,env_act_day_heater_duration_s_sum_wstd,env_act_day_humidifier_duration_s_event_count_wmean,env_act_day_humidifier_duration_s_event_count_wstd,env_act_day_humidifier_duration_s_sum_wmean,env_act_day_humidifier_duration_s_sum_wstd,env_act_day_light_duration_s_event_count_wmean,env_act_day_light_duration_s_event_count_wstd,env_act_day_light_duration_s_sum_wmean,env_act_day_light_duration_s_sum_wstd,env_act_night_ac_duration_s_event_count_wmean,env_act_night_ac_duration_s_event_count_wstd,env_act_night_ac_duration_s_sum_wmean,env_act_night_ac_duration_s_sum_wstd,env_act_night_exhaust_duration_s_event_count_wmean,env_act_night_exhaust_duration_s_event_count_wstd,env_act_night_exhaust_duration_s_sum_wmean,env_act_night_exhaust_duration_s_sum_wstd,env_act_night_heater_duration_s_event_count_wmean,env_act_night_heater_duration_s_event_count_wstd,env_act_night_humidifier_duration_s_event_count_wmean,env_act_night_humidifier_duration_s_event_count_wstd,env_act_night_humidifier_duration_s_sum_wmean,env_act_night_humidifier_duration_s_sum_wstd,env_act_night_light_duration_s_event_count_wmean,env_act_night_light_duration_s_event_count_wstd,env_day_air_temp_c_max_wmean,env_day_air_temp_c_max_wstd,env_day_air_temp_c_mean_wmean,env_day_air_temp_c_mean_wstd,env_day_air_temp_c_min_wmean,env_day_air_temp_c_min_wstd,env_day_air_temp_c_std_wmean,env_day_air_temp_c_std_wstd,env_day_co2_ppm_max_wmean,env_day_co2_ppm_max_wstd,env_day_co2_ppm_mean_wmean,env_day_co2_ppm_mean_wstd,env_day_co2_ppm_min_wmean,env_day_co2_ppm_min_wstd,env_day_co2_ppm_std_wmean,env_day_co2_ppm_std_wstd,env_day_dewpoint_c_max_wmean,env_day_dewpoint_c_max_wstd,env_day_dewpoint_c_mean_wmean,env_day_dewpoint_c_mean_wstd,env_day_dewpoint_c_min_wmean,env_day_dewpoint_c_min_wstd,env_day_dewpoint_c_std_wmean,env_day_dewpoint_c_std_wstd,env_day_humidity_pct_max_wmean,env_day_humidity_pct_max_wstd,env_day_humidity_pct_mean_wmean,env_day_humidity_pct_mean_wstd,env_day_humidity_pct_min_wmean,env_day_humidity_pct_min_wstd,env_day_humidity_pct_std_wmean,env_day_humidity_pct_std_wstd,env_day_pressure_pa_max_wmean,env_day_pressure_pa_max_wstd,env_day_pressure_pa_mean_wmean,env_day_pressure_pa_mean_wstd,env_day_pressure_pa_min_wmean,env_day_pressure_pa_min_wstd,env_day_pressure_pa_std_wmean,env_day_pressure_pa_std_wstd,env_day_vpd_pa_max_wmean,env_day_vpd_pa_max_wstd,env_day_vpd_pa_mean_wmean,env_day_vpd_pa_mean_wstd,env_day_vpd_pa_min_wmean,env_day_vpd_pa_min_wstd,env_day_vpd_pa_std_wmean,env_day_vpd_pa_std_wstd,env_night_air_temp_c_max_wmean,env_night_air_temp_c_max_wstd,env_night_air_temp_c_mean_wmean,env_night_air_temp_c_mean_wstd,env_night_air_temp_c_min_wmean,env_night_air_temp_c_min_wstd,env_night_air_temp_c_std_wmean,env_night_air_temp_c_std_wstd,env_night_co2_ppm_max_wmean,env_night_co2_ppm_max_wstd,env_night_co2_ppm_mean_wmean,env_night_co2_ppm_mean_wstd,env_night_co2_ppm_min_wmean,env_night_co2_ppm_min_wstd,env_night_co2_ppm_std_wmean,env_night_co2_ppm_std_wstd,env_night_dewpoint_c_max_wmean,env_night_dewpoint_c_max_wstd,env_night_dewpoint_c_mean_wmean,env_night_dewpoint_c_mean_wstd,env_night_dewpoint_c_min_wmean,env_night_dewpoint_c_min_wstd,env_night_dewpoint_c_std_wmean,env_night_dewpoint_c_std_wstd,env_night_humidity_pct_max_wmean,env_night_humidity_pct_max_wstd,env_night_humidity_pct_mean_wmean,env_night_humidity_pct_mean_wstd,env_night_humidity_pct_min_wmean,env_night_humidity_pct_min_wstd,env_night_humidity_pct_std_wmean,env_night_humidity_pct_std_wstd,env_night_pressure_pa_max_wmean,env_night_pressure_pa_max_wstd,env_night_pressure_pa_mean_wmean,env_night_pressure_pa_mean_wstd,env_night_pressure_pa_min_wmean,env_night_pressure_pa_min_wstd,env_night_pressure_pa_std_wmean,env_night_pressure_pa_std_wstd,env_night_vpd_pa_max_wmean,env_night_vpd_pa_max_wstd,env_night_vpd_pa_mean_wmean,env_night_vpd_pa_mean_wstd,env_night_vpd_pa_min_wmean,env_night_vpd_pa_min_wstd,env_night_vpd_pa_std_wmean,env_night_vpd_pa_std_wstd,exp_day_wmean,exp_day_wstd,img_blur_max_wmean,img_blur_max_wstd,img_blur_mean_wmean,img_blur_mean_wstd,img_blur_min_wmean,img_blur_min_wstd,img_coverage_frac_d1_wmean,img_coverage_frac_d1_wstd,img_coverage_frac_pct1_wmean,img_coverage_frac_pct1_wstd,img_coverage_frac_wmean,img_coverage_frac_wstd,img_mask_area_max_wmean,img_mask_area_max_wstd,img_mask_area_mean_d1_wmean,img_mask_area_mean_d1_wstd,img_mask_area_mean_pct1_wmean,img_mask_area_mean_pct1_wstd,img_mask_area_mean_wmean,img_mask_area_mean_wstd,img_mask_area_std_wmean,img_mask_area_std_wstd,img_mask_area_sum_d1_wmean,img_mask_area_sum_d1_wstd,img_mask_area_sum_pct1_wmean,img_mask_area_sum_pct1_wstd,img_mask_area_sum_wmean,img_mask_area_sum_wstd,img_n_cups_d1_wmean,img_n_cups_d1_wstd,img_n_cups_pct1_wmean,img_n_cups_pct1_wstd,img_n_cups_wmean,img_n_cups_wstd,img_plant_color_max_wmean,img_plant_color_max_wstd,img_plant_color_mean_d1_wmean,img_plant_color_mean_d1_wstd,img_plant_color_mean_pct1_wmean,img_plant_color_mean_pct1_wstd,img_plant_color_mean_wmean,img_plant_color_mean_wstd,img_plant_color_min_wmean,img_plant_color_min_wstd,img_plant_color_std_wmean,img_plant_color_std_wstd,nutrient_act_nutrient_ab_duration_s_event_count_wmean,nutrient_act_nutrient_ab_duration_s_event_count_wstd,nutrient_act_nutrient_ab_duration_s_sum_wmean,nutrient_act_nutrient_ab_duration_s_sum_wstd,nutrient_act_nutrient_c_duration_s_event_count_wmean,nutrient_act_nutrient_c_duration_s_event_count_wstd,nutrient_act_nutrient_c_duration_s_sum_wmean,nutrient_act_nutrient_c_duration_s_sum_wstd,nutrient_act_ph_down_duration_s_event_count_wmean,nutrient_act_ph_down_duration_s_event_count_wstd,nutrient_act_ph_down_duration_s_sum_wmean,nutrient_act_ph_down_duration_s_sum_wstd,nutrient_act_ph_up_duration_s_event_count_wmean,nutrient_act_ph_up_duration_s_event_count_wstd,nutrient_act_ph_up_duration_s_sum_wmean,nutrient_act_ph_up_duration_s_sum_wstd,nutrient_act_pump_duration_s_event_count_wmean,nutrient_act_pump_duration_s_event_count_wstd,nutrient_ec_us_cm_max_wmean,nutrient_ec_us_cm_max_wstd,nutrient_ec_us_cm_mean_wmean,nutrient_ec_us_cm_mean_wstd,nutrient_ec_us_cm_min_wmean,nutrient_ec_us_cm_min_wstd,nutrient_ec_us_cm_std_wmean,nutrient_ec_us_cm_std_wstd,nutrient_flow_rate_l_min_max_wmean,nutrient_flow_rate_l_min_max_wstd,nutrient_flow_rate_l_min_mean_wmean,nutrient_flow_rate_l_min_mean_wstd,nutrient_flow_rate_l_min_min_wmean,nutrient_flow_rate_l_min_min_wstd,nutrient_flow_rate_l_min_std_wmean,nutrient_flow_rate_l_min_std_wstd,nutrient_flow_volume_l_max_wmean,nutrient_flow_volume_l_max_wstd,nutrient_flow_volume_l_mean_wmean,nutrient_flow_volume_l_mean_wstd,nutrient_flow_volume_l_min_wmean,nutrient_flow_volume_l_min_wstd,nutrient_flow_volume_l_std_wmean,nutrient_flow_volume_l_std_wstd,nutrient_ph_max_wmean,nutrient_ph_max_wstd,nutrient_ph_mean_wmean,nutrient_ph_mean_wstd,nutrient_ph_min_wmean,nutrient_ph_min_wstd,nutrient_ph_std_wmean,nutrient_ph_std_wstd,nutrient_salinity_ppt_max_wmean,nutrient_salinity_ppt_max_wstd,nutrient_salinity_ppt_mean_wmean,nutrient_salinity_ppt_mean_wstd,nutrient_salinity_ppt_min_wmean,nutrient_salinity_ppt_min_wstd,nutrient_salinity_ppt_std_wmean,nutrient_salinity_ppt_std_wstd,nutrient_solution_temp_c_max_wmean,nutrient_solution_temp_c_max_wstd,nutrient_solution_temp_c_mean_wmean,nutrient_solution_temp_c_mean_wstd,nutrient_solution_temp_c_min_wmean,nutrient_solution_temp_c_min_wstd,nutrient_solution_temp_c_std_wmean,nutrient_solution_temp_c_std_wstd,nutrient_specific_gravity_max_wmean,nutrient_specific_gravity_max_wstd,nutrient_specific_gravity_mean_wmean,nutrient_specific_gravity_mean_wstd,nutrient_specific_gravity_min_wmean,nutrient_specific_gravity_min_wstd,nutrient_specific_gravity_std_wmean,nutrient_specific_gravity_std_wstd,nutrient_tds_ppm_max_wmean,nutrient_tds_ppm_max_wstd,nutrient_tds_ppm_mean_wmean,nutrient_tds_ppm_mean_wstd,nutrient_tds_ppm_min_wmean,nutrient_tds_ppm_min_wstd,nutrient_tds_ppm_std_wmean,nutrient_tds_ppm_std_wstd,win_img_coverage_frac_delta,win_img_coverage_frac_last,win_img_coverage_frac_pct_delta,win_img_coverage_frac_slope,win_img_mask_area_mean_delta,win_img_mask_area_mean_last,win_img_mask_area_mean_pct_delta,win_img_mask_area_mean_slope,win_img_mask_area_sum_delta,win_img_mask_area_sum_last,win_img_mask_area_sum_pct_delta,win_img_mask_area_sum_slope,win_img_n_cups_delta,win_img_n_cups_last,win_img_n_cups_pct_delta,win_img_n_cups_slope,win_img_plant_color_mean_delta,win_img_plant_color_mean_last,win_img_plant_color_mean_pct_delta,win_img_plant_color_mean_slope,window_days_count
trial1_day0,trial1,0,2025-10-14,2025-10-11,2025-10-14,1,4.730000000000002,8.0,,3479.8333734999987,,2.0,,120.05126699999992,,0.0,,,,8.0,,480.0544014999994,,1.0,,57660.127822,,4.0,,1500.17263,,4.0,,240.0920364999999,,0.0,,1.0,,59.964954,,0.0,,23.17,,23.05625,,22.96,,0.0582942045636985,,547.0,,462.75,,443.0,,34.59459082408283,,15.0,,14.6425,,14.34,,0.2084466358567584,,59.68,,58.945,,58.13,,0.5725382083319865,,99093.39,,98854.0375,,98637.33,,160.462634613608,,1183.76,,1166.9025,,1154.1,,11.232272063758318,,21.77,,21.4725,,20.73,,0.4962778119830325,,498.0,,458.25,,442.0,,26.73792562385248,,16.04,,15.6425,,14.72,,0.6184052069638486,,69.71,,69.2925,,68.56,,0.5058573580236432,,99148.46,,98807.2425,,98659.95,,228.81411296436707,,798.26,,788.74,,774.05,,10.64109956724401,,0.0,,103.13,,103.13,,103.13,,,,,,0.0714285714285714,,76366.0,,,,,,76366.0,,,,,,,,76366.0,,,,,,1.0,,0.6574,,,,,,0.6574,,0.6574,,,,0.0,,,,0.0,,,,0.0,,,,0.0,,,,0.0,,1318.0,,1300.625,,1281.5,,15.12842748542687,,1.16,,1.16,,1.16,,0.0,,1765.435,,1010.2779166666666,,259.585,,493.222170230241,,5.97,,5.9375,,5.87,,0.0307851794330852,,0.66,,0.6491666666666667,,0.64,,0.0090033663737851,,24.3375,,23.83520833333333,,23.383,,0.3109010700830539,,1.001,,1.001,,1.001,,0.0,,712.0,,702.75,,692.0,,8.091802810701198,,,0.0714285714285714,,,,76366.0,,,,76366.0,,,,1.0,,,,0.6574,,,1
trial1_day4,trial1,4,2025-10-18,2025-10-15,2025-10-18,4,13.080000000000002,8.0,0.0,2812.4776863749994,835.410211715535,1.0,0.0,60.04536362499997,0.0354603981021653,0.0,0.0,,,8.0,0.0,480.1608973749997,0.1004370151142138,1.0,0.0,57660.05613525001,0.1372619907778775,1.75,0.5,495.002629625,149.9982729157891,3.25,1.2583057392117916,195.16013549999988,75.54159715315981,0.0,0.0,1.0,0.0,60.03685987499997,0.0403659873540039,0.0,0.0,23.2525,0.109048918686369,22.993125,0.1242917434908691,22.410000000000004,0.6856626964720579,0.2793820547416034,0.1908382124151596,526.0,19.131126469708992,486.8125,11.92707878456973,457.75,3.593976442141304,27.687114392707088,10.36618473449739,15.98,0.247386337537059,14.553125,0.2966014090211525,13.42,0.6225217533013073,0.8906975096116498,0.1262221206190444,67.15249999999999,3.7107714831285423,59.252812500000005,0.8077195102829102,55.470000000000006,1.575584547609764,3.851317066944313,1.0828573158475745,99179.7075,154.87988967260728,99045.44375,152.2384610261976,98912.0225,169.16805497788818,105.80402568498036,20.098955129065644,1212.285,17.028103241406594,1144.2325,18.143301306313216,929.46,147.62513900642625,95.38874646725245,46.93309947471555,22.075000000000003,0.4787831798772098,21.33725,0.654521008066204,20.845,0.8084759324391372,0.5467855728306086,0.3646682583956179,503.5,19.87460691435179,486.125,22.454119889231908,469.5,25.955089417427686,17.24818411402456,7.7388036487455,16.365000000000002,0.8294777473406593,15.0915,0.1791503093308335,13.045000000000002,1.6319824345459932,1.5402065445505058,1.1372410866012284,73.315,3.1301703893984247,67.897875,2.695594812992734,57.94,9.26395523880954,7.0155300670382745,5.544829619081422,99168.505,97.61369046740391,99098.45775,129.7001010803404,99009.215,171.7101108457695,70.3552795515761,61.16222614275191,1124.4,275.9181976601036,821.69025,100.30759676822422,662.0425,93.73320129495208,207.97567186783732,148.89149045658857,2.5,1.2909944487358056,113.3975,2.104113035620159,52.10333333333333,12.306364432908508,9.69,1.1660474547232915,0.0535714285714285,0.1071428571428571,0.6666666666666666,1.0540925533894598,0.1964285714285714,0.0683876505540241,77975.0,2888.5121891151275,-5745.1875,12803.727857826863,-0.0715249645424329,0.1826852286132796,57189.6875,4254.515617626171,21085.26286875297,2370.3003165808327,34293.75,64109.85061790427,0.4035840496159464,0.6282170357643214,154496.75,43545.093534365806,0.75,1.5,0.6666666666666666,1.0540925533894598,2.75,0.957427107756338,0.88375,0.0091903935352809,-0.0202249999999999,0.1417280765592519,-0.0177647175673849,0.1852906210117135,0.7028916666666667,0.1020774664980801,0.54505,0.163290589645168,0.1877138620031402,0.0489327680966361,0.0,0.0,,,0.0,0.0,,,0.0,0.0,,,0.0,0.0,,,0.0,0.0,1387.75,36.92672925312142,1360.721955128205,44.87443439848079,1330.25,48.835608593184,17.842774254519608,6.365321972266456,1.165,0.01,1.1571634615384614,0.0041931685124746,1.1525,0.005,0.0042214515418034,0.0032857630363003,5925.9375,2174.951047282444,5114.66188301282,2105.2129956993144,4121.5175,1768.6040355437578,586.3806965665988,160.83275348103933,6.02,0.0081649658092774,6.007916666666667,0.0136846088186149,5.9975000000000005,0.0189296944860009,0.0072147201470967,0.0040565589018302,0.6949999999999998,0.0208166599946613,0.6798397435897436,0.0240421079855394,0.665,0.0264575131106458,0.009842501580118,0.0025567041082256,24.459625000000003,0.5033649065704392,23.98456009615385,0.4394199336058601,23.150875000000003,0.7466927497304366,0.4250964688049732,0.1910238329489981,1.001,0.0,1.001,0.0,1.001,0.0,0.0,0.0,749.75,19.93949180228356,735.1089743589744,24.25057922631433,718.5,26.589471600616665,9.67941371089496,3.351658088090572,0.0714285714285714,0.2857142857142857,0.3333333333333333,0.0214285714285714,-313.75,53385.25,-0.0058427531238942,49.724999999996655,52444.0,213541.0,0.3255429958348076,16020.899999999998,1.0,4.0,0.3333333333333333,0.3,-0.0890666666666667,0.5765,-0.1338208043271398,-0.02359,4
trial1_day8,trial1,8,2025-10-22,2025-10-19,2025-10-22,4,19.83,7.5,1.0,2797.890072375,1098.2887940093665,3.25,1.5,195.19171949999992,90.123410013002,0.0,0.0,,,4.75,2.217355782608345,285.13565437499983,133.03565711283673,1.0,0.0,48855.064053,17609.790886157534,3.0,1.4142135623730951,1012.593723625,439.8201775220495,4.0,0.816496580927726,239.99218587499985,49.04970674280458,0.0,0.0,0.75,0.5,60.0103421666666,0.0412300595752521,0.0,0.0,24.555,2.990178367032085,23.0415625,0.460958438789949,21.77,0.760131567559197,0.8865255244173874,0.9289412136708404,579.0,86.92525524840292,517.7621527777778,47.23852876645599,467.5,12.12435565298214,39.60258210569472,24.35309725437856,18.9025,4.140518284788351,15.201666666666668,1.2266581747894472,12.8475,1.4637708153942677,2.1231711945376976,1.3753685082497882,74.54,4.671024156078269,61.59121527777778,4.226981606322996,53.285,5.139970817037779,7.461392514938931,2.165471178708393,99443.2425,36.197664174178094,99270.53072916668,50.91892840422517,99121.805,70.63300904440334,120.97529395415252,26.03554480876481,1276.6875,118.02438656904762,1078.6539236111112,105.17958893142053,712.8075,125.63390661627407,197.20935885550955,45.80171020736706,22.0,0.434741302385684,21.445291666666662,0.5408771746483253,20.7575,1.4444693373923394,0.5552170828680757,0.6350934218852783,527.5,33.391615714128,506.02083333333337,23.40943690290545,483.5,21.97726097583591,20.026957849996656,10.3188151305892,17.36,1.0178408519999584,16.409333333333336,0.6637271444066634,15.0225,0.5781796145374434,1.0058166219465985,0.5313646034494777,77.44,4.938063048065168,72.77795833333334,3.291057835045007,64.98500000000001,4.650523268049167,5.483897229149586,3.1269104233608784,99367.7225,55.39366231799068,99305.51675,30.81520622597724,99240.525,44.21425524270521,56.57160774142838,37.5138194249089,943.4375,171.19377877617714,707.202125,92.3158150394386,571.6324999999999,126.53994188265878,165.81009399676404,96.39939281183332,6.5,1.2909944487358056,104.37749999999998,63.890065151007626,29.31220238095237,11.530920764953756,10.4225,1.931948498278357,-0.0535714285714285,0.2632540998511426,-0.025297619047619,0.7589285714285715,0.3928571428571428,0.2220804536449717,50198.0,14300.534418918289,-3043.8125,5767.531513687055,-0.0571051881005783,0.1170594993068939,40375.65178571429,2168.7194892627285,7472.387307893218,4076.530344582528,-43082.75,134303.11433811454,-0.1393413753760468,0.5888303815343017,221773.5,128781.41114695086,-0.75,3.685557397915997,-0.025297619047619,0.7589285714285715,5.5,3.1091263510296048,0.975725,0.0286666327519179,0.0905,0.0995952838598777,0.1395821916420034,0.1824715320118926,0.8868427083333332,0.0539117057625629,0.7653500000000001,0.136557521457687,0.0987867644418208,0.0178181061138327,1.5,1.2909944487358056,20.0,10.0,1.25,0.957427107756338,16.666666666666668,5.773502691896257,1.5,1.2909944487358056,20.0,10.0,0.0,0.0,,,0.0,0.0,1632.0,217.85010136942023,1520.265224358974,80.64448290045094,1435.25,21.83842179889991,58.31394533746524,59.81080376930405,1.1275,0.0221735578260833,1.089342948717949,0.0622813812892148,0.995,0.2305789814069501,0.0439697058015142,0.0743653390047276,12283.06375,1954.313514431496,11538.52357371795,1936.414036768564,10723.1525,1909.223593530016,504.1342951066933,75.56049516433615,5.98,0.0316227766016835,5.936362179487179,0.0554566684433991,5.905000000000001,0.0732575365861197,0.024670154568624,0.0178308777829126,0.82,0.1157583690279022,0.7628365384615384,0.0428742617463399,0.7175,0.015,0.03047020976159,0.0316336203488807,27.515,2.559932551194791,25.29461458333333,0.5279043193055301,23.897625,0.5789784646254117,1.167772312233221,0.7152695107133449,1.001,0.0,1.001,0.0,1.001,0.0,0.0,0.0,881.5,117.882710069515,821.1105769230769,43.51878191205656,775.25,11.84271928232701,31.513989877639585,32.34711510836741,-0.5,0.0714285714285714,-0.875,-0.1571428571428572,-1790.75,41210.0,-0.0416446224775149,-433.41071428571325,-302796.0,41210.0,-0.8802055778096893,-94028.60000000003,-7.0,1.0,-0.875,-2.200000000000001,0.1255625,0.9385,0.1544552933036057,0.0402820833333333,4
trial1_day12,trial1,12,2025-10-26,2025-10-23,2025-10-26,4,27.28,7.0,2.0,2325.396741625,1504.6267445282942,1.75,0.957427107756338,105.14601599999992,57.57973604207225,0.0,0.0,,,7.5,0.5773502691896257,450.0506467499996,34.566701674985,1.0,0.0,46965.04450875,21389.881418628123,0.5,0.5773502691896257,300.008915,339.2708164917313,4.0,0.816496580927726,240.04859299999984,49.04983511001265,0.0,0.0,0.75,0.5,59.98030466666663,0.0394989394171468,0.0,0.0,23.355,0.2572288216096073,22.27142361111111,1.1421827220560077,20.36,1.556406116667498,1.0743979232587793,0.7249857737312496,592.25,70.69830266703721,509.3958333333333,24.427720762827363,471.5,17.97220075561143,46.60072805000072,23.034311948623564,16.9525,0.688688366873339,13.699895833333333,2.2703018586773624,11.44,3.4939662276559,2.0300803912721435,1.5040805360786844,72.1275,5.017711131581812,58.64802083333333,4.4138631481532125,51.9225,5.386231675918396,6.980921311637098,2.129099591046344,99405.2525,55.11585940845881,99241.18756944445,58.8970841878385,99094.155,68.9972127456348,119.0729253918759,15.066744865171394,1246.625,117.45117070510622,1109.1780555555554,53.58075034346599,751.78,203.99587953355007,162.06421896271655,89.6231139091553,21.8225,0.4255486654504585,20.752,0.7581557667568508,19.1425,2.198884186733504,1.2056188704067872,0.9485578335223052,500.5,10.279429296739517,492.7916666666667,6.303107699116885,483.0,5.94418483337567,7.699348326319743,4.814796917373787,16.5675,0.606925311165495,14.873416666666667,1.0042599680029731,10.735,3.8878828857532906,2.709183342638029,1.8411988060823503,75.435,3.771935842508456,69.59279166666667,2.766008467137758,56.5825,8.99954952576331,8.44172154155288,5.038376435790765,99271.4475,71.39548742743199,99226.34166666667,67.36991407313776,99155.07,65.72011513481642,52.32462302736911,18.94172364129073,995.66,254.19541393712564,740.3591666666666,84.3943036683559,605.795,92.94194980380674,175.46043961506842,143.29330604317343,10.5,1.2909944487358056,12.39,,11.0,,9.61,,0.0714285714285714,,0.25,0.5,0.1428571428571428,,44642.0,,745.0,,0.0045195340936665,0.0090390681873331,41955.0,,3799.9918420965055,,42700.0,,0.2590390681873331,0.5180781363746664,83910.0,,1.0,,0.25,0.5,2.0,,0.9397,,-0.0088,,-0.0023441662226957,0.0046883324453915,0.9297,,0.9197,,0.0141421356237309,,1.75,2.0615528128088303,35.0,7.071067811865476,1.25,1.5,25.0,7.071067811865476,1.75,2.0615528128088303,35.0,7.071067811865476,0.0,0.0,,,0.0,0.0,1655.5,81.86370787269941,1550.5176282051282,37.53470137242374,1455.625,28.25884817185584,74.7667956052728,45.66544149379618,1.0950000000000002,0.0057735026918962,1.0871955128205129,0.0049405780338285,1.0825,0.0095742710775633,0.0042964362706361,0.0035912708529891,18454.14625,2052.0513391619256,17736.0594150641,2039.2345595743705,17013.72,2028.2161988432103,471.1887977251668,18.73584816977948,6.075,0.089628864398325,5.975016025641025,0.0938265411848027,5.8925,0.0449999999999998,0.0550726634842288,0.0301633725650379,0.8350000000000001,0.0412310562561765,0.7796153846153846,0.0198468274361716,0.73,0.0141421356237309,0.0399108750236915,0.0233345228819501,25.801875,0.3247014975327335,24.53950080128205,0.7105870502141572,22.40775,1.4158454188222664,1.0879455890914838,0.4379841734767869,1.001,0.0,1.001,0.0,1.001,0.0,0.0,0.0,894.25,44.16918231829368,837.5136217948718,20.34348986334496,786.25,14.974979131871937,40.34090224737973,24.588342750141383,,0.1428571428571428,,,,41955.0,,,,83910.0,,,,2.0,,,,0.9297,,,4
trial1_day16,trial1,16,2025-10-30,2025-10-27,2025-10-30,4,42.28,4.5,1.914854215512676,337.6942198749998,241.63940896098288,1.25,0.5,61.20527437499997,2.35193563073269,0.25,0.5,19.87,,7.75,0.5,465.1109767499996,30.06776971363804,1.25,0.5,46703.136977,21895.46163271705,2.75,1.2583057392117916,727.501534,291.23749932110894,3.75,0.957427107756338,225.15799124999984,57.43022334758143,0.0,0.0,1.0,0.0,60.011863499999976,0.0190880884061166,0.0,0.0,25.055,2.6502641377794776,22.738125,0.8608677187388696,20.9425,0.8775866528915163,1.4071844715159083,0.7172215626152632,533.25,23.92174742781137,486.5,7.737220646545718,448.5,4.795831523312719,31.91387270625805,8.759708651616247,15.4275,1.5342397683108937,11.6175,1.4875654747494864,9.572500000000002,1.0959128614994893,2.026457264943031,0.1911819993106923,61.76749999999999,8.573697665923765,49.456875,3.1867826807246624,44.0225,3.180349823525706,6.2357842251634725,1.5584689941714165,99262.1775,91.4352657621756,99101.5365625,74.1258539887164,98926.5525,67.53217819430238,136.4950461499146,36.2239573154601,1741.595,145.45729785748117,1408.6778125,72.37188996898098,1055.125,257.3861048438059,234.05728287965692,84.25800700407753,22.515,1.1466327514364243,21.509125000000004,0.6944012258773729,20.3425,2.0589054535521205,1.014320559339554,0.9458658957574346,529.5,23.302360395462088,515.225,19.55490134638031,494.25,21.093047827819163,15.271771704136436,9.880822436534162,15.674999999999995,0.5720431219176859,13.602625,0.6871930072160707,9.1125,2.977900546805865,3.0436802070959166,1.5629162401382402,68.985,2.8788249917862854,61.781375,1.616933588359976,47.1875,3.7992049606902425,9.729919706876563,2.766117113549073,99253.3475,105.35940216706273,99136.7895,98.72976114205136,99017.2,62.412373239072224,106.52739104297612,30.22785314337996,1311.2475,241.7272721305287,964.25525,69.36405924119975,800.0325,76.09170317233455,225.7723135519659,118.7625464205845,14.5,1.2909944487358056,83.82,,38.833333333333336,,11.59,,,,0.125,0.25,0.2142857142857142,,44023.0,,,,-0.022869741389584,0.0457394827791681,38117.0,,5144.232401437555,,,,0.0906953879156238,0.1813907758312477,114351.0,,,,0.125,0.25,3.0,,0.7337,,,,-0.0745222473199239,0.1490444946398479,0.6525666666666666,,0.556,,0.0898496707469389,,1.25,2.5,50.0,,1.25,2.5,50.0,,1.25,2.5,50.0,,0.25,0.5,19.87,,0.0,0.0,1774.5,76.43079658532068,1699.4110576923076,33.75047405684465,1659.25,18.997806890972093,35.631434453454034,23.214187070706405,1.1775,0.0095742710775633,1.1590705128205128,0.0196479326075999,1.1425,0.0419324854180303,0.0159859246341223,0.0235929046286041,24924.63375,2185.373945466294,24155.397019230768,2154.273010876397,23391.5075,2111.3400681182707,501.9866911768714,23.22065680491401,6.125,0.025166114784236,6.040608974358975,0.0334371534096337,5.9675,0.0386221007541882,0.0503245771569173,0.0095639904602602,0.9,0.0424264068711928,0.8571634615384615,0.018282486943539,0.8374999999999999,0.0095742710775633,0.0191063478488381,0.0124657997325401,32.843375,10.245356878240012,25.33742548076923,0.9173925943352924,23.55425,0.4259525599563095,2.7825524024320267,2.917295226140874,1.001,0.0,1.001,0.0,1.001,0.0,0.0,0.0,958.5,41.58926143449372,917.9623397435896,18.242099432306848,896.25,10.242883708539637,19.250220204518904,12.591456859592082,,0.2142857142857142,,,,38117.0,,,,114351.0,,,,3.0,,,,0.6525666666666666,,,4
trial1_day20,trial1,20,2025-11-03,2025-10-31,2025-11-03,4,80.78,5.25,3.593976442141304,420.19485183333313,60.03184610432372,1.5,1.2909944487358056,120.1481309999999,60.07564202325327,0.0,0.0,,,5.25,3.593976442141304,420.0311656666663,59.97348952673269,1.25,0.5,39453.513172,21226.54547390709,1.0,1.1547005383792517,270.06032724999994,212.05601083104523,3.0,2.160246899469287,240.21280666666647,60.14093541038135,0.0,0.0,0.5,0.5773502691896257,60.007729499999954,0.012346791506231,0.0,0.0,25.4975,0.8849999999999997,23.399375,0.9520733919031458,20.495,1.3935207210515386,1.7516261350772746,0.6650908260144859,654.25,124.63647138779244,536.6284722222222,20.29838936917189,487.25,7.847504911329036,60.77847483062534,44.34328736028553,15.3425,0.7301769192006365,11.254479166666668,0.6308152750220388,8.59,0.8712060605849801,2.4244157356936404,0.3046316998386722,69.005,2.955993910683847,47.46347222222222,3.5726491342447466,35.1075,3.1829271119521434,10.859856552703029,1.4657931561630737,99345.8175,124.02544641457054,99190.3803125,94.95409329509408,99029.2975,64.73193924434315,115.56528097315568,30.340188265093165,2120.06,212.92,1541.3878125,173.47635372049737,750.3924999999999,123.54291005557542,442.4106567060235,90.59599547282656,22.71,1.486091069439106,21.49070833333333,0.848980307486574,20.615,1.3183196375184068,0.9842656075469814,0.7017549085924247,542.375,14.80638938656777,525.0041666666666,10.709552459785067,502.75,17.53805386390786,18.62872688259615,10.788607246142533,15.755,0.2967041174863154,14.175208333333334,1.2521275181702776,11.3625,3.372846226359373,1.948441057132068,1.3655525687665728,69.3525,0.855428742405424,64.17208333333333,4.386164564096217,51.7125,16.197749586490918,8.074077586421001,7.390127074095009,99320.02,99.14656692660864,99180.12404166666,94.21305399724989,99058.6925,127.69027380736426,129.80531973899645,58.46630387047694,1343.05,594.0164122872925,932.5985833333332,160.18085686437544,763.855,88.1023289514339,264.1147405233916,286.11380479513514,18.5,1.2909944487358056,117.765,96.41400961478575,53.09392857142856,41.45211474197223,9.89,1.8384776310850235,-0.0714285714285714,,0.2976190476190476,0.6937524897301651,0.4642857142857143,0.0505076272276105,42845.5,1160.3622279271244,818.0714285714275,,-0.0479492053221582,0.1149581195021627,30167.464285714286,578.4638546378227,9333.942009958506,3772.881519719972,-24850.0,,0.1755922978521104,0.4343695481973199,195884.0,17571.603512485704,-1.0,,0.2976190476190476,0.6937524897301651,6.5,0.7071067811865476,0.9453,0.0394565583902093,-0.0277880952380951,,0.0314526669091185,0.0890177859680387,0.744677380952381,0.0196491505791146,0.4047,0.0432749350086167,0.1971213526608705,0.0333168730713095,8.0,5.477225575051661,106.66666666666669,15.275252316519468,8.0,5.656854249492381,106.66666666666669,23.09401076758503,8.0,5.477225575051661,106.66666666666669,15.275252316519468,0.0,0.0,,,0.0,0.0,1761.75,104.96150087849672,1668.8910256410256,0.7044285573239089,1621.75,45.988223130130464,44.15492313982806,43.470423104779,1.1575,0.005,1.1544471153846152,0.0045578512089578,1.1462499999999998,0.0047871355387816,0.0036938417692103,0.0016909293639634,28917.1425,1007.1660489421128,19701.84522435897,10536.851284674718,13821.915,15954.260685556696,6981.167297287664,7639.981193920489,6.3325,0.026299556396766,6.201891025641026,0.0571711623428977,6.07,0.1083205120618129,0.0951585199132607,0.0429322757444281,0.9305,0.0814063879557371,0.8909198717948716,0.0606074665231631,0.8325,0.005,0.04237374841164,0.0364268455586973,24.701249999999995,0.8215762796803069,23.37053125,0.7029044830128641,22.39975,1.6087523892756148,0.7273648811256683,0.743764055693112,1.001,0.0,1.001,0.0,1.001,0.0,0.0,0.0,951.5,57.0701322935211,901.451923076923,0.254560636559806,876.0,24.73863375370596,23.866285688763178,23.428802347495694,-0.0714285714285714,0.4285714285714285,-0.1428571428571429,-0.0714285714285715,818.0714285714275,30576.5,0.0274904108799907,818.071428571426,-24850.0,183459.0,-0.1192939335314364,-24850.0,-1.0,6.0,-0.1428571428571428,-1.0000000000000024,-0.0277880952380951,0.7307833333333335,-0.0366321406151912,-0.0277880952380949,4
trial1_day24,trial1,24,2025-11-07,2025-11-04,2025-11-07,4,139.28,0.5,1.0,114.811127,,3.75,2.0615528128088303,225.11267324999983,123.7339428643222,7.0,1.4142135623730951,460.4825,181.8347631550872,4.75,0.957427107756338,281.47461524999983,56.63928385807906,1.0,0.0,49221.636207,16877.046385700432,0.0,0.0,,,1.25,1.5,150.00732774999994,42.403957998657056,0.0,0.0,0.25,0.5,60.003416,,0.0,0.0,23.7175,0.4263312483660242,22.9271875,0.4971705096091276,21.07,2.279678339883356,0.8534382054114644,0.7149416535378997,576.25,51.40282093426391,492.84375,23.191093611916333,456.0,19.131126469708992,42.50102072262773,19.597066897848247,18.57,2.246167105686188,15.271562499999998,1.5559493936580977,12.0325,2.3505229914496333,2.218771143598888,0.4054431229749132,77.1675,15.724592999502407,62.626875,8.243613342309308,49.5675,9.883472314930618,9.51915084827647,2.3862333795695085,99629.1025,329.9915324544923,99366.876875,299.5126473061776,99018.8725,222.35741369470816,234.24671341364507,60.91260941960105,1442.2575,360.0310445294962,1054.4915625,260.8711134520723,637.24,479.87872488786167,274.7309358172413,52.81553313725382,21.9725,0.4984893847081064,20.28,0.4787004978759328,18.8175,1.106356633278801,1.3214954575620963,0.643082599473725,535.0,20.688160865577203,514.5375,10.00361393030872,493.0,8.286535263104035,17.352518075515405,6.636024556807203,18.5,1.7061457538362104,15.812375,1.4941946200211011,13.195,2.7691454758944443,2.092178068594781,1.400572349334851,91.925,12.857891221606543,76.60775000000001,7.5299798195834065,57.4275,10.5346994103613,13.981880336054903,7.929103264548721,99736.8725,225.2917353677221,99386.679125,115.22923239017918,99080.4325,210.8165362544699,299.1620772677437,173.30338833103437,1133.115,299.853267727178,581.924625,170.75371677427458,191.4875,309.47509930795184,385.33001923029207,218.86887417020387,22.5,1.2909944487358056,232.7025,17.86464175403471,92.54381944444444,34.37380980234708,15.9925,2.344943140746346,-0.0714285714285714,0.0714285714285714,0.0347222222222222,0.3266104448973569,0.5714285714285714,0.1010152544552211,42705.0,1504.5936328457594,-204.01851851851825,3018.206894321789,0.0599336908616415,0.1425090508920042,36746.42013888889,1585.4854869139897,3832.6441087009352,1251.003970694563,-39414.66666666666,25607.546472345475,0.1225254513851002,0.5061872253219131,293371.25,49863.34866663088,-1.0,1.0,0.0347222222222222,0.3266104448973568,8.0,1.4142135623730951,0.9241,0.052762549849933,0.0172166666666666,0.0206442603672573,0.0082662011113015,0.0397107948248037,0.71745625,0.0256084543467148,0.4711999999999999,0.1101988808170633,0.1659834969908062,0.0468471572621064,0.75,0.957427107756338,15.0,7.071067811865476,0.5,0.5773502691896257,10.0,0.0,0.75,0.957427107756338,15.0,7.071067811865476,7.5,1.914854215512676,490.515,210.44439336793937,0.0,0.0,2733.875,471.1709482767375,2112.310096153846,83.8600667535266,1818.125,216.94022794309035,314.6080746616497,237.2747258938789,1.165,0.0057735026918962,1.080625,0.1432612464074713,0.8574999999999999,0.5716861026822324,0.1351886410292171,0.2579659584550358,3753.5925,1174.3246319587272,2357.3651682692307,626.3419119781413,632.6949999999999,777.0468689532183,1186.7486863785657,730.7286764198451,6.3325,0.0236290781312629,6.16375,0.0780268828317808,5.995,0.1723368793961411,0.1125004808034267,0.0507131684637571,1.415,0.2603203155089257,1.0986378205128204,0.047082428877758,0.9725,0.0567890834580027,0.1555417358567385,0.1134030485765571,33.12125,6.248740373067197,25.970259615384617,0.6909488003903369,23.254875,1.6123255655005495,2.6116987096130946,1.764249035055449,1.0015,0.0005773502691896,1.0011055555555557,0.0001222222222222,1.001,0.0,0.0002156488932999,0.0002491347971789,1476.375,254.1664071036926,1140.9358974358977,45.28753560307014,982.25,117.1021633731276,169.86471227102936,128.0472395772555,-0.2142857142857143,0.4285714285714285,-0.3333333333333334,-0.0714285714285712,-612.0555555555547,37578.5,-0.0160263590474666,24.8458333333364,-118244.0,225471.0,-0.3440175726983111,-37262.09999999993,-3.0,6.0,-0.3333333333333333,-0.999999999999998,0.05165,0.7534833333333334,0.0735929707907861,0.0175791666666667,4
trial1_day28,trial1,28,2025-11-11,2025-11-08,2025-11-11,3,218.28,0.6666666666666666,1.1547005383792517,119.926261,,6.0,1.7320508075688772,360.0648436666664,103.9784655829247,7.333333333333333,1.1547005383792517,440.23,69.28206766545006,3.0,1.7320508075688772,180.02596166666652,103.96551092687376,1.0,0.0,45014.73971666666,21902.08446267468,0.6666666666666666,0.5773502691896258,60.05030349999995,0.0359146605233189,2.0,1.0,120.0051901666666,59.996127609548,0.0,0.0,0.3333333333333333,0.5773502691896258,60.0849894999999,,0.0,0.0,23.96,0.8214621111165133,23.160833333333333,0.5154751044748274,21.786666666666665,1.0244185342589884,0.6970385782930002,0.185015757590831,605.8333333333334,97.27838060603874,496.7083333333333,46.44352809685471,439.1666666666667,18.923089952048883,53.59620200366387,25.23719936696566,19.07333333333333,0.6863186820518106,16.006249999999998,0.3692327348705688,13.573333333333332,0.4768997099321125,2.170699243118328,0.4411509471530078,83.39333333333333,4.002703253219427,64.84333333333333,2.1034868126121773,54.43000000000001,2.957752525144727,10.34173462785708,0.8630778654913974,99633.62,102.56047386785768,99282.34125,179.67354397541948,98945.74666666666,270.2114108125909,250.80270458486868,146.3693184620738,1305.2666666666669,130.21728469497947,1002.2783333333332,87.91738171905106,458.85,143.98764773410252,297.7001551349749,30.03640729520577,22.94666666666667,1.1696723187856206,21.123,0.7320020491774589,19.98333333333333,0.6185736280616347,1.222424410521387,0.1592937773700764,591.6666666666666,15.50268793897798,556.9,14.211527011549444,509.6666666666667,37.2066302335126,38.75247409275588,24.69754294530991,18.85,0.2475883680627986,17.819,1.1970893868045096,16.11,3.129265089441929,1.371285016632225,1.669321550233289,91.42333333333332,2.29053123386985,82.10616666666668,7.69067643860625,65.94333333333333,16.383865030368543,11.457171961093806,6.605095392767286,99499.83,189.68897068622616,99250.83266666668,229.8009519618708,99056.85666666667,239.73647747752256,218.9264238702341,88.9215312719678,961.8466666666668,511.7621228982596,464.81950000000006,215.4509244717925,201.53666666666663,60.352236357349135,333.06638604859745,192.4028909284456,26.0,1.0,246.78,124.1516117495057,83.95551515151514,24.25470401752949,10.296666666666669,2.843700640597272,0.0952380952380952,0.1797579627445416,0.2252525252525252,0.3940132020988911,0.7380952380952381,0.0412393049421161,44147.333333333336,259.1087287864562,-1789.7333333333336,5844.897104738991,-0.038741426093002,0.1864044441530089,30274.342424242423,2523.005350215816,8594.24634882653,982.2200490908112,32207.33333333333,49437.68374765684,0.1394271162178691,0.2172735729692293,311883.6666666667,10232.57867467108,1.3333333333333333,2.516611478423583,0.2252525252525253,0.3940132020988911,10.333333333333334,0.5773502691896257,0.9094666666666668,0.0767329351278402,-0.0198977777777777,0.0740125709499168,-0.0234531461787646,0.1033066649985254,0.6646457575757575,0.0257791481873862,0.4347666666666667,0.0986678434614506,0.1586906325119836,0.0561830380521861,1.0,1.0,15.0,7.071067811865476,1.0,1.0,15.0,7.071067811865476,1.0,1.0,15.0,7.071067811865476,7.333333333333333,1.5275252316519463,440.2166666666667,91.747619769307,0.0,0.0,2060.333333333333,331.78507099225146,1897.5010683760684,96.92482798058148,1828.6666666666667,14.153915830374764,73.46073277450014,103.10529888203136,0.3899999999999999,0.6754998149518621,0.0649999999999999,0.112583302491977,0.0,0.0,0.1518072941114969,0.2629379463606643,1168.82,2024.4556249026552,525.6086111111111,910.380819340156,0.0,0.0,573.9176357696202,994.0545045127916,6.170000000000001,0.0173205080756889,6.135192307692308,0.0155251328549668,6.096666666666667,0.0115470053837927,0.0213837929265234,0.0038280168713009,1.0533333333333332,0.17925772879665,0.961965811965812,0.0517828643947646,0.9233333333333332,0.0057735026918962,0.0402029619987557,0.0553490725552557,30.898666666666667,7.357448221586975,26.75498931623932,1.5176775381211354,25.07433333333334,0.336728872140976,1.8848697774244,2.5590130277523,1.001,0.0,1.001,0.0,1.001,0.0,0.0,0.0,1112.6666666666667,178.89195994603372,1024.9358974358977,52.291967140433485,987.3333333333334,7.505553499465136,39.64409695189033,55.624529619346966,0.0,0.7142857142857143,0.0,-4.2389214596818164e-16,1016.2999999999992,32209.3,0.0325810277946975,508.15000000002544,10163.0,322093.0,0.0325810277946975,5081.500000000104,0.0,10.0,0.0,-6.295942965431736e-15,0.03847,0.69379,0.058704144540072,0.0192350000000002,3
trial2_day0,trial2,0,2026-01-20,2026-01-17,2026-01-20,1,4.730000000000002,,,,,,,,,,,,,,,,,,,,,,,,,,,,,,,,,,,,,,,,,,,,,,,,,,,,,,,,,,,,,,,,,,,,,,,,,,,,,,,,,,,,,,,,,,,,,,,,,,,,,,,,,,,,,,,,,,,,,,,,,,,,,,,,,,,,,0.0,,93.27,,34.47666666666667,,10.07,,,,,,0.6428571428571429,,68393.0,,,,,,33908.22222222222,,14943.59785809443,,,,,,305174.0,,,,,,9.0,,0.983,,,,,,0.8787777777777778,,0.7345,,0.0745626377245631,,,,,,,,,,,,,,,,,,,,,,,,,,,,,,,,,,,,,,,,,,,,,,,,,,,,,,,,,,,,,,,,,,,,,,,,,,,,,,,,,,,,,0.6428571428571429,,,,33908.22222222222,,,,305174.0,,,,9.0,,,,0.8787777777777778,,,1
trial2_day4,trial2,4,2026-01-24,2026-01-21,2026-01-24,4,13.080000000000002,,,,,,,,,,,,,,,,,,,,,,,,,,,,,,,,,,,,,,,,,,,,,,,,,,,,,,,,,,,,,,,,,,,,,,,,,,,,,,,,,,,,,,,,,,,,,,,,,,,,,,,,,,,,,,,,,,,,,,,,,,,,,,,,,,,,,2.5,1.2909944487358056,86.78,3.296129042781346,29.75156944444445,2.41286262051178,11.3875,0.0750000000000006,0.0,0.1543033499620918,0.0152777777777778,0.1948606656366175,0.7321428571428571,0.0898789813722708,68212.75,6192.205389304632,339.80555555555657,4041.1909083838286,0.0141562354778143,0.105128310656805,38288.07361111111,2631.984236593065,14707.7182919464,2658.827930917324,3058.25,116666.11513310108,0.040254267095115,0.264189413204816,394350.0,71222.21847616561,0.0,2.160246899469287,0.0152777777777777,0.1948606656366175,10.25,1.2583057392117916,0.984075,0.0049080715832866,0.0010166666666666,0.0104182431794665,0.001206226589287,0.0116633463445414,0.8887844444444444,0.0062398820818234,0.7322,0.0097556821049751,0.0711790366456648,0.0042734200850254,,,,,,,,,,,,,,,,,,,,,,,,,,,,,,,,,,,,,,,,,,,,,,,,,,,,,,,,,,,,,,,,,,,,,,,,,,,,,,,,,,,-0.0714285714285714,0.6428571428571429,-0.0999999999999999,-0.0071428571428572,-1632.5555555555547,35267.444444444445,-0.0442426979825353,-473.8016666666679,-51593.0,317407.0,-0.1398184281842818,-7203.799999999985,-1.0,9.0,-0.1,-0.1000000000000006,-0.0028155555555555,0.8828444444444444,-0.0031790478914657,-6.133333333332676e-05,4
trial2_day8,trial2,8,2026-01-28,2026-01-25,2026-01-28,4,19.83,,,,,,,,,,,,,,,,,,,,,,,,,,,,,,,,,,,,,,,,,,,,,,,,,,,,,,,,,,,,,,,,,,,,,,,,,,,,,,,,,,,,,,,,,,,,,,,,,,,,,,,,,,,,,,,,,,,,,,,,,,,,,,,,,,,,,6.5,1.2909944487358056,68.64,14.484663153372493,32.223641865079365,3.891552829282341,9.5525,1.6936622055966968,-0.0178571428571428,0.1878539742626131,0.0246031746031745,0.353797382061456,0.5178571428571428,0.1219875091185666,55559.75,15783.122850585263,1825.4201388888887,3682.635161595393,0.0518287729167933,0.1031497733835695,37209.98283730159,3644.173332000689,9273.528812516748,4210.278594325727,5786.5,112201.963216633,0.0919733017213994,0.4169624628753048,271981.25,77586.2360532889,-0.25,2.6299556396765835,0.0246031746031745,0.353797382061456,7.25,1.707825127659933,0.933325,0.0397125819692785,-0.0220861111111111,0.0456505489579764,-0.0249598983610352,0.0518535677707906,0.8698205555555556,0.0517940385649178,0.7820999999999999,0.0823887937363652,0.0525756998441006,0.0191629778434455,,,,,,,,,,,,,,,,,,,,,,,,,,,,,,,,,,,,,,,,,,,,,,,,,,,,,,,,,,,,,,,,,,,,,,,,,,,,,,,,,,,-0.0714285714285715,0.5714285714285714,-0.1111111111111112,-0.007142857142857,6353.347222222219,42569.125,0.1754303679795791,2015.9870238095275,14611.0,340553.0,0.0448269937596259,12048.700000000064,-1.0,8.0,-0.1111111111111111,-0.0999999999999985,-0.1043222222222222,0.7945,-0.1160654683907335,-0.0343326666666666,4
trial2_day12,trial2,12,2026-02-01,2026-01-29,2026-02-01,4,27.28,,,,,,,,,,,,,,,,,,,,,,,,,,,,,,,,,,,,,,,,,,,,,,,,,,,,,,,,,,,,,,,,,,,,,,,,,,,,,,,,,,,,,,,,,,,,,,,,,,,,,,,,,,,,,,,,,,,,,,,,,,,,,,,,,,,,,10.5,1.2909944487358056,81.1975,69.1533418691148,32.47264880952381,8.567012794638382,8.684999999999999,0.4158124577258361,-0.0357142857142857,0.0922138891954146,-0.056547619047619,0.1806427488749228,0.4821428571428571,0.0683876505540241,74471.25,1338.8040371914033,1276.552083333334,4381.691666825464,0.0322923530477012,0.0972510382680061,45373.46130952382,2573.277346296228,14408.965285702112,510.8161927714006,-13625.25,78928.52852792412,-0.020670705478616,0.2280900885441985,306875.0,52597.200445144095,-0.5,1.2909944487358056,-0.056547619047619,0.1806427488749228,6.75,0.957427107756338,0.934075,0.0225159758097815,0.0051,0.032130017677407,0.0069365459415392,0.0396905772949691,0.8346251488095239,0.0164051437106762,0.6885749999999999,0.0325310492709145,0.0930841848320425,0.0151107709503338,,,,,,,,,,,,,,,,,,,,,,,,,,,,,,,,,,,,,,,,,,,,,,,,,,,,,,,,,,,,,,,,,,,,,,,,,,,,,,,,,,,-0.1428571428571428,0.4285714285714285,-0.25,-0.0357142857142856,182.58333333333576,47675.333333333336,0.0038444464330521,132.4845238095219,-93890.0,286052.0,-0.2471166651752109,-23345.599999999955,-2.0,6.0,-0.25,-0.4999999999999985,-0.0284124999999999,0.8149000000000001,-0.0336915437634328,-0.0108982738095237,4
trial2_day16,trial2,16,2026-02-05,2026-02-02,2026-02-05,3,42.28,,,,,,,,,,,,,,,,,,,,,,,,,,,,,,,,,,,,,,,,,,,,,,,,,,,,,,,,,,,,,,,,,,,,,,,,,,,,,,,,,,,,,,,,,,,,,,,,,,,,,,,,,,,,,,,,,,,,,,,,,,,,,,,,,,,,,14.0,1.0,37.74,4.268067478379416,21.44236904761905,2.34516167155514,9.906666666666666,1.0206533855003543,-0.0238095238095237,0.1649572197684644,-0.0218253968253968,0.3060897721284769,0.4761904761904762,0.1091089451179961,78219.33333333333,9660.96435835126,131.35555555555524,4757.887025879024,0.0057761149956291,0.0965190723503685,51048.49047619047,2622.884871715132,14446.295740307083,3392.5651061088897,-15235.0,140777.24006031657,-0.0010872124804502,0.3756625996916991,342648.3333333333,91463.64155408056,-0.3333333333333333,2.309401076758503,-0.0218253968253968,0.3060897721284769,6.666666666666667,1.5275252316519463,0.8780333333333333,0.0510364902137023,-0.0451266666666667,0.0300954190555515,-0.0582569892225343,0.0375010510549629,0.7252769047619049,0.056255703458393,0.5876666666666667,0.0584214287169813,0.1258624707128554,0.0155447283680285,,,,,,,,,,,,,,,,,,,,,,,,,,,,,,,,,,,,,,,,,,,,,,,,,,,,,,,,,,,,,,,,,,,,,,,,,,,,,,,,,,,-0.1428571428571428,0.3571428571428571,-0.2857142857142857,-0.0714285714285715,-4941.171428571426,48069.4,-0.0932110576327093,-2470.5857142857035,-130727.0,240347.0,-0.3522936125947924,-65363.50000000005,-2.0,5.0,-0.2857142857142857,-1.0000000000000018,-0.1085657142857144,0.6795199999999999,-0.1377587644563682,-0.0542828571428571,3
trial2_day20,trial2,20,2026-02-09,2026-02-06,2026-02-09,2,80.78,,,,,,,,,,,,,,,,,,,,,,,,,,,,,,,,,,,,,,,,,,,,,,,,,,,,,,,,,,,,,,,,,,,,,,,,,,,,,,,,,,,,,,,,,,,,,,,,,,,,,,,,,,,,,,,,,,,,,,,,,,,,,,,,,,,,,19.5,0.7071067811865476,19.16,,19.16,,19.16,,-0.2857142857142857,,-0.4,0.5656854249492381,0.0714285714285714,,68435.0,,20365.6,,0.2118353880015144,0.2995804787023086,68435.0,,,,-171912.0,,-0.3576329223996971,0.5057693292087764,68435.0,,-4.0,,-0.4,0.5656854249492381,1.0,,0.8719,,0.1923800000000001,,0.1415558040970097,0.2001901379866201,0.8719,,0.8719,,,,,,,,,,,,,,,,,,,,,,,,,,,,,,,,,,,,,,,,,,,,,,,,,,,,,,,,,,,,,,,,,,,,,,,,,,,,,,,,,,,,,,,0.0714285714285714,,,,68435.0,,,,68435.0,,,,1.0,,,,0.8719,,,2
trial2_day24,trial2,24,2026-02-13,2026-02-10,2026-02-13,4,139.28,,,,,,,,,,,,,,,,,,,,,,,,,,,,,,,,,,,,,,,,,,,,,,,,,,,,,,,,,,,,,,,,,,,,,,,,,,,,,,,,,,,,,,,,,,,,,,,,,,,,,,,,,,,,,,,,,,,,,,,,,,,,,,,,,,,,,22.5,1.2909944487358056,13.23,,13.23,,13.23,,,,0.0,0.0,0.0714285714285714,,84947.0,,,,0.0603200116899247,0.1206400233798494,84947.0,,,,,,0.0603200116899247,0.1206400233798494,84947.0,,,,0.0,0.0,1.0,,0.639,,,,-0.0667794471843101,0.1335588943686202,0.639,,0.639,,,,,,,,,,,,,,,,,,,,,,,,,,,,,,,,,,,,,,,,,,,,,,,,,,,,,,,,,,,,,,,,,,,,,,,,,,,,,,,,,,,,,,,0.0714285714285714,,,,84947.0,,,,84947.0,,,,1.0,,,,0.639,,,4
trial2_day28,trial2,28,2026-02-17,2026-02-14,2026-02-17,3,218.28,,,,,,,,,,,,,,,,,,,,,,,,,,,,,,,,,,,,,,,,,,,,,,,,,,,,,,,,,,,,,,,,,,,,,,,,,,,,,,,,,,,,,,,,,,,,,,,,,,,,,,,,,,,,,,,,,,,,,,,,,,,,,,,,,,,,,26.0,1.0,,,,,,,,,0.0,0.0,,,,,,,0.0,0.0,,,,,,,0.0,0.0,,,,,0.0,0.0,,,,,,,0.0,0.0,,,,,,,,,,,,,,,,,,,,,,,,,,,,,,,,,,,,,,,,,,,,,,,,,,,,,,,,,,,,,,,,,,,,,,,,,,,,,,,,,,,,,,,,,,,,,,,,,,,,,,,,,,,,,3
