sample_id,trial,day,date,window_days_count,target_median_fw_g,model,pred_median_fw_g,abs_error_g
trial1_day0,trial1,0,2025-10-14,1,4.730000000000002,Ridge,6.246500416026251,1.5165004160262487
trial1_day0,trial1,0,2025-10-14,1,4.730000000000002,ElasticNet,0.6067483828591094,4.123251617140893
trial1_day0,trial1,0,2025-10-14,1,4.730000000000002,SVR-RBF,47.21833444845347,42.488334448453465
trial1_day0,trial1,0,2025-10-14,1,4.730000000000002,RandomForest,54.150625000000076,49.42062500000007
trial1_day0,trial1,0,2025-10-14,1,4.730000000000002,GradBoost,45.42910253365241,40.69910253365241
trial1_day0,trial1,0,2025-10-14,1,4.730000000000002,XGBoost,32.16988754272461,27.439887542724605
trial1_day4,trial1,4,2025-10-18,4,13.080000000000002,Ridge,43.702776951177974,30.622776951177972
trial1_day4,trial1,4,2025-10-18,4,13.080000000000002,ElasticNet,44.04571141249712,30.965711412497118
trial1_day4,trial1,4,2025-10-18,4,13.080000000000002,SVR-RBF,45.27964495642829,32.19964495642829
trial1_day4,trial1,4,2025-10-18,4,13.080000000000002,RandomForest,51.66931249999993,38.589312499999934
trial1_day4,trial1,4,2025-10-18,4,13.080000000000002,GradBoost,51.22513001418696,38.14513001418696
trial1_day4,trial1,4,2025-10-18,4,13.080000000000002,XGBoost,28.644258499145508,15.564258499145506
trial1_day8,trial1,8,2025-10-22,4,19.83,Ridge,45.972274844421364,26.142274844421365
trial1_day8,trial1,8,2025-10-22,4,19.83,ElasticNet,49.69550588054,29.86550588054
trial1_day8,trial1,8,2025-10-22,4,19.83,SVR-RBF,46.52407019458771,26.69407019458771
trial1_day8,trial1,8,2025-10-22,4,19.83,RandomForest,65.0737499999999,45.243749999999906
trial1_day8,trial1,8,2025-10-22,4,19.83,GradBoost,74.85828138705507,55.028281387055074
trial1_day8,trial1,8,2025-10-22,4,19.83,XGBoost,46.506019592285156,26.676019592285158
trial1_day12,trial1,12,2025-10-26,4,27.28,Ridge,32.62110868406059,5.341108684060586
trial1_day12,trial1,12,2025-10-26,4,27.28,ElasticNet,33.086977201830216,5.806977201830215
trial1_day12,trial1,12,2025-10-26,4,27.28,SVR-RBF,41.90655693551858,14.626556935518579
trial1_day12,trial1,12,2025-10-26,4,27.28,RandomForest,45.844625000000015,18.564625000000014
trial1_day12,trial1,12,2025-10-26,4,27.28,GradBoost,70.2800567961268,43.0000567961268
trial1_day12,trial1,12,2025-10-26,4,27.28,XGBoost,12.194376945495605,15.085623054504396
trial1_day16,trial1,16,2025-10-30,4,42.28,Ridge,75.24137050419262,32.961370504192615
trial1_day16,trial1,16,2025-10-30,4,42.28,ElasticNet,69.86508170571787,27.58508170571787
trial1_day16,trial1,16,2025-10-30,4,42.28,SVR-RBF,35.99250058032893,6.287499419671072
trial1_day16,trial1,16,2025-10-30,4,42.28,RandomForest,55.44600000000002,13.166000000000018
trial1_day16,trial1,16,2025-10-30,4,42.28,GradBoost,51.87305441323794,9.593054413237937
trial1_day16,trial1,16,2025-10-30,4,42.28,XGBoost,26.668296813964844,15.611703186035157
trial1_day20,trial1,20,2025-11-03,4,80.78,Ridge,82.37963803971226,1.5996380397122607
trial1_day20,trial1,20,2025-11-03,4,80.78,ElasticNet,79.9976430664377,0.7823569335622977
trial1_day20,trial1,20,2025-11-03,4,80.78,SVR-RBF,32.78495992253128,47.99504007746872
trial1_day20,trial1,20,2025-11-03,4,80.78,RandomForest,63.100624999999916,17.679375000000086
trial1_day20,trial1,20,2025-11-03,4,80.78,GradBoost,81.07703275378796,0.2970327537879598
trial1_day20,trial1,20,2025-11-03,4,80.78,XGBoost,80.85208129882812,0.07208129882812386
trial1_day24,trial1,24,2025-11-07,4,139.28,Ridge,159.66114202349826,20.381142023498256
trial1_day24,trial1,24,2025-11-07,4,139.28,ElasticNet,165.1639765686496,25.883976568649587
trial1_day24,trial1,24,2025-11-07,4,139.28,SVR-RBF,32.23383492261171,107.04616507738828
trial1_day24,trial1,24,2025-11-07,4,139.28,RandomForest,102.11124999999976,37.168750000000244
trial1_day24,trial1,24,2025-11-07,4,139.28,GradBoost,130.73340747001583,8.546592529984167
trial1_day24,trial1,24,2025-11-07,4,139.28,XGBoost,74.77418518066406,64.50581481933594
trial1_day28,trial1,28,2025-11-11,3,218.28,Ridge,74.16743527906294,144.11256472093706
trial1_day28,trial1,28,2025-11-11,3,218.28,ElasticNet,87.8539746803361,130.4260253196639
trial1_day28,trial1,28,2025-11-11,3,218.28,SVR-RBF,32.271584611684084,186.0084153883159
trial1_day28,trial1,28,2025-11-11,3,218.28,RandomForest,72.78024999999984,145.49975000000018
trial1_day28,trial1,28,2025-11-11,3,218.28,GradBoost,76.60241805903598,141.67758194096402
trial1_day28,trial1,28,2025-11-11,3,218.28,XGBoost,129.58941650390625,88.69058349609375
