trial,plant_id,day_t,day_future,fw_t,fw_future,gain_prev_4d,cup_mask_area_t,cup_color_t,pheno_mask_t,pheno_mask_future,env_act_day_light_duration_s_sum_wmean,env_day_air_temp_c_mean_wmean,env_day_co2_ppm_mean_wmean,env_day_humidity_pct_mean_wmean,env_day_vpd_pa_mean_wmean,env_night_air_temp_c_mean_wmean,env_night_humidity_pct_mean_wmean,env_night_vpd_pa_mean_wmean,exp_day_wmean,has_plant_cup_image,img_coverage_frac_wmean,img_mask_area_mean_wmean,img_mask_area_sum_wmean,nutrient_ec_us_cm_mean_wmean,plant_img_mask_area_px_last,plant_img_mask_area_px_wmean,win_img_coverage_frac_slope,win_img_mask_area_sum_delta,win_img_mask_area_sum_slope
trial1,1,0,4,4.48,12.880000000000004,,,,76366.0,57189.6875,57660.127822,23.05625,462.75,58.945,1166.9025,21.4725,69.2925,788.74,0.0,0.0,0.0714285714285714,76366.0,76366.0,1300.625,,,,,
trial1,1,4,8,12.880000000000004,19.08,8.400000000000004,,,57189.6875,38634.5,57660.05613525001,22.993125,486.8125,59.252812500000005,1144.2325,21.33725,67.897875,821.69025,2.5,0.0,0.1964285714285714,57189.6875,154496.75,1360.721955128205,,,0.0214285714285714,52444.0,16020.899999999998
trial1,1,8,12,19.08,26.78,6.199999999999994,,,38634.5,41955.0,48855.064053,23.0415625,517.7621527777778,61.59121527777778,1078.6539236111112,21.445291666666662,72.77795833333334,707.202125,6.5,1.0,0.3928571428571428,40375.65178571429,221773.5,1520.265224358974,38662.0,38634.5,-0.1571428571428572,-302796.0,-94028.60000000003
trial1,1,12,16,26.78,40.78,7.700000000000003,,,41955.0,38117.0,46965.04450875,22.27142361111111,509.3958333333333,58.64802083333333,1109.1780555555554,20.752,69.59279166666667,740.3591666666666,10.5,0.0,0.1428571428571428,41955.0,83910.0,1550.5176282051282,,,,,
trial1,1,16,20,40.78,78.78,14.0,,,38117.0,28645.0,46703.136977,22.738125,486.5,49.456875,1408.6778125,21.509125000000004,61.781375,964.25525,14.5,0.0,0.2142857142857142,38117.0,114351.0,1699.4110576923076,,,,,
trial1,1,20,24,78.78,135.78,38.0,,,28645.0,37818.0,39453.513172,23.399375,536.6284722222222,47.46347222222222,1541.3878125,21.49070833333333,64.17208333333333,932.5985833333332,18.5,1.0,0.4642857142857143,30167.464285714286,195884.0,1668.8910256410256,28645.0,28645.0,-0.0714285714285715,-24850.0,-24850.0
trial1,1,24,28,135.78,213.78,57.0,,,37818.0,31691.0,49221.636207,22.9271875,492.84375,62.626875,1054.4915625,20.28,76.60775000000001,581.924625,22.5,1.0,0.5714285714285714,36746.42013888889,293371.25,2112.310096153846,33013.0,37818.0,-0.0714285714285712,-118244.0,-37262.09999999993
trial1,2,0,4,4.880000000000003,11.079999999999998,,,,76366.0,42183.0,57660.127822,23.05625,462.75,58.945,1166.9025,21.4725,69.2925,788.74,0.0,0.0,0.0714285714285714,76366.0,76366.0,1300.625,,,,,
trial1,2,4,8,11.079999999999998,18.18,6.199999999999996,42183.0,0.3549,42183.0,32096.666666666668,57660.05613525001,22.993125,486.8125,59.252812500000005,1144.2325,21.33725,67.897875,821.69025,2.5,1.0,0.1964285714285714,57189.6875,154496.75,1360.721955128205,42183.0,42183.0,0.0214285714285714,52444.0,16020.899999999998
trial1,2,8,12,18.18,27.78,7.100000000000001,,,32096.666666666668,41955.0,48855.064053,23.0415625,517.7621527777778,61.59121527777778,1078.6539236111112,21.445291666666662,72.77795833333334,707.202125,6.5,1.0,0.3928571428571428,40375.65178571429,221773.5,1520.265224358974,30959.0,32096.666666666668,-0.1571428571428572,-302796.0,-94028.60000000003
trial1,2,12,16,27.78,45.78,9.600000000000001,,,41955.0,38117.0,46965.04450875,22.27142361111111,509.3958333333333,58.64802083333333,1109.1780555555554,20.752,69.59279166666667,740.3591666666666,10.5,0.0,0.1428571428571428,41955.0,83910.0,1550.5176282051282,,,,,
trial1,2,16,20,45.78,89.78,18.0,,,38117.0,24715.0,46703.136977,22.738125,486.5,49.456875,1408.6778125,21.509125000000004,61.781375,964.25525,14.5,0.0,0.2142857142857142,38117.0,114351.0,1699.4110576923076,,,,,
trial1,2,20,24,89.78,153.78,44.0,,,24715.0,37662.0,39453.513172,23.399375,536.6284722222222,47.46347222222222,1541.3878125,21.49070833333333,64.17208333333333,932.5985833333332,18.5,1.0,0.4642857142857143,30167.464285714286,195884.0,1668.8910256410256,24715.0,24715.0,-0.0714285714285715,-24850.0,-24850.0
trial1,2,24,28,153.78,217.78,64.0,37662.0,0.8292,37662.0,31864.33333333333,49221.636207,22.9271875,492.84375,62.626875,1054.4915625,20.28,76.60775000000001,581.924625,22.5,1.0,0.5714285714285714,36746.42013888889,293371.25,2112.310096153846,37662.0,37729.333333333336,-0.0714285714285712,-118244.0,-37262.09999999993
trial1,3,0,4,6.580000000000002,16.880000000000003,,,,76366.0,57189.6875,57660.127822,23.05625,462.75,58.945,1166.9025,21.4725,69.2925,788.74,0.0,0.0,0.0714285714285714,76366.0,76366.0,1300.625,,,,,
trial1,3,4,8,16.880000000000003,23.980000000000004,10.3,,,57189.6875,40375.65178571429,57660.05613525001,22.993125,486.8125,59.252812500000005,1144.2325,21.33725,67.897875,821.69025,2.5,0.0,0.1964285714285714,57189.6875,154496.75,1360.721955128205,,,0.0214285714285714,52444.0,16020.899999999998
trial1,3,8,12,23.980000000000004,32.78,7.100000000000001,,,40375.65178571429,41955.0,48855.064053,23.0415625,517.7621527777778,61.59121527777778,1078.6539236111112,21.445291666666662,72.77795833333334,707.202125,6.5,0.0,0.3928571428571428,40375.65178571429,221773.5,1520.265224358974,,,-0.1571428571428572,-302796.0,-94028.60000000003
trial1,3,12,16,32.78,49.78,8.799999999999997,,,41955.0,38117.0,46965.04450875,22.27142361111111,509.3958333333333,58.64802083333333,1109.1780555555554,20.752,69.59279166666667,740.3591666666666,10.5,0.0,0.1428571428571428,41955.0,83910.0,1550.5176282051282,,,,,
trial1,3,16,20,49.78,93.78,17.0,,,38117.0,14667.0,46703.136977,22.738125,486.5,49.456875,1408.6778125,21.509125000000004,61.781375,964.25525,14.5,0.0,0.2142857142857142,38117.0,114351.0,1699.4110576923076,,,,,
trial1,3,20,24,93.78,157.78,44.0,,,14667.0,36746.42013888889,39453.513172,23.399375,536.6284722222222,47.46347222222222,1541.3878125,21.49070833333333,64.17208333333333,932.5985833333332,18.5,1.0,0.4642857142857143,30167.464285714286,195884.0,1668.8910256410256,14667.0,14667.0,-0.0714285714285715,-24850.0,-24850.0
trial1,3,24,28,157.78,232.78,64.0,,,36746.42013888889,20666.0,49221.636207,22.9271875,492.84375,62.626875,1054.4915625,20.28,76.60775000000001,581.924625,22.5,0.0,0.5714285714285714,36746.42013888889,293371.25,2112.310096153846,,,-0.0714285714285712,-118244.0,-37262.09999999993
trial1,4,0,4,4.080000000000002,13.980000000000004,,,,76366.0,57189.6875,57660.127822,23.05625,462.75,58.945,1166.9025,21.4725,69.2925,788.74,0.0,0.0,0.0714285714285714,76366.0,76366.0,1300.625,,,,,
trial1,4,4,8,13.980000000000004,20.78,9.900000000000002,,,57189.6875,40375.65178571429,57660.05613525001,22.993125,486.8125,59.252812500000005,1144.2325,21.33725,67.897875,821.69025,2.5,0.0,0.1964285714285714,57189.6875,154496.75,1360.721955128205,,,0.0214285714285714,52444.0,16020.899999999998
trial1,4,8,12,20.78,29.78,6.799999999999997,,,40375.65178571429,41955.0,48855.064053,23.0415625,517.7621527777778,61.59121527777778,1078.6539236111112,21.445291666666662,72.77795833333334,707.202125,6.5,0.0,0.3928571428571428,40375.65178571429,221773.5,1520.265224358974,,,-0.1571428571428572,-302796.0,-94028.60000000003
trial1,4,12,16,29.78,50.78,9.0,,,41955.0,38117.0,46965.04450875,22.27142361111111,509.3958333333333,58.64802083333333,1109.1780555555554,20.752,69.59279166666667,740.3591666666666,10.5,0.0,0.1428571428571428,41955.0,83910.0,1550.5176282051282,,,,,
trial1,4,16,20,50.78,91.78,21.0,,,38117.0,21227.0,46703.136977,22.738125,486.5,49.456875,1408.6778125,21.509125000000004,61.781375,964.25525,14.5,0.0,0.2142857142857142,38117.0,114351.0,1699.4110576923076,,,,,
trial1,4,20,24,91.78,140.78,41.0,,,21227.0,31183.33333333333,39453.513172,23.399375,536.6284722222222,47.46347222222222,1541.3878125,21.49070833333333,64.17208333333333,932.5985833333332,18.5,1.0,0.4642857142857143,30167.464285714286,195884.0,1668.8910256410256,28069.0,21227.0,-0.0714285714285715,-24850.0,-24850.0
trial1,4,24,28,140.78,220.78,49.0,,,31183.33333333333,22327.666666666668,49221.636207,22.9271875,492.84375,62.626875,1054.4915625,20.28,76.60775000000001,581.924625,22.5,1.0,0.5714285714285714,36746.42013888889,293371.25,2112.310096153846,31875.0,31183.33333333333,-0.0714285714285712,-118244.0,-37262.09999999993
trial1,5,0,4,4.98,13.28,,,,76366.0,57189.6875,57660.127822,23.05625,462.75,58.945,1166.9025,21.4725,69.2925,788.74,0.0,0.0,0.0714285714285714,76366.0,76366.0,1300.625,,,,,
trial1,5,4,8,13.28,19.880000000000003,8.299999999999999,,,57189.6875,40375.65178571429,57660.05613525001,22.993125,486.8125,59.252812500000005,1144.2325,21.33725,67.897875,821.69025,2.5,0.0,0.1964285714285714,57189.6875,154496.75,1360.721955128205,,,0.0214285714285714,52444.0,16020.899999999998
trial1,5,8,12,19.880000000000003,25.78,6.600000000000003,,,40375.65178571429,41955.0,48855.064053,23.0415625,517.7621527777778,61.59121527777778,1078.6539236111112,21.445291666666662,72.77795833333334,707.202125,6.5,0.0,0.3928571428571428,40375.65178571429,221773.5,1520.265224358974,,,-0.1571428571428572,-302796.0,-94028.60000000003
trial1,5,12,16,25.78,36.78,5.899999999999999,,,41955.0,38117.0,46965.04450875,22.27142361111111,509.3958333333333,58.64802083333333,1109.1780555555554,20.752,69.59279166666667,740.3591666666666,10.5,0.0,0.1428571428571428,41955.0,83910.0,1550.5176282051282,,,,,
trial1,5,16,20,36.78,65.78,11.0,,,38117.0,25589.5,46703.136977,22.738125,486.5,49.456875,1408.6778125,21.509125000000004,61.781375,964.25525,14.5,0.0,0.2142857142857142,38117.0,114351.0,1699.4110576923076,,,,,
trial1,5,20,24,65.78,123.78,29.0,,,25589.5,32428.5,39453.513172,23.399375,536.6284722222222,47.46347222222222,1541.3878125,21.49070833333333,64.17208333333333,932.5985833333332,18.5,1.0,0.4642857142857143,30167.464285714286,195884.0,1668.8910256410256,28045.0,25589.5,-0.0714285714285715,-24850.0,-24850.0
trial1,5,24,28,123.78,185.78,58.0,,,32428.5,18670.33333333333,49221.636207,22.9271875,492.84375,62.626875,1054.4915625,20.28,76.60775000000001,581.924625,22.5,1.0,0.5714285714285714,36746.42013888889,293371.25,2112.310096153846,32578.0,32428.5,-0.0714285714285712,-118244.0,-37262.09999999993
trial1,6,0,4,3.8800000000000026,7.880000000000003,,,,76366.0,57189.6875,57660.127822,23.05625,462.75,58.945,1166.9025,21.4725,69.2925,788.74,0.0,0.0,0.0714285714285714,76366.0,76366.0,1300.625,,,,,
trial1,6,4,8,7.880000000000003,17.330000000000002,4.0,,,57189.6875,33157.333333333336,57660.05613525001,22.993125,486.8125,59.252812500000005,1144.2325,21.33725,67.897875,821.69025,2.5,0.0,0.1964285714285714,57189.6875,154496.75,1360.721955128205,,,0.0214285714285714,52444.0,16020.899999999998
trial1,6,8,12,17.330000000000002,21.78,9.45,,,33157.333333333336,41955.0,48855.064053,23.0415625,517.7621527777778,61.59121527777778,1078.6539236111112,21.445291666666662,72.77795833333334,707.202125,6.5,1.0,0.3928571428571428,40375.65178571429,221773.5,1520.265224358974,33145.0,33157.333333333336,-0.1571428571428572,-302796.0,-94028.60000000003
trial1,6,12,16,21.78,35.78,4.449999999999999,,,41955.0,38117.0,46965.04450875,22.27142361111111,509.3958333333333,58.64802083333333,1109.1780555555554,20.752,69.59279166666667,740.3591666666666,10.5,0.0,0.1428571428571428,41955.0,83910.0,1550.5176282051282,,,,,
trial1,6,16,20,35.78,69.78,14.0,,,38117.0,30319.0,46703.136977,22.738125,486.5,49.456875,1408.6778125,21.509125000000004,61.781375,964.25525,14.5,0.0,0.2142857142857142,38117.0,114351.0,1699.4110576923076,,,,,
trial1,6,20,24,69.78,125.78,34.0,,,30319.0,34630.0,39453.513172,23.399375,536.6284722222222,47.46347222222222,1541.3878125,21.49070833333333,64.17208333333333,932.5985833333332,18.5,1.0,0.4642857142857143,30167.464285714286,195884.0,1668.8910256410256,30319.0,30319.0,-0.0714285714285715,-24850.0,-24850.0
trial1,6,24,28,125.78,195.78,56.0,34630.0,0.8651,34630.0,37817.333333333336,49221.636207,22.9271875,492.84375,62.626875,1054.4915625,20.28,76.60775000000001,581.924625,22.5,1.0,0.5714285714285714,36746.42013888889,293371.25,2112.310096153846,34630.0,34819.5,-0.0714285714285712,-118244.0,-37262.09999999993
trial1,7,0,4,5.18,13.980000000000004,,,,76366.0,57189.6875,57660.127822,23.05625,462.75,58.945,1166.9025,21.4725,69.2925,788.74,0.0,0.0,0.0714285714285714,76366.0,76366.0,1300.625,,,,,
trial1,7,4,8,13.980000000000004,20.980000000000004,8.800000000000004,,,57189.6875,40458.66666666666,57660.05613525001,22.993125,486.8125,59.252812500000005,1144.2325,21.33725,67.897875,821.69025,2.5,0.0,0.1964285714285714,57189.6875,154496.75,1360.721955128205,,,0.0214285714285714,52444.0,16020.899999999998
trial1,7,8,12,20.980000000000004,26.78,7.0,,,40458.66666666666,44642.0,48855.064053,23.0415625,517.7621527777778,61.59121527777778,1078.6539236111112,21.445291666666662,72.77795833333334,707.202125,6.5,1.0,0.3928571428571428,40375.65178571429,221773.5,1520.265224358974,39992.0,40458.66666666666,-0.1571428571428572,-302796.0,-94028.60000000003
trial1,7,12,16,26.78,40.78,5.799999999999997,,,44642.0,35714.0,46965.04450875,22.27142361111111,509.3958333333333,58.64802083333333,1109.1780555555554,20.752,69.59279166666667,740.3591666666666,10.5,1.0,0.1428571428571428,41955.0,83910.0,1550.5176282051282,44642.0,44642.0,,,
trial1,7,16,20,40.78,76.78,14.0,,,35714.0,37889.0,46703.136977,22.738125,486.5,49.456875,1408.6778125,21.509125000000004,61.781375,964.25525,14.5,1.0,0.2142857142857142,38117.0,114351.0,1699.4110576923076,35714.0,35714.0,,,
trial1,7,20,24,76.78,135.78,36.0,,,37889.0,37461.0,39453.513172,23.399375,536.6284722222222,47.46347222222222,1541.3878125,21.49070833333333,64.17208333333333,932.5985833333332,18.5,1.0,0.4642857142857143,30167.464285714286,195884.0,1668.8910256410256,37889.0,37889.0,-0.0714285714285715,-24850.0,-24850.0
trial1,7,24,28,135.78,218.78,59.0,37461.0,0.6749,37461.0,27228.33333333333,49221.636207,22.9271875,492.84375,62.626875,1054.4915625,20.28,76.60775000000001,581.924625,22.5,1.0,0.5714285714285714,36746.42013888889,293371.25,2112.310096153846,37461.0,34259.75,-0.0714285714285712,-118244.0,-37262.09999999993
trial1,8,0,4,4.580000000000002,11.28,,,,76366.0,44775.0,57660.127822,23.05625,462.75,58.945,1166.9025,21.4725,69.2925,788.74,0.0,0.0,0.0714285714285714,76366.0,76366.0,1300.625,,,,,
trial1,8,4,8,11.28,18.380000000000003,6.6999999999999975,44775.0,0.398,44775.0,40694.333333333336,57660.05613525001,22.993125,486.8125,59.252812500000005,1144.2325,21.33725,67.897875,821.69025,2.5,1.0,0.1964285714285714,57189.6875,154496.75,1360.721955128205,44775.0,42602.5,0.0214285714285714,52444.0,16020.899999999998
trial1,8,8,12,18.380000000000003,26.78,7.100000000000003,,,40694.333333333336,41955.0,48855.064053,23.0415625,517.7621527777778,61.59121527777778,1078.6539236111112,21.445291666666662,72.77795833333334,707.202125,6.5,1.0,0.3928571428571428,40375.65178571429,221773.5,1520.265224358974,44803.0,40694.333333333336,-0.1571428571428572,-302796.0,-94028.60000000003
trial1,8,12,16,26.78,42.78,8.399999999999999,,,41955.0,38117.0,46965.04450875,22.27142361111111,509.3958333333333,58.64802083333333,1109.1780555555554,20.752,69.59279166666667,740.3591666666666,10.5,0.0,0.1428571428571428,41955.0,83910.0,1550.5176282051282,,,,,
trial1,8,16,20,42.78,78.78,16.0,,,38117.0,30167.464285714286,46703.136977,22.738125,486.5,49.456875,1408.6778125,21.509125000000004,61.781375,964.25525,14.5,0.0,0.2142857142857142,38117.0,114351.0,1699.4110576923076,,,,,
trial1,8,20,24,78.78,137.78,36.0,,,30167.464285714286,36748.0,39453.513172,23.399375,536.6284722222222,47.46347222222222,1541.3878125,21.49070833333333,64.17208333333333,932.5985833333332,18.5,0.0,0.4642857142857143,30167.464285714286,195884.0,1668.8910256410256,,,-0.0714285714285715,-24850.0,-24850.0
trial1,8,24,28,137.78,214.78,59.0,36748.0,0.8313,36748.0,36920.66666666666,49221.636207,22.9271875,492.84375,62.626875,1054.4915625,20.28,76.60775000000001,581.924625,22.5,1.0,0.5714285714285714,36746.42013888889,293371.25,2112.310096153846,36748.0,39640.66666666666,-0.0714285714285712,-118244.0,-37262.09999999993
trial1,9,0,4,4.380000000000003,11.68,,,,76366.0,57189.6875,57660.127822,23.05625,462.75,58.945,1166.9025,21.4725,69.2925,788.74,0.0,0.0,0.0714285714285714,76366.0,76366.0,1300.625,,,,,
trial1,9,4,8,11.68,21.58,7.299999999999997,,,57189.6875,43592.66666666666,57660.05613525001,22.993125,486.8125,59.252812500000005,1144.2325,21.33725,67.897875,821.69025,2.5,0.0,0.1964285714285714,57189.6875,154496.75,1360.721955128205,,,0.0214285714285714,52444.0,16020.899999999998
trial1,9,8,12,21.58,27.78,9.899999999999999,,,43592.66666666666,41955.0,48855.064053,23.0415625,517.7621527777778,61.59121527777778,1078.6539236111112,21.445291666666662,72.77795833333334,707.202125,6.5,1.0,0.3928571428571428,40375.65178571429,221773.5,1520.265224358974,43164.0,43592.66666666666,-0.1571428571428572,-302796.0,-94028.60000000003
trial1,9,12,16,27.78,41.78,6.200000000000003,,,41955.0,44023.0,46965.04450875,22.27142361111111,509.3958333333333,58.64802083333333,1109.1780555555554,20.752,69.59279166666667,740.3591666666666,10.5,0.0,0.1428571428571428,41955.0,83910.0,1550.5176282051282,,,,,
trial1,9,16,20,41.78,83.78,14.0,,,44023.0,37663.0,46703.136977,22.738125,486.5,49.456875,1408.6778125,21.509125000000004,61.781375,964.25525,14.5,1.0,0.2142857142857142,38117.0,114351.0,1699.4110576923076,44023.0,44023.0,,,
trial1,9,20,24,83.78,152.78,42.0,,,37663.0,37714.0,39453.513172,23.399375,536.6284722222222,47.46347222222222,1541.3878125,21.49070833333333,64.17208333333333,932.5985833333332,18.5,1.0,0.4642857142857143,30167.464285714286,195884.0,1668.8910256410256,37663.0,37663.0,-0.0714285714285715,-24850.0,-24850.0
trial1,9,24,28,152.78,222.78,69.0,37714.0,0.6987,37714.0,36874.333333333336,49221.636207,22.9271875,492.84375,62.626875,1054.4915625,20.28,76.60775000000001,581.924625,22.5,1.0,0.5714285714285714,36746.42013888889,293371.25,2112.310096153846,37714.0,39123.0,-0.0714285714285712,-118244.0,-37262.09999999993
trial1,10,0,4,5.880000000000003,14.68,,,,76366.0,57189.6875,57660.127822,23.05625,462.75,58.945,1166.9025,21.4725,69.2925,788.74,0.0,0.0,0.0714285714285714,76366.0,76366.0,1300.625,,,,,
trial1,10,12,16,29.78,44.78,,,,41955.0,38117.0,46965.04450875,22.27142361111111,509.3958333333333,58.64802083333333,1109.1780555555554,20.752,69.59279166666667,740.3591666666666,10.5,0.0,0.1428571428571428,41955.0,83910.0,1550.5176282051282,,,,,
trial1,10,16,20,44.78,82.78,15.0,,,38117.0,43666.0,46703.136977,22.738125,486.5,49.456875,1408.6778125,21.509125000000004,61.781375,964.25525,14.5,0.0,0.2142857142857142,38117.0,114351.0,1699.4110576923076,,,,,
trial1,10,20,24,82.78,141.78,38.0,,,43666.0,36746.42013888889,39453.513172,23.399375,536.6284722222222,47.46347222222222,1541.3878125,21.49070833333333,64.17208333333333,932.5985833333332,18.5,1.0,0.4642857142857143,30167.464285714286,195884.0,1668.8910256410256,43666.0,43666.0,-0.0714285714285715,-24850.0,-24850.0
trial1,10,24,28,141.78,220.78,59.0,,,36746.42013888889,43856.0,49221.636207,22.9271875,492.84375,62.626875,1054.4915625,20.28,76.60775000000001,581.924625,22.5,0.0,0.5714285714285714,36746.42013888889,293371.25,2112.310096153846,,,-0.0714285714285712,-118244.0,-37262.09999999993
