trial,unit,route,mae_mean,mae_sd,rmse_mean,rmse_sd,r2_mean,r2_sd,n_seeds,mae_mean_pm_sd,split
trial1,plant,ar_delta_4d,9.07230726669714,0.0,13.851479405663213,0.0,0.9613328449866383,0.0,5,9.07 ± 0.00,
trial1,plant,ar_daily_roll4,12.489555048832031,0.0,14.242524211306264,0.0,0.9591187815827198,0.0,5,12.49 ± 0.00,
trial1,plant,direct_level,17.25742373638391,0.0,27.248845613927408,0.0,0.8503605460457686,0.0,5,17.26 ± 0.00,
trial1,plant,persist,30.58529411764706,0.0,40.103171174301096,0.0,0.6758788805992126,0.0,5,30.59 ± 0.00,
trial1,tray,ar_delta_4d,7.964500540738048,0.0,13.788923878063002,0.0,0.9618470903674339,0.0,5,7.96 ± 0.00,
trial1,tray,ar_daily_roll4,11.51607749422406,0.0,12.45610903554022,0.0,0.9688662296122915,0.0,5,11.52 ± 0.00,
trial1,tray,direct_level,20.906650543073933,0.0,38.00453007658429,0.0,0.7101737954594386,0.0,5,20.91 ± 0.00,
trial1,tray,persist,30.50714285714286,0.0,40.604868638414004,0.0,0.6691560971449674,0.0,5,30.51 ± 0.00,
trial2,tray,ar_daily_roll4,9.79482350401744,0.0,11.78845430075468,0.0,0.9564011877999399,0.0,5,9.79 ± 0.00,
trial2,tray,ar_delta_4d,16.245860238983205,0.0,20.29000938976087,0.0,0.8708407765814403,0.0,5,16.25 ± 0.00,
trial2,tray,direct_level,24.657466295012334,0.0,34.426777002764496,0.0,0.628162092890058,0.0,5,24.66 ± 0.00,
trial2,tray,persist,25.014285714285716,0.0,32.303493840229024,0.0,0.672614136576527,0.0,5,25.01 ± 0.00,
trial2,tray,ar_delta_4d,16.41100823920836,0.0,18.09109480768735,0.0,0.8973188726357402,0.0,5,16.41 ± 0.00,train_T1_plant→test_T2_tray
trial2,tray,persist,25.014285714285716,0.0,32.303493840229024,0.0,0.672614136576527,0.0,5,25.01 ± 0.00,train_T1_plant→test_T2_tray
trial2,tray,direct_level,33.670319656575764,0.0,35.56321036698566,0.0,0.603208055596671,0.0,5,33.67 ± 0.00,train_T1_plant→test_T2_tray
