seed,trial,unit,plant_id,day_t,day_future,fw_t,fw_future,pred_persist,pred_direct_level,pred_ar_delta_4d,pred_ar_daily_roll4
42,trial1,tray,0,0,4,4.730000000000002,13.080000000000002,4.730000000000002,14.951295571552379,10.277002144577095,0.0
42,trial1,tray,0,4,8,13.080000000000002,19.83,13.080000000000002,13.866124586400176,20.56110599501224,23.93154340156446
42,trial1,tray,0,8,12,19.83,27.28,19.83,41.66448734236297,33.010727542950676,35.718694617915716
42,trial1,tray,0,12,16,27.28,42.28,27.28,58.2979798204822,47.420603663784284,62.01891476642771
42,trial1,tray,0,16,20,42.28,80.78,42.28,80.29907221332618,79.84819476861054,68.32000292671681
42,trial1,tray,0,20,24,80.78,139.28,80.78,129.1451100868516,134.00200062561896,131.2236842670161
42,trial1,tray,0,24,28,139.28,218.28,139.28,120.78690204630206,183.14373587777428,233.01707686739343
43,trial1,tray,0,0,4,4.730000000000002,13.080000000000002,4.730000000000002,14.951295571552379,10.277002144577095,0.0
43,trial1,tray,0,4,8,13.080000000000002,19.83,13.080000000000002,13.866124586400176,20.56110599501224,23.93154340156446
43,trial1,tray,0,8,12,19.83,27.28,19.83,41.66448734236297,33.010727542950676,35.718694617915716
43,trial1,tray,0,12,16,27.28,42.28,27.28,58.2979798204822,47.420603663784284,62.01891476642771
43,trial1,tray,0,16,20,42.28,80.78,42.28,80.29907221332618,79.84819476861054,68.32000292671681
43,trial1,tray,0,20,24,80.78,139.28,80.78,129.1451100868516,134.00200062561896,131.2236842670161
43,trial1,tray,0,24,28,139.28,218.28,139.28,120.78690204630206,183.14373587777428,233.01707686739343
44,trial1,tray,0,0,4,4.730000000000002,13.080000000000002,4.730000000000002,14.951295571552379,10.277002144577095,0.0
44,trial1,tray,0,4,8,13.080000000000002,19.83,13.080000000000002,13.866124586400176,20.56110599501224,23.93154340156446
44,trial1,tray,0,8,12,19.83,27.28,19.83,41.66448734236297,33.010727542950676,35.718694617915716
44,trial1,tray,0,12,16,27.28,42.28,27.28,58.2979798204822,47.420603663784284,62.01891476642771
44,trial1,tray,0,16,20,42.28,80.78,42.28,80.29907221332618,79.84819476861054,68.32000292671681
44,trial1,tray,0,20,24,80.78,139.28,80.78,129.1451100868516,134.00200062561896,131.2236842670161
44,trial1,tray,0,24,28,139.28,218.28,139.28,120.78690204630206,183.14373587777428,233.01707686739343
45,trial1,tray,0,0,4,4.730000000000002,13.080000000000002,4.730000000000002,14.951295571552379,10.277002144577095,0.0
45,trial1,tray,0,4,8,13.080000000000002,19.83,13.080000000000002,13.866124586400176,20.56110599501224,23.93154340156446
45,trial1,tray,0,8,12,19.83,27.28,19.83,41.66448734236297,33.010727542950676,35.718694617915716
45,trial1,tray,0,12,16,27.28,42.28,27.28,58.2979798204822,47.420603663784284,62.01891476642771
45,trial1,tray,0,16,20,42.28,80.78,42.28,80.29907221332618,79.84819476861054,68.32000292671681
45,trial1,tray,0,20,24,80.78,139.28,80.78,129.1451100868516,134.00200062561896,131.2236842670161
45,trial1,tray,0,24,28,139.28,218.28,139.28,120.78690204630206,183.14373587777428,233.01707686739343
46,trial1,tray,0,0,4,4.730000000000002,13.080000000000002,4.730000000000002,14.951295571552379,10.277002144577095,0.0
46,trial1,tray,0,4,8,13.080000000000002,19.83,13.080000000000002,13.866124586400176,20.56110599501224,23.93154340156446
46,trial1,tray,0,8,12,19.83,27.28,19.83,41.66448734236297,33.010727542950676,35.718694617915716
46,trial1,tray,0,12,16,27.28,42.28,27.28,58.2979798204822,47.420603663784284,62.01891476642771
46,trial1,tray,0,16,20,42.28,80.78,42.28,80.29907221332618,79.84819476861054,68.32000292671681
46,trial1,tray,0,20,24,80.78,139.28,80.78,129.1451100868516,134.00200062561896,131.2236842670161
46,trial1,tray,0,24,28,139.28,218.28,139.28,120.78690204630206,183.14373587777428,233.01707686739343
