level,model,split,target,n_rows,n_features,mae,rmse,r2,mae_vs_persist
cup,Persist,loo_cup,mask_area_future,121,0,5222.8595,6885.8317,0.693767,0.0000
cup,GrowMean,loo_cup,mask_area_future,121,0,5359.5900,6928.6190,0.689949,-136.7305
cup,Ridge,loo_cup,mask_area_future,121,17,4945.1047,6697.6125,0.710279,277.7548
cup,ElasticNet,loo_cup,mask_area_future,121,17,4954.9053,6710.2980,0.709181,267.9542
cup,SVR-RBF,loo_cup,mask_area_future,121,17,8326.4953,12739.1540,-0.048143,-3103.6358
cup,RandomForest,loo_cup,mask_area_future,121,17,4192.6009,5667.2740,0.792562,1030.2586
cup,GradBoost,loo_cup,mask_area_future,121,17,4237.0195,5603.7619,0.797186,985.8400
cup,XGBoost,loo_cup,mask_area_future,121,17,4662.3015,7163.2360,0.668596,560.5580
cup,Persist,loo_trial,mask_area_future,121,0,5222.8595,6885.8317,0.693767,0.0000
cup,GrowMean,loo_trial,mask_area_future,121,0,7109.9984,8746.8048,0.505873,-1887.1389
cup,Ridge,loo_trial,mask_area_future,121,17,27288.8860,31861.3617,-5.556441,-22066.0265
cup,ElasticNet,loo_trial,mask_area_future,121,17,40974.4529,48784.2532,-14.370882,-35751.5934
cup,SVR-RBF,loo_trial,mask_area_future,121,17,9620.0072,13990.8567,-0.264236,-4397.1477
cup,RandomForest,loo_trial,mask_area_future,121,17,6785.0112,8373.9558,0.547102,-1562.1517
cup,GradBoost,loo_trial,mask_area_future,121,17,6260.7780,8057.0475,0.580732,-1037.9185
cup,XGBoost,loo_trial,mask_area_future,121,17,7260.8602,10805.6835,0.245874,-2038.0007
cup,Persist,lodo_target_day,mask_area_future,121,0,5222.8595,6885.8317,0.693767,0.0000
cup,GrowMean,lodo_target_day,mask_area_future,121,0,5385.3207,6973.8933,0.685884,-162.4612
cup,Ridge,lodo_target_day,mask_area_future,121,17,4402.0827,5753.0880,0.786233,820.7768
cup,ElasticNet,lodo_target_day,mask_area_future,121,17,4422.5588,5710.7020,0.789371,800.3007
cup,SVR-RBF,lodo_target_day,mask_area_future,121,17,8362.8691,12715.2690,-0.044217,-3140.0096
cup,RandomForest,lodo_target_day,mask_area_future,121,17,4011.9578,5396.0548,0.811942,1210.9017
cup,GradBoost,lodo_target_day,mask_area_future,121,17,4129.3136,5482.8287,0.805845,1093.5459
cup,XGBoost,lodo_target_day,mask_area_future,121,17,4308.8805,6128.1940,0.757448,913.9790
tray,Persist,loo_trial,mask_area_future,25,0,102582.6400,126684.2415,-0.833681,0.0000
tray,GrowMean,loo_trial,mask_area_future,25,0,113790.9328,139406.3236,-1.220463,-11208.2928
tray,Ridge,loo_trial,mask_area_future,25,17,136764.2824,189379.6397,-3.097747,-34181.6424
tray,ElasticNet,loo_trial,mask_area_future,25,17,321503.0872,484133.0354,-25.779844,-218920.4472
tray,SVR-RBF,loo_trial,mask_area_future,25,17,72203.2937,100788.3778,-0.160645,30379.3463
tray,RandomForest,loo_trial,mask_area_future,25,17,79938.3370,96670.3654,-0.067740,22644.3030
tray,GradBoost,loo_trial,mask_area_future,25,17,86566.7738,103837.9921,-0.231945,16015.8662
tray,XGBoost,loo_trial,mask_area_future,25,17,99530.7369,116767.4765,-0.557838,3051.9031
tray,Persist,lodo_target_day,mask_area_future,25,0,102582.6400,126684.2415,-0.833681,0.0000
tray,GrowMean,lodo_target_day,mask_area_future,25,0,106630.6260,132332.6322,-1.000841,-4047.9860
tray,Ridge,lodo_target_day,mask_area_future,25,17,82229.8027,102168.2596,-0.192643,20352.8373
tray,ElasticNet,lodo_target_day,mask_area_future,25,17,101180.0166,122330.5987,-0.709814,1402.6234
tray,SVR-RBF,lodo_target_day,mask_area_future,25,17,74105.0462,100924.2985,-0.163778,28477.5938
tray,RandomForest,lodo_target_day,mask_area_future,25,17,80526.6220,102987.6925,-0.211851,22056.0180
tray,GradBoost,lodo_target_day,mask_area_future,25,17,89752.0806,112184.8328,-0.437960,12830.5594
tray,XGBoost,lodo_target_day,mask_area_future,25,17,89002.5531,111358.8573,-0.416864,13580.0869
