date,image_path,green_ratio,vegetation_ratio,canopy_area_px,mean_h,mean_s,mean_v,color_std,blur_score,texture_edge_density,texture_laplacian_mean_abs
2025-10-14,crops/trial1_singleplant/2025-10-14.png,0.0,0.358735,809060,13.4251,174.4393,90.5113,37.1964,11.3517,0.002978,2.17573
2025-10-15,crops/trial1_singleplant/2025-10-15.png,3e-06,0.362999,818677,13.4262,174.0867,91.5783,38.7681,12.3301,0.002979,2.244201
2025-10-16,crops/trial1_singleplant/2025-10-16.png,4.9e-05,0.367205,828163,13.4156,172.7892,90.1163,37.6465,12.1705,0.002887,2.235194
2025-10-17,crops/trial1_singleplant/2025-10-17.png,0.000204,0.3648,822738,13.4441,173.8278,89.7295,37.422,12.6373,0.003184,2.26395
2025-10-18,crops/trial1_singleplant/2025-10-18.png,0.000191,0.38092,859093,13.3607,171.5984,95.8426,45.5909,11.883,0.002789,2.21518
2025-10-19,crops/trial1_singleplant/2025-10-19.png,0.00022,0.41338,932302,13.146,163.1081,106.7719,54.2303,11.797,0.002999,2.229637
2025-10-20,crops/trial1_singleplant/2025-10-20.png,6.8e-05,0.440718,993956,13.2902,161.781,112.7838,59.9756,11.956,0.003246,2.231394
2025-10-21,crops/trial1_singleplant/2025-10-21.png,0.001019,0.353045,796226,14.0257,179.758,91.2283,34.8437,17.4679,0.005051,2.536625
2025-10-22,crops/trial1_singleplant/2025-10-22.png,0.000684,0.377596,851598,13.5229,175.6658,98.7864,40.2528,13.2863,0.004479,2.308239
2025-10-23,crops/trial1_singleplant/2025-10-23.png,0.00113,0.395198,891296,13.2801,168.1492,104.131,47.11,13.2901,0.004199,2.328924
2025-10-24,crops/trial1_singleplant/2025-10-24.png,0.00138,0.396978,895309,13.3991,166.7003,105.8222,47.8468,9.989,0.002157,2.123684
2025-10-25,crops/trial1_singleplant/2025-10-25.png,0.00047,0.418231,943241,13.1857,167.208,108.5644,49.5314,12.9687,0.003638,2.314966
2025-10-26,crops/trial1_singleplant/2025-10-26.png,0.000975,0.338562,763564,13.9762,181.2505,120.6106,29.2484,9.3959,0.003719,1.734268
2025-10-27,crops/trial1_singleplant/2025-10-27.png,0.0,0.096912,218567,14.6895,180.8776,150.6642,19.9093,3.9642,0.000758,1.088591
2025-10-28,crops/trial1_singleplant/2025-10-28.png,0.0,0.104208,235022,14.9656,170.1298,169.4022,7.2166,2.515,7e-06,0.968469
2025-10-29,crops/trial1_singleplant/2025-10-29.png,0.0,0.418353,943516,13.4485,188.0587,124.6159,29.1699,9.8631,0.005254,1.771606
2025-10-30,crops/trial1_singleplant/2025-10-30.png,0.000133,0.257311,580317,14.7377,174.7272,165.9865,33.3597,7.5334,0.002284,1.501342
2025-10-31,crops/trial1_singleplant/2025-10-31.png,0.016681,0.400759,903836,14.8054,184.2618,149.2158,32.3839,11.7194,0.006523,1.912459
2025-11-01,crops/trial1_singleplant/2025-11-01.png,0.112465,0.505675,1140455,16.8894,169.4096,150.9364,60.3849,22.1007,0.016117,2.757681
2025-11-02,crops/trial1_singleplant/2025-11-02.png,0.110659,0.45935,1035978,17.6259,150.665,158.658,61.0403,50.3949,0.036816,3.726828
2025-11-03,crops/trial1_singleplant/2025-11-03.png,0.100199,0.462398,1042852,16.9571,160.9156,156.4056,56.81,55.4363,0.04115,3.94853
2025-11-04,crops/trial1_singleplant/2025-11-04.png,0.120245,0.464273,1047081,17.2639,169.1676,155.0646,52.0714,58.8846,0.043467,4.114952
2025-11-05,crops/trial1_singleplant/2025-11-05.png,0.053574,0.452511,1020555,15.1365,171.8441,154.9338,47.1781,41.6946,0.030727,3.647343
2025-11-06,crops/trial1_singleplant/2025-11-06.png,0.035582,0.475208,1071742,14.3093,180.9937,157.4174,47.4602,43.5885,0.030135,3.732724
2025-11-07,crops/trial1_singleplant/2025-11-07.png,0.057869,0.382182,861939,15.2793,196.9645,157.9172,43.5916,19.78,0.008698,2.816756
2025-11-08,crops/trial1_singleplant/2025-11-08.png,0.050333,0.37764,851697,15.173,188.9261,161.0372,43.5994,21.5792,0.010536,2.868191
2025-11-09,crops/trial1_singleplant/2025-11-09.png,0.047964,0.371609,838095,15.2153,198.6417,157.6092,46.2538,18.0183,0.008056,2.748007
2025-11-10,crops/trial1_singleplant/2025-11-10.png,0.056282,0.288571,650819,16.1803,197.6255,156.0046,47.5271,16.5382,0.005311,2.726206
