trial,date,img_n_cups,img_mask_area_mean,img_mask_area_sum,img_mask_area_max,img_mask_area_std,img_plant_color_mean,img_plant_color_std,img_plant_color_min,img_plant_color_max,img_blur_mean,img_blur_min,img_blur_max,img_coverage_frac
trial1,2025-10-14,1,76366.0,76366,76366,,0.6574,,0.6574,0.6574,103.13,103.13,103.13,0.07142857142857142
trial1,2025-10-15,3,53699.0,161097,75818,19282.621994946643,0.6655666666666668,0.20891736005735223,0.4661,0.8828,48.053333333333335,10.41,115.4,0.21428571428571427
trial1,2025-10-16,2,60118.0,120236,75722,22067.388427269776,0.7691,0.1639073518790417,0.6532,0.885,62.135,9.6,114.67,0.14285714285714285
trial1,2025-10-17,2,61556.5,123113,78510,23975.869629692268,0.8004,0.13350176028802022,0.706,0.8948,61.75,10.67,112.83,0.14285714285714285
trial1,2025-10-18,4,53385.25,213541,81850,19015.171423103184,0.5765,0.2445289757881466,0.3549,0.8724,36.475,8.08,110.69,0.2857142857142857
trial1,2025-10-19,8,43000.75,344006,71535,12124.939667007478,0.8129375,0.11164155572315221,0.6317,0.9679,30.374999999999996,8.46,109.82,0.5714285714285714
trial1,2025-10-20,7,38126.857142857145,266888,43244,4526.904329619061,0.8849,0.10627161740872616,0.6851,0.9996,33.79714285714285,10.22,137.42,0.5
trial1,2025-10-21,6,39165.0,234990,44803,5765.317927053113,0.9110333333333333,0.07844712019358432,0.8061,0.9969,39.99666666666667,9.93,157.19,0.42857142857142855
trial1,2025-10-22,1,41210.0,41210,41210,,0.9385,,0.9385,0.9385,13.08,13.08,13.08,0.07142857142857142
trial1,2025-10-23,2,41955.0,83910,44642,3799.9918420965064,0.9297,0.014142135623730963,0.9197,0.9397,11.0,9.61,12.39,0.14285714285714285
trial1,2025-10-29,3,38117.0,114351,44023,5144.232401437555,0.6525666666666666,0.0898496707469389,0.556,0.7337,38.833333333333336,11.59,83.82,0.21428571428571427
trial1,2025-11-01,7,29758.428571428572,208309,42025,12001.772117165905,0.7585714285714286,0.22067993953752504,0.3741,0.9732,23.782857142857146,8.59,49.59,0.5
trial1,2025-11-02,6,30576.5,183459,43666,6666.111902751108,0.7307833333333335,0.17356276578421612,0.4353,0.9174,82.40499999999999,11.19,185.94,0.42857142857142855
trial1,2025-11-04,9,38190.555555555555,343715,42941,3649.047824813725,0.7018333333333333,0.21195018282605937,0.357,0.9934,63.306666666666665,14.18,234.81,0.6428571428571429
trial1,2025-11-05,9,34566.0,311094,41915,4614.615991607536,0.6968333333333333,0.17981507167086971,0.4467,0.9217,63.16444444444445,13.82,246.25,0.6428571428571429
trial1,2025-11-06,8,36650.625,293205,44708,4924.646178370875,0.717675,0.17138170222384555,0.4594,0.9162,114.4775,17.46,206.89,0.5714285714285714
trial1,2025-11-07,6,37578.5,225471,41256,2142.266440011607,0.7534833333333334,0.10078703124245035,0.6217,0.8651,129.22666666666666,18.51,242.86,0.42857142857142855
trial1,2025-11-08,10,31193.0,311930,44234,8455.669380165396,0.65532,0.20279858535557446,0.3882,0.9777,86.089,9.32,266.47,0.7142857142857143
trial1,2025-11-09,11,27420.727272727272,301628,44352,9638.395614322013,0.6448272727272727,0.17783617230984866,0.368,0.9243,58.70454545454545,8.07,113.96,0.7857142857142857
trial1,2025-11-10,10,32209.3,322093,43856,7688.674051992177,0.69379,0.0954371398705277,0.5481,0.8264,107.07300000000001,13.5,359.91,0.7142857142857143
