trial,date,timelapse_frames,img_n_cups,img_mask_area_mean,img_mask_area_sum,img_mask_area_max,img_mask_area_std,img_plant_color_mean,img_plant_color_std,img_plant_color_min,img_plant_color_max,img_blur_mean,img_blur_min,img_blur_max,img_coverage_frac,env_night_co2_ppm_mean,env_night_co2_ppm_std,env_night_co2_ppm_min,env_night_co2_ppm_max,env_night_air_temp_c_mean,env_night_air_temp_c_std,env_night_air_temp_c_min,env_night_air_temp_c_max,env_night_humidity_pct_mean,env_night_humidity_pct_std,env_night_humidity_pct_min,env_night_humidity_pct_max,env_night_pressure_pa_mean,env_night_pressure_pa_std,env_night_pressure_pa_min,env_night_pressure_pa_max,env_night_dewpoint_c_mean,env_night_dewpoint_c_std,env_night_dewpoint_c_min,env_night_dewpoint_c_max,env_night_vpd_pa_mean,env_night_vpd_pa_std,env_night_vpd_pa_min,env_night_vpd_pa_max,env_day_co2_ppm_mean,env_day_co2_ppm_std,env_day_co2_ppm_min,env_day_co2_ppm_max,env_day_air_temp_c_mean,env_day_air_temp_c_std,env_day_air_temp_c_min,env_day_air_temp_c_max,env_day_humidity_pct_mean,env_day_humidity_pct_std,env_day_humidity_pct_min,env_day_humidity_pct_max,env_day_pressure_pa_mean,env_day_pressure_pa_std,env_day_pressure_pa_min,env_day_pressure_pa_max,env_day_dewpoint_c_mean,env_day_dewpoint_c_std,env_day_dewpoint_c_min,env_day_dewpoint_c_max,env_day_vpd_pa_mean,env_day_vpd_pa_std,env_day_vpd_pa_min,env_day_vpd_pa_max,env_act_night_light_duration_s_sum,env_act_night_ac_duration_s_sum,env_act_night_exhaust_duration_s_sum,env_act_night_humidifier_duration_s_sum,env_act_night_heater_duration_s_sum,env_act_night_light_duration_s_event_count,env_act_night_ac_duration_s_event_count,env_act_night_exhaust_duration_s_event_count,env_act_night_humidifier_duration_s_event_count,env_act_night_heater_duration_s_event_count,env_act_day_light_duration_s_sum,env_act_day_ac_duration_s_sum,env_act_day_exhaust_duration_s_sum,env_act_day_humidifier_duration_s_sum,env_act_day_heater_duration_s_sum,env_act_day_light_duration_s_event_count,env_act_day_ac_duration_s_event_count,env_act_day_exhaust_duration_s_event_count,env_act_day_humidifier_duration_s_event_count,env_act_day_heater_duration_s_event_count,nutrient_ph_mean,nutrient_ph_std,nutrient_ph_min,nutrient_ph_max,nutrient_ec_us_cm_mean,nutrient_ec_us_cm_std,nutrient_ec_us_cm_min,nutrient_ec_us_cm_max,nutrient_tds_ppm_mean,nutrient_tds_ppm_std,nutrient_tds_ppm_min,nutrient_tds_ppm_max,nutrient_salinity_ppt_mean,nutrient_salinity_ppt_std,nutrient_salinity_ppt_min,nutrient_salinity_ppt_max,nutrient_specific_gravity_mean,nutrient_specific_gravity_std,nutrient_specific_gravity_min,nutrient_specific_gravity_max,nutrient_flow_volume_l_mean,nutrient_flow_volume_l_std,nutrient_flow_volume_l_min,nutrient_flow_volume_l_max,nutrient_solution_temp_c_mean,nutrient_solution_temp_c_std,nutrient_solution_temp_c_min,nutrient_solution_temp_c_max,nutrient_flow_rate_l_min_mean,nutrient_flow_rate_l_min_std,nutrient_flow_rate_l_min_min,nutrient_flow_rate_l_min_max,nutrient_act_ph_up_duration_s_sum,nutrient_act_pump_duration_s_sum,nutrient_act_ph_down_duration_s_sum,nutrient_act_nutrient_ab_duration_s_sum,nutrient_act_nutrient_c_duration_s_sum,nutrient_act_ph_up_duration_s_event_count,nutrient_act_pump_duration_s_event_count,nutrient_act_ph_down_duration_s_event_count,nutrient_act_nutrient_ab_duration_s_event_count,nutrient_act_nutrient_c_duration_s_event_count,exp_day,img_mask_area_sum_d1,img_mask_area_sum_pct1,img_mask_area_mean_d1,img_mask_area_mean_pct1,img_plant_color_mean_d1,img_plant_color_mean_pct1,img_n_cups_d1,img_n_cups_pct1,img_coverage_frac_d1,img_coverage_frac_pct1
trial1,2025-10-14,2,1.0,76366.0,76366.0,76366.0,,0.6574,,0.6574,0.6574,103.13,103.13,103.13,0.07142857142857142,458.25,26.737925623852473,442.0,498.0,21.4725,0.49627781198303256,20.73,21.77,69.2925,0.5058573580236432,68.56,69.71,98807.2425,228.81411296436707,98659.95,99148.46,15.6425,0.6184052069638486,14.72,16.04,788.74,10.64109956724401,774.05,798.26,462.75,34.59459082408283,443.0,547.0,23.05625,0.058294204563698555,22.96,23.17,58.945,0.5725382083319865,58.13,59.68,98854.0375,160.462634613608,98637.33,99093.39,14.6425,0.2084466358567584,14.34,15.0,1166.9025,11.232272063758318,1154.1,1183.76,,1500.17263,240.0920364999999,59.964954,,0,4,4,1,0,57660.127822,3479.8333734999987,120.05126699999991,480.0544014999994,,1,8,2,8,0,5.9375,0.030785179433085202,5.87,5.97,1300.625,15.12842748542687,1281.5,1318.0,702.75,8.091802810701198,692.0,712.0,0.6491666666666667,0.009003366373785193,0.64,0.66,1.001,0.0,1.001,1.001,1010.2779166666666,493.222170230241,259.585,1765.435,23.83520833333333,0.3109010700830539,23.383,24.3375,1.16,0.0,1.16,1.16,,,,,,0,0,0,0,0,0,,,,,,,,,,
trial1,2025-10-15,16,3.0,53699.0,161097.0,75818.0,19282.621994946643,0.6655666666666668,0.20891736005735223,0.4661,0.8828,48.053333333333335,10.41,115.4,0.21428571428571427,454.25,25.35580144003866,431.0,480.0,20.375,0.9996499387285528,19.64,21.84,71.5975,2.20460691885575,68.4,73.39,99175.33,19.114798804418328,99150.47,99196.23,15.0725,0.526078257803279,14.74,15.85,681.7725,96.21516248319008,607.53,822.35,469.125,13.840287982140099,457.0,499.0,23.13625,0.12304906106334661,23.03,23.4,60.3625,3.6043178470907886,57.47,68.05,99175.42625,83.12459322134983,99071.3,99290.32,14.98125,0.8301193976083876,14.21,16.33,1128.40375,89.50834421398132,929.88,1193.09,,419.8981745,300.2268554999997,60.030865,,0,1,5,1,0,57660.128072,3719.482002999999,60.0236269999999,480.0255304999998,,1,8,1,8,0,5.989166666666667,0.013113721705514775,5.97,6.01,1308.5833333333333,26.245201581634085,1265.0,1344.0,706.9166666666666,14.145081595145824,683.0,726.0,0.6516666666666667,0.013371158468430386,0.63,0.67,1.001,0.0,1.001,1.001,2652.727083333333,491.0360158909764,1908.2,3402.845,23.45991666666667,0.7065045465122118,22.137,24.028,1.16,0.0,1.16,1.16,,,,,,0,0,0,0,0,1,84731.0,1.1095382761962131,-22667.0,-0.2968205746012623,0.008166666666666766,0.012422675185072674,2.0,2.0,0.14285714285714285,2.0
trial1,2025-10-16,16,2.0,60118.0,120236.0,75722.0,22067.388427269776,0.7691,0.1639073518790417,0.6532,0.885,62.135,9.6,114.67,0.14285714285714285,492.0,7.1647284200682275,484.0,499.0,21.4875,0.28371053323179046,21.12,21.78,68.195,5.322007766498157,60.4,72.27,99069.075,157.6697234728356,98844.7,99195.34,15.3125,1.1751985647824228,13.55,15.92,816.3325,146.33892450404304,694.39,1027.22,492.5,26.02745802856229,463.0,526.0,22.96375,0.3147759974512499,22.21,23.17,59.235,3.8464714813895156,55.99,68.02,98916.4675,129.0021910943546,98744.4,99060.1,14.51125,0.7482634658231787,13.62,15.85,1148.8287500000001,95.9689085719954,915.92,1203.84,,419.998048,180.1080675,60.0198029999999,,0,2,3,1,0,57660.022499,3239.8102565,60.031778,480.1450459999996,,1,8,1,8,0,6.015833333333333,0.005149286505444305,6.01,6.02,1345.0833333333333,15.8599457372299,1322.0,1379.0,726.6666666666666,8.584693919818555,714.0,745.0,0.6716666666666667,0.00937436866561091,0.66,0.69,1.001,0.0,1.001,1.001,4290.004166666667,496.8203482046115,3537.435,5060.765,23.86175,0.3139942457492439,23.245,24.19,1.1608333333333334,0.007929614610987646,1.15,1.18,,,,,,0,0,0,0,0,2,-40861.0,-0.2536422155595697,6419.0,0.11953667666064538,0.10353333333333326,0.15555666850302985,-1.0,-0.33333333333333337,-0.07142857142857142,-0.33333333333333337
trial1,2025-10-17,16,2.0,61556.5,123113.0,78510.0,23975.869629692268,0.8004,0.13350176028802022,0.706,0.8948,61.75,10.67,112.83,0.14285714285714285,507.0,20.506096654409877,486.0,528.0,21.684,0.22097511172075585,21.33,21.89,66.03399999999999,5.520727307157997,56.89,70.07,98928.826,65.01454398824298,98877.38,99028.07,15.106,1.2897596675350027,13.05,16.09,890.676,162.0409270215398,778.23,1169.06,490.625,37.397240157912336,456.0,541.0,22.84,0.5351101355261911,21.53,23.17,58.96125,5.285863728582383,54.24,70.64,98910.77875,96.62115332392152,98789.01,99033.57,14.31375,1.0324027107397862,12.99,15.97,1131.7825,155.30659518237738,755.59,1221.2,,720.0,180.1752969999999,60.0947305,,0,2,3,1,0,57659.879691,2460.137168999999,60.02773,480.2252404999996,,1,8,1,8,0,6.02,0.00408248290463876,6.01,6.03,1374.8461538461538,10.998834437082884,1359.0,1395.0,742.7692307692307,6.139406135149168,734.0,754.0,0.6876923076923076,0.007250110520819818,0.68,0.7,1.001,0.0,1.001,1.001,5998.4396153846155,531.5326259485452,5180.195,6802.59,24.109115384615386,0.38138061444824845,23.2845,24.453,1.156153846153846,0.00506369683541838,1.15,1.16,,,,,,0,0,0,0,0,3,2877.0,0.023927941714627865,1438.5,0.023927941714627865,0.031299999999999994,0.040696918476140986,0.0,0.0,0.0,0.0
trial1,2025-10-18,16,4.0,53385.25,213541.0,81850.0,19015.171423103184,0.5765,0.2445289757881466,0.3549,0.8724,36.475,8.08,110.69,0.2857142857142857,491.25,15.966109941581477,477.0,507.0,21.8025,0.6828067076413352,21.29,22.79,65.765,15.014778275641195,46.07,77.53,99220.6,39.62205194080751,99164.31,99254.38,14.875,3.169789688081319,10.84,17.6,897.98,427.30767346257664,568.02,1478.97,495.0,33.48347140221362,455.0,538.0,23.0325,0.1445930249256259,22.87,23.27,58.4525,2.6686152107145653,54.18,61.9,99179.1025,114.46816510029554,99043.38,99334.84,14.40625,0.952004464275247,12.86,15.77,1167.915,40.771137900655724,1116.45,1231.01,,420.114296,120.1303219999999,60.002041,,0,2,2,1,0,57660.194279,1830.4813169999998,60.0983195,480.2477724999997,,1,8,1,8,0,6.006666666666667,0.00651338947278899,6.0,6.02,1414.375,18.26711526213156,1375.0,1433.0,764.0833333333334,9.848473193466294,743.0,774.0,0.7083333333333334,0.00937436866561095,0.69,0.72,1.001,0.0,1.001,1.001,7517.4766666666665,826.133796222262,5860.24,8437.55,24.507458333333332,0.2985064685101887,23.937,25.1675,1.1516666666666666,0.0038924947208075827,1.15,1.16,,,,,,0,0,0,0,0,4,90428.0,0.7345121961125145,-8171.25,-0.13274390194374275,-0.2239,-0.2797351324337831,2.0,1.0,0.14285714285714285,1.0
trial1,2025-10-19,16,8.0,43000.75,344006.0,71535.0,12124.939667007478,0.8129375,0.11164155572315221,0.6317,0.9679,30.374999999999996,8.46,109.82,0.5714285714285714,526.3333333333334,22.50185177565024,504.0,549.0,21.586666666666662,0.04041451884327323,21.55,21.63,68.93333333333334,1.396722353702884,67.7,70.45,99282.72000000002,20.90111719502495,99270.25,99306.85,15.743333333333332,0.32129944496269097,15.44,16.08,802.6,45.56989905628501,751.67,839.52,542.1111111111111,61.4317597917487,480.0,652.0,22.87,0.40112342240263055,21.82,23.1,55.43111111111111,6.601281020461944,46.82,69.02,99245.69666666667,98.97174937829814,99119.0,99413.61,13.376666666666667,1.5162206303833223,11.08,15.92,1218.8644444444444,181.97799599890578,808.69,1409.32,,1500.2497059999998,300.1025194999997,60.0432299999999,,0,5,5,1,0,22440.377724,2161.0780415,60.006774,480.1360684999999,,1,8,1,8,0,5.97,0.019540168418367792,5.94,6.0,1446.0833333333333,18.37715149226612,1425.0,1476.0,781.1666666666666,9.796412454041365,770.0,797.0,0.7241666666666666,0.00996204919895624,0.71,0.74,1.001,0.0,1.001,1.001,9289.647500000001,457.89309401619795,8573.77,9988.92,25.414791666666662,1.9426784632929912,23.7,28.052,1.1424999999999998,0.006215815605080562,1.13,1.15,,,10.0,10.0,10.0,0,0,1,1,1,5,130465.0,0.610959956167668,-10384.5,-0.19452002191616602,0.23643749999999997,0.4101257588898526,4.0,1.0,0.2857142857142857,1.0
trial1,2025-10-20,16,7.0,38126.857142857145,266888.0,43244.0,4526.904329619061,0.8849,0.10627161740872616,0.6851,0.9996,33.79714285714285,10.22,137.42,0.5,517.0,15.253414918196736,500.0,537.0,20.645,1.4369527943997782,18.6,21.79,75.76750000000001,5.002608486246615,69.4,80.4,99329.1575,39.87577825781807,99282.27,99372.71,16.3575,0.883643027472067,15.18,17.22,604.005,142.1323286002637,478.54,774.8,497.1875,27.787378301256545,468.0,532.0,22.89875,0.16260710755859148,22.69,23.06,64.57375,5.6214358549598895,58.2,72.37,99312.85625,121.2898548268935,99142.54,99487.34,15.885,1.4870200306077153,14.19,17.65,1001.1125,144.15829987006848,810.86,1175.73,,1259.9403109999998,239.8800494999999,60.0237094999999,,0,3,4,1,0,57660.04994,4079.762664,240.31600749999998,180.17518,,1,8,4,3,0,5.894166666666667,0.023532698077099085,5.86,5.94,1583.5,60.58877783880439,1468.0,1654.0,855.1666666666666,32.79920545970405,793.0,893.0,0.7958333333333334,0.03058767824804722,0.74,0.83,1.001,0.0,1.001,1.001,10853.393750000001,476.1816371747086,10125.18,11576.6,24.918958333333332,0.6791738450076117,23.2205,25.606,1.1225,0.011381803659589795,1.11,1.14,,,20.0,20.0,20.0,0,0,2,2,2,6,-77118.0,-0.22417632250600283,-4873.892857142855,-0.11334436857828889,0.07196250000000004,0.08852156531098654,-1.0,-0.125,-0.0714285714285714,-0.125
trial1,2025-10-21,16,6.0,39165.0,234990.0,44803.0,5765.317927053113,0.9110333333333333,0.07844712019358432,0.8061,0.9969,39.99666666666667,9.93,157.19,0.42857142857142855,508.0,33.17378483079674,471.0,546.0,21.782,0.14788509052639498,21.59,21.96,75.256,6.778018146921712,63.93,81.38,99334.84199999999,108.24603674038602,99186.29,99439.9,17.324,1.2709956726912959,15.3,18.54,657.316,202.3854755905176,488.3,1003.75,569.125,58.18550997824607,471.0,652.0,23.7175,2.2320954280675362,21.74,29.04,62.254999999999995,10.5858814330355,51.6,78.98,99210.71125000001,157.45265387569285,99028.08,99413.61,15.9525,4.181591460539533,12.22,25.02,1100.01125,252.7484216956515,685.62,1343.02,,720.0,179.9559055,,,0,2,3,0,0,57659.867506,1650.1518309999988,240.0558779999998,240.12359949999978,,1,6,4,4,0,5.884615384615385,0.049094362306240424,5.83,5.97,1596.2692307692307,142.0396974124686,1424.0,1932.0,862.1923076923077,76.77986347928362,769.0,1044.0,0.8038461538461538,0.07511529599427595,0.71,0.98,1.001,0.0,1.001,1.001,12163.488461538462,616.9154408269984,11051.84,13010.705,25.9915,1.5967361893354002,24.5855,30.92,1.0015384615384617,0.15539445259543824,0.65,1.12,,,30.0,30.0,20.0,0,0,3,3,2,7,-31898.0,-0.11951829981115669,1038.142857142855,0.027228650220317174,0.02613333333333323,0.029532527215881066,-1.0,-0.1428571428571429,-0.07142857142857145,-0.1428571428571429
trial1,2025-10-22,16,1.0,41210.0,41210.0,41210.0,,0.9385,,0.9385,0.9385,13.08,13.08,13.08,0.07142857142857142,472.75,9.178779875342904,459.0,478.0,21.7675,0.5956159277028562,21.29,22.62,71.155,8.758239929727134,58.91,77.53,99275.3475,57.26349877248446,99223.29,99351.43,16.2125,1.5473283426603404,14.17,17.6,764.8875,273.15267273998984,568.02,1155.68,462.625,11.00568035152757,451.0,480.0,22.68,0.7502761396407913,20.83,23.02,64.105,7.036971751298388,56.52,77.79,99312.85875,106.18691773572561,99197.6,99458.41,15.592500000000001,1.3078526566202207,13.9,17.02,994.6275,209.95271785741255,546.06,1178.68,,570.1848775,240.0302689999999,59.964087,,0,2,4,1,0,57659.961042,3300.567753,240.3882184999999,240.1077694999998,,1,8,4,4,0,5.996666666666667,0.006513389472789025,5.99,6.01,1455.2083333333333,12.25015460632184,1424.0,1466.0,785.9166666666666,6.6804781175293,769.0,792.0,0.7275,0.006215815605080628,0.71,0.73,1.001,0.0,1.001,1.001,13847.564583333333,465.5470084088684,13141.82,14556.03,24.85320833333333,0.4525007512968812,24.0845,25.482,1.0908333333333335,0.002886751345948198,1.09,1.1,,,,,,0,0,0,0,0,8,-193780.0,-0.824630835354696,2045.0,0.052214987871824325,0.02746666666666675,0.030148915151293476,-5.0,-0.8333333333333334,-0.3571428571428571,-0.8333333333333334
trial1,2025-10-23,16,2.0,41955.0,83910.0,44642.0,3799.9918420965064,0.9297,0.014142135623730963,0.9197,0.9397,11.0,9.61,12.39,0.14285714285714285,483.6666666666667,5.131601439446878,478.0,488.0,21.09,0.6954135460285474,20.45,21.83,71.30666666666667,1.201720988138823,70.02,72.4,99315.51666666666,74.37234521873467,99230.03,99365.35,15.716666666666667,0.4338586559391585,15.32,16.18,719.3166666666666,61.78373113800539,663.06,785.44,482.3333333333333,16.703293088490067,456.0,511.0,22.744444444444444,1.0642968466446645,20.0,23.46,62.71333333333333,6.004812653197432,55.52,72.81,99317.33777777778,122.07647887469534,99140.77,99478.48,15.223333333333333,1.3865064009949617,13.11,17.55,1034.7222222222222,186.84896104727062,637.02,1178.13,,539.90961,300.1217164999997,59.9405965,,0,1,5,1,0,57660.030262,3900.4325474999987,120.2707894999999,420.2541569999997,,1,8,2,7,0,5.965,0.017837651700317207,5.93,5.99,1518.0,38.14565386896532,1452.0,1570.0,819.875,20.650913473082213,784.0,848.0,0.7633333333333333,0.020597146021777517,0.73,0.79,1.001,0.0,1.001,1.001,15386.638333333334,460.926067618882,14682.585,16082.98,25.188125,1.0210623951418079,23.357,26.1985,1.09,0.0,1.09,1.09,,,,,,0,0,0,0,0,9,42700.0,1.0361562727493325,745.0,0.018078136374666265,-0.00880000000000003,-0.009376664890783148,1.0,1.0,0.07142857142857142,1.0
trial1,2025-10-24,16,,,,,,,,,,,,,,493.5,6.658328118479397,484.0,499.0,20.1575,2.585760687560498,16.3,21.78,66.425,8.811797016878376,53.32,72.27,99151.83,52.32806894965715,99076.42,99195.34,13.4625,4.875047863012902,6.15,15.92,764.8,55.29299051416918,694.39,821.09,495.375,42.03718591913592,456.0,557.0,20.56125,2.0807103011094226,18.36,23.14,52.485,8.624687157887442,45.37,66.16,99173.61375,137.54737385844732,98991.6,99353.97,10.34875,4.254830658036984,6.3,15.97,1140.71125,69.04169577405483,1001.83,1196.99,,,240.0277994999999,59.9807265,,0,0,4,1,0,57659.880843,1800.080373999999,60.0115165,419.9765289999997,,1,4,1,7,0,5.895833333333333,0.05632024233763294,5.84,6.04,1541.25,32.45801483875331,1496.5,1601.0,832.5833333333334,17.536757932636203,808.0,865.0,0.775,0.01882937743382544,0.75,0.81,1.001,0.0,1.001,1.001,16921.60125,460.60620165724373,16220.665,17623.365,23.529541666666663,1.440861980935741,21.377,25.528,1.0816666666666668,0.003892494720807582,1.08,1.09,,,,,,0,0,0,0,0,10,,0.0,,0.0,,0.0,,0.0,,0.0
trial1,2025-10-25,16,,,,,,,,,,,,,,497.0,4.242640687119291,491.0,502.0,20.098,1.0497475887088288,18.58,21.32,72.43199999999999,11.916760046254183,51.49,79.99,99217.51999999999,54.473590390206944,99132.98,99278.73,14.872,3.1486060407742347,9.45,17.09,637.8599999999999,233.6681258751394,487.32,1037.81,532.875,70.2839902517941,489.0,664.0,22.89375,0.3921347253905757,21.96,23.15,60.62875,4.442375289671702,57.06,71.2,99238.44,115.40646070055604,99125.78,99415.26,14.96125,0.9453712422716724,14.01,17.03,1106.62375,117.12225638652727,825.55,1188.96,,,179.9746559999999,,,0,0,3,0,0,57660.044549,3120.395801999999,180.2761829999998,480.1315749999995,,1,8,3,8,0,6.109230769230769,0.09169346927503834,5.93,6.2,1604.6538461538462,116.45553239602233,1434.0,1729.0,866.8461538461538,62.84484353528427,775.0,934.0,0.8084615384615385,0.060394005476006485,0.72,0.87,1.001,0.0,1.001,1.001,18515.738076923077,499.19721128669266,17739.88,19282.5,24.786461538461538,1.3952397563014394,21.026,25.936,1.0846153846153848,0.008770580193070315,1.07,1.1,,,40.0,40.0,20.0,0,0,4,4,2,11,,0.0,,0.0,,0.0,,0.0,,0.0
trial1,2025-10-26,16,,,,,,,,,,,,,,497.0,14.764823060233407,479.0,513.0,21.6625,0.49155365932927464,21.24,22.36,68.2075,11.836608114940136,51.5,77.08,99220.5,28.124487550877653,99180.85,99246.37,15.442499999999999,2.3792208108258186,12.02,17.08,839.4599999999999,351.0969109329597,578.41,1338.3,527.0,57.378442940582794,485.0,637.0,22.88625,0.7604498198904546,21.12,23.67,58.765,8.851810145791816,49.74,78.34,99235.35875,101.26138813380491,99118.47,99373.3,14.26625,1.5336132637849564,12.34,17.26,1154.655,275.24396264301345,542.72,1422.42,,60.10822,240.0701999999999,60.0195909999999,,0,1,4,1,0,14880.222381,480.6782429999996,60.025575,479.8403259999996,,1,8,1,8,0,5.93,0.054439290623926835,5.87,6.07,1538.1666666666667,112.00798131735023,1440.0,1722.0,830.75,60.33109404851623,778.0,930.0,0.7716666666666666,0.05982297116315673,0.72,0.87,1.001,0.0,1.001,1.001,20120.26,464.0257103378487,19411.75,20827.74,24.653875,0.4946182239869464,23.871,25.545,1.0925,0.004522670168666517,1.09,1.1,,,30.0,30.0,30.0,0,0,3,3,3,12,,0.0,,0.0,,0.0,,0.0,,0.0
trial1,2025-10-27,16,,,,,,,,,,,,,,487.25,15.107944929738121,469.0,502.0,22.2125,1.3471791516597436,21.38,24.22,62.254999999999995,10.527875695821384,48.42,71.24,99123.49,114.16769245281009,99002.88,99237.4,14.4325,1.8350181652143576,12.5,16.06,1005.215,355.18757040001645,737.71,1515.23,479.5,20.500871061633323,451.0,499.0,23.658749999999998,2.3713976439463478,21.38,29.02,54.23625,8.021759581645053,48.73,73.6,99129.3925,159.3624669693964,98916.26,99278.83,13.688749999999999,2.154864513473775,11.12,17.49,1336.83375,358.9285809555792,671.61,1954.5,,630.0247214999999,300.1004795,59.98669,,0,3,5,1,0,57659.923131,690.0853694999997,59.9971065,420.0094419999997,,1,7,1,7,0,6.0616666666666665,0.036639108100829085,5.99,6.13,1744.8333333333333,69.61038759126436,1683.0,1884.0,942.5416666666666,37.68014809692324,909.0,1018.0,0.8816666666666667,0.03737605780402344,0.85,0.96,1.001,0.0,1.001,1.001,21669.635416666668,479.47339979994854,20955.955,22410.36,26.406625000000002,2.622246478992945,24.069,31.061,1.1300000000000001,0.05134553180524697,1.08,1.19,,,,,,0,0,0,0,0,13,,0.0,,0.0,,0.0,,0.0,,0.0
trial1,2025-10-28,16,,,,,,,,,,,,,,518.25,13.500000000000016,501.0,529.0,20.560000000000002,2.2036787424667867,17.26,21.84,63.6475,12.07901589534512,45.64,71.3,99120.5325,126.36995749914078,99039.41,99309.07,13.225,5.325645500782041,5.25,16.15,861.2574999999999,151.23339542464376,738.8,1080.72,497.25,41.85604581692556,442.0,552.0,22.17875,1.3658428847104953,19.95,23.53,47.7825,4.8543787302952435,43.15,55.61,99129.81625,91.60955049049986,99000.99,99248.53,10.58625,2.06779342364201,8.66,14.06,1402.58125,180.20944143947776,1218.34,1625.73,,360.0,180.0801264999997,60.033069,,0,1,3,1,0,57632.432512,180.3654789999999,59.982325,480.1511964999998,,2,3,1,8,0,6.052499999999999,0.05674904885065931,5.98,6.15,1690.9166666666667,30.50322884051744,1642.0,1753.0,913.3333333333334,16.499770429991578,887.0,947.0,0.8533333333333334,0.016143297699232978,0.83,0.89,1.001,0.0,1.001,1.001,23309.184999999998,498.37306310817013,22549.305,24068.26,24.492833333333333,0.645048776638188,23.506,25.7635,1.1724999999999999,0.004522670168666437,1.17,1.18,,,,,,0,0,0,0,0,14,,0.0,,0.0,,0.0,,0.0,,0.0
trial1,2025-10-29,16,3.0,38117.0,114351.0,44023.0,5144.232401437555,0.6525666666666666,0.0898496707469389,0.556,0.7337,38.833333333333336,11.59,83.82,0.21428571428571427,523.0,4.24264068711929,519.0,528.0,21.53,0.2580697580112789,21.21,21.84,59.775,5.722543140947042,51.78,65.29,99270.6575,123.7004654733881,99087.27,99354.19,12.885,2.302209084046596,9.57,14.9,984.7025,102.14796534929121,894.24,1124.28,482.625,32.72804607672141,448.0,547.0,21.85125,1.2506733900469105,20.52,23.68,47.91625,5.007183232973553,41.92,55.29,99155.11624999999,171.55092104824578,98949.15,99371.61,10.4875,1.7453100420432879,8.96,14.49,1386.505,210.45434177376472,1184.69,1690.64,,989.9599014999999,180.2227349999998,60.0147999999999,,0,4,3,1,0,13859.950348,180.1118489999999,64.7321489999999,480.2263394999995,19.87,1,3,2,8,1,6.0575,0.05083395429327631,5.99,6.13,1663.625,18.07198359088151,1646.0,1706.0,898.6666666666666,9.7545638114431,889.0,921.0,0.8374999999999999,0.009653072991634185,0.83,0.86,1.001,0.0,1.001,1.001,24962.149583333332,495.6030154929635,24205.7,25717.77,25.792166666666663,6.956126597642128,23.031,47.818,1.1691666666666667,0.002886751345948129,1.16,1.17,19.87,,,,,1,0,0,0,0,15,,0.3627815516624955,,-0.09147896555833634,,-0.29808898927969596,,0.5,,0.5
trial1,2025-10-30,16,,,,,,,,,,,,,,532.4,28.236501199688313,488.0,559.0,21.734,0.2483545852204068,21.52,22.16,61.448,10.590244095392706,42.91,68.11,99032.478,61.871448746565605,98939.24,99112.73,13.868,2.7118480783406724,9.13,15.59,1005.8459999999999,294.52032303391223,829.38,1524.76,486.625,32.57052786975191,453.0,535.0,23.26375,0.6408239673598796,21.92,23.99,47.8925,7.059815355740041,42.29,62.57,98991.82125000001,123.45724609151632,98839.81,99149.74,11.7075,2.1378610806130496,9.55,15.67,1508.79125,186.6367673498063,1145.86,1695.51,,930.021513,240.2286239999999,60.012895,,0,3,4,1,0,57660.241917,300.2141819999998,60.109517,480.0569289999995,,1,5,1,8,0,5.990769230769231,0.05707619738290476,5.91,6.09,1698.2692307692307,24.340137791152856,1666.0,1755.0,917.3076923076923,13.0663984797177,900.0,948.0,0.856153846153846,0.01325296290046214,0.84,0.89,1.001,0.0,1.001,1.001,26680.618076923074,534.4972863064033,25855.07,27502.145,24.658076923076923,0.9067877564548451,23.611,26.731,1.1646153846153846,0.005188745216627784,1.16,1.17,,,50.0,50.0,50.0,0,0,5,5,5,16,,0.0,,0.0,,0.0,,0.0,,0.0
trial1,2025-10-31,16,,,,,,,,,,,,,,526.25,16.879474715365603,504.0,545.0,22.4575,1.6578575531892563,21.47,24.93,58.545,16.941634120316337,33.39,68.87,99106.64749999999,96.27819980833172,99027.93,99234.27,13.317499999999999,3.7383719718615485,7.83,15.9,1165.5449999999998,626.8044953306147,809.74,2101.91,520.25,28.16152390357151,483.0,551.0,24.0275,1.7194330460939735,21.12,25.94,45.2025,11.805299959884843,33.58,67.14,99107.4775,97.76556153077638,98990.61,99238.84,10.932500000000001,2.325730300050164,8.76,14.79,1655.71625,503.3613522804893,817.78,2226.52,,420.0065705,240.3772724999997,59.998999,,0,2,4,1,0,57659.689492,480.2603559999997,60.1268269999999,479.9809594999998,,1,8,1,8,0,6.159166666666667,0.09839238083337877,6.03,6.31,1669.5,24.511592804593178,1642.0,1713.0,901.6666666666666,13.282478775599174,887.0,925.0,0.84,0.01128152149635534,0.83,0.86,1.001,0.0,1.001,1.001,28391.354583333334,493.5778728900112,27638.71,29139.3,23.8025,0.1534362467547409,23.442,24.028,1.1583333333333332,0.0038924947208076014,1.15,1.16,,,120.0,120.0,120.0,0,0,12,12,12,17,,0.0,,0.0,,0.0,,0.0,,0.0
trial1,2025-11-01,12,7.0,29758.428571428572,208309.0,42025.0,12001.772117165905,0.7585714285714286,0.22067993953752504,0.3741,0.9732,23.782857142857146,8.59,49.59,0.5,530.5,34.230834053525484,492.0,557.5,21.48,0.566656862660289,20.83,21.87,68.28333333333335,1.109248995191488,67.01,69.04,99295.20333333332,90.41237157232607,99239.67,99399.53,15.346666666666666,0.82476259210353,14.4,15.91,807.66,4.09337269253607,804.18,812.17,549.4444444444445,66.86574442700669,499.0,713.0,23.38222222222222,1.0186115277398176,21.33,24.17,49.07888888888888,8.696511433391617,39.88,68.39,99260.07333333333,113.9600521016041,99125.36,99439.19,12.028888888888888,2.119695994974541,9.75,15.46,1478.5566666666666,308.91692843708,800.53,1800.68,,120.1140839999999,300.2713404999999,60.0164599999999,,0,2,5,1,0,24840.235585,420.1274789999997,120.0396019999999,360.0340084999997,,1,7,2,6,0,6.28,0.03954284212896654,6.23,6.35,1668.3333333333333,18.38024301616637,1650.0,1702.0,901.1666666666666,9.968891005462332,891.0,919.0,0.9238333333333332,0.08101047444433936,0.83,1.001,1.001,0.0,1.001,1.001,14952.222499999998,15306.237574939461,6.82,29887.825,23.545125,0.8877849894540916,22.665,25.7,1.1495833333333332,0.0014433756729740341,1.145,1.15,,,110.0,110.0,120.0,0,0,11,11,12,18,,0.821663124939878,,-0.21928723216862367,,0.16244280825166557,,1.3333333333333335,,1.3333333333333335
trial1,2025-11-02,16,6.0,30576.5,183459.0,43666.0,6666.111902751108,0.7307833333333335,0.17356276578421612,0.4353,0.9174,82.40499999999999,11.19,185.94,0.42857142857142855,509.6,13.538833036861032,488.0,522.0,20.392000000000003,1.4952157035023403,18.69,22.16,62.92999999999999,11.299396001556897,42.91,70.63,99218.992,215.8656852535811,98939.24,99412.01,12.89,2.2882744590629853,9.13,15.31,903.766,356.2343010295331,631.76,1524.76,558.375,121.19280683510645,484.0,802.0,22.06,2.6321854038042236,18.41,25.94,51.6825,11.213776922034022,33.58,73.35,99284.25375,158.83781835908485,99010.61,99466.4,11.46875,2.8434206638182413,8.02,16.33,1325.9850000000001,463.5809377937302,565.48,2226.52,,,179.98980699999981,,,0,0,3,0,0,17654.17027,360.1967204999999,180.2779639999999,420.0785289999994,,2,6,3,7,0,6.2092307692307696,0.14430647585731887,5.99,6.36,1668.2307692307693,109.21626393395951,1553.0,1919.0,901.3076923076923,58.93129419839204,839.0,1037.0,0.9598461538461538,0.06592147620951024,0.84,1.001,1.001,0.0,1.001,1.001,7072.449230769231,11631.275868431174,3.42,27502.145,22.332,1.7148020415391,20.05,25.049,1.1515384615384614,0.005547001962252313,1.14,1.16,,,90.0,90.0,80.0,0,0,9,9,8,19,-24850.0,-0.11929393353143647,818.0714285714275,0.027490410879990712,-0.027788095238095112,-0.036632140615191267,-1.0,-0.1428571428571429,-0.07142857142857145,-0.1428571428571429
trial1,2025-11-03,16,,,,,,,,,,,,,,533.6666666666666,9.865765724632485,527.0,545.0,21.633333333333336,0.21733231083604024,21.47,21.88,66.92999999999999,2.94603122861928,63.54,68.87,99099.65333333332,116.66502232174689,99027.93,99234.27,15.146666666666667,0.9423552055002054,14.09,15.9,853.4233333333333,69.3267930408824,809.74,933.36,518.4444444444445,26.893824156816724,483.0,551.0,24.12777777777778,1.6362745626710833,21.12,25.94,43.89,11.723837895501624,33.39,67.14,99109.71666666666,91.69769190115733,98990.61,99238.84,10.587777777777779,2.4088159839316163,7.83,14.79,1705.2933333333333,493.7834083127945,817.78,2226.52,,,,,,0,0,0,0,0,57659.957341,,,,,1,0,0,0,0,6.159166666666667,0.09839238083337877,6.03,6.31,1669.5,24.511592804593178,1642.0,1713.0,901.6666666666666,13.282478775599174,887.0,925.0,0.84,0.01128152149635534,0.83,0.86,1.001,0.0,1.001,1.001,28391.354583333334,493.5778728900112,27638.71,29139.3,23.8025,0.1534362467547409,23.442,24.028,1.1583333333333332,0.0038924947208076014,1.15,1.16,,,,,,0,0,0,0,0,20,,0.0,,0.0,,0.0,,0.0,,0.0
trial1,2025-11-04,16,9.0,38190.555555555555,343715.0,42941.0,3649.047824813725,0.7018333333333333,0.21195018282605937,0.357,0.9934,63.306666666666665,14.18,234.81,0.6428571428571429,503.25,8.381527307120106,492.0,512.0,20.95,0.4570193285482187,20.42,21.52,70.69,2.5187960086782173,67.01,72.72,99273.4325,85.81324077126425,99207.36,99399.53,15.405000000000001,0.7349603163890329,14.4,16.14,725.8125,63.23779058706379,654.01,806.63,509.75,25.838785906904718,481.0,555.0,23.465,0.7630764799715123,21.92,24.24,53.89625,8.801218969957677,39.88,64.58,99309.1475,218.0773444544023,99034.74,99633.98,13.69375,2.618614341866432,9.75,17.66,1337.60375,272.94784179595825,1015.59,1800.68,,,,,,0,0,0,0,0,57660.379539,114.811127,120.047315,285.8094984999999,250.13,1,2,2,5,5,6.100833333333333,0.1488414857450293,5.85,6.3,2057.875,529.0057623418758,1655.0,3141.0,1111.5,285.59483379590233,894.0,1696.0,1.0910833333333334,0.2630846591475601,0.93,1.64,1.0012222222222222,0.0004409585518441258,1.001,1.002,2591.9558333333334,1783.7242657452225,50.775,4658.13,25.082833333333337,1.9864688443811453,22.665,29.204,1.1483333333333332,0.0057735026918962545,1.14,1.16,250.13,,10.0,10.0,10.0,5,0,1,1,1,21,,0.8735248747676592,,0.24901658317843944,,-0.03961502497320246,,0.5,,0.5000000000000002
trial1,2025-11-05,16,9.0,34566.0,311094.0,41915.0,4614.615991607536,0.6968333333333333,0.17981507167086971,0.4467,0.9217,63.16444444444445,13.82,246.25,0.6428571428571429,512.4,17.586926962946084,488.0,536.0,20.1,1.3121547164873502,18.69,22.16,69.546,20.310790974257998,42.91,100.0,99385.354,330.2162966602354,98939.24,99868.22,13.872,3.9998649977217973,9.13,20.22,732.836,542.1961789149753,0.0,1524.76,476.25,47.27352022311977,448.0,585.0,23.00875,0.589368608888237,21.92,23.88,57.3225,6.453755827865994,42.22,62.57,99660.0975,323.8597634228196,99034.74,99945.34,14.19,1.7688010467141697,10.26,15.94,1212.15875,200.67173432089817,1085.64,1702.67,,,,,,0,0,0,0,0,23906.06663,,120.07481449999989,360.0253059999997,420.44,1,0,2,6,7,6.115833333333334,0.16098889477980852,5.85,6.33,2144.1153846153848,510.6983027289756,1619.0,3141.0,1158.076923076923,275.65201841526624,875.0,1696.0,1.1363846153846153,0.24377125153906695,0.93,1.64,1.0011999999999999,0.00042163702135584997,1.001,1.002,2394.961923076923,1850.654621479179,50.775,4658.13,26.13703846153846,4.559274071702363,21.28,39.393,1.15,0.007071067811865436,1.14,1.17,420.44,,20.0,20.0,10.0,7,0,2,2,1,22,-32621.0,-0.0949071178156321,-3624.5555555555547,-0.0949071178156321,-0.0050000000000000044,-0.007124198527665659,0.0,0.0,0.0,0.0
trial1,2025-11-06,16,8.0,36650.625,293205.0,44708.0,4924.646178370875,0.717675,0.17138170222384555,0.4594,0.9162,114.4775,17.46,206.89,0.5714285714285714,515.0,19.131126469708992,487.0,530.0,19.8275,1.5223091013325782,18.08,21.62,83.7975,15.139223615055917,62.91,97.49,99545.0675,274.1103347650309,99308.0,99839.87,17.060000000000002,1.4619849520429398,15.31,18.82,418.105,438.69814386811953,55.97,1038.75,469.75,28.684241567204012,436.0,522.0,22.26125,1.865134522149618,17.7,23.45,70.35875,11.328731409877404,58.33,91.37,99524.88875,205.95409560923937,99274.41,99764.43,16.4175,1.9893268782609415,14.03,19.59,802.4275,314.1470712784971,174.46,1109.31,,,179.9914539999999,,,0,0,3,0,0,57660.1758,,360.0549464999998,239.9481349999999,690.54,1,0,6,4,8,6.273333333333333,0.05515817475609812,6.19,6.35,2215.4583333333335,98.64086796725454,2067.5,2365.5,1196.6666666666667,53.237176575180676,1117.0,1277.5,1.1320833333333333,0.051850235965682646,1.05,1.21,1.001,0.0,1.001,1.001,1485.2608333333335,486.1967109188763,736.66,2191.65,26.753208333333333,3.4133080692165443,24.1755,37.407,1.1583333333333332,0.005773502691896394,1.15,1.17,750.5600000000001,,,,,9,0,0,0,0,23,-17889.0,-0.05750351983644819,2084.625,0.060308540183995785,0.020841666666666647,0.029909112652475534,-1.0,-0.11111111111111116,-0.07142857142857151,-0.11111111111111127
trial1,2025-11-07,16,6.0,37578.5,225471.0,41256.0,2142.266440011607,0.7534833333333334,0.10078703124245035,0.6217,0.8651,129.22666666666666,18.51,242.86,0.42857142857142855,527.5,24.310491562286437,505.0,562.0,20.2425,1.9944986838802385,18.08,22.59,82.39750000000001,17.95871074622749,56.88,97.49,99342.8625,506.5084368744441,98867.13,99839.87,16.9125,2.1719020082253557,13.94,18.82,450.94499999999994,497.1879635510095,55.97,1162.32,515.625,68.20753519328241,459.0,643.0,22.97375,0.19617321063649046,22.74,23.3,68.93,11.492897185404802,57.84,90.15,98973.37375,189.0956501681189,98731.6,99172.66,16.785,2.4983423075540077,14.09,21.09,865.77625,311.1570958736117,273.27,1156.37,,,120.0232015,60.003416,,0,0,2,1,0,57659.922859,,300.2736169999997,240.11552149999991,480.82,1,0,5,4,8,6.165,0.08501336793277096,6.09,6.35,2031.7916666666667,120.08736560849303,1931.0,2288.0,1097.5,64.97482029776828,1043.0,1236.0,1.035,0.06346079677464439,0.98,1.17,1.001,0.0,1.001,1.001,2957.2820833333335,626.4191473709855,1692.57,3506.46,25.907958333333337,0.4877438531523255,24.899,26.481,0.8658333333333332,0.5221364909212103,0.0,1.16,540.93,,,,,9,0,0,0,0,24,-67734.0,-0.2310124315751778,927.875,0.025316757899763065,0.03580833333333344,0.049894915293598796,-2.0,-0.25,-0.14285714285714285,-0.25
trial1,2025-11-08,16,10.0,31193.0,311930.0,44234.0,8455.669380165396,0.65532,0.20279858535557446,0.3882,0.9777,86.089,9.32,266.47,0.7142857142857143,572.25,36.84539772255599,518.0,598.0,20.39,1.1144804469647145,19.33,21.92,87.96,4.987992248055992,80.88,92.27,98985.79250000001,199.90834606138498,98848.71,99280.83,18.325,0.2253145948816158,18.05,18.57,295.68,146.62295431934706,173.48,505.64,549.9375,81.46534648899143,461.0,711.5,23.7175,0.734589292442673,22.48,24.88,63.4575,11.33741309621757,52.89,84.93,99074.9575,247.61813444725928,98856.3,99633.98,16.2275,2.601289515386003,13.48,19.82,1073.955,331.0426672111704,410.16,1361.58,,,120.0235614999998,,,0,0,2,0,0,19724.390996,119.926261,420.0988195,240.0683469999998,480.16,1,2,7,4,8,6.151666666666667,0.02552479483786609,6.11,6.19,2009.2916666666667,192.35389477037717,1845.0,2443.0,1085.25,103.78901238044945,996.0,1319.0,1.0216666666666667,0.1039959206659161,0.93,1.26,1.001,0.0,1.001,1.001,1576.8258333333333,1721.7529073088608,0.0,3506.46,28.502958333333336,4.838170740242888,24.689,39.393,0.19499999999999998,0.4554218823344909,0.0,1.17,420.05,,,,,7,0,0,0,0,25,86459.0,0.38345951364033515,-6385.5,-0.16992429181579893,-0.09816333333333338,-0.13027936915215999,4.0,0.6666666666666667,0.28571428571428575,0.6666666666666667
trial1,2025-11-09,16,11.0,27420.727272727272,301628.0,44352.0,9638.395614322013,0.6448272727272727,0.17783617230984866,0.368,0.9243,58.70454545454545,8.07,113.96,0.7857142857142857,554.25,15.063753405664428,542.0,574.0,21.125,1.1474173899094724,20.06,22.7,84.9625,11.193252059462733,68.53,93.17,99394.47750000001,141.052551052206,99318.98,99605.99,18.68,0.6019966777316956,17.78,19.04,391.3925,321.65537514292106,160.32,864.67,464.4375,32.286040216433214,427.5,520.0,23.065,0.49612786370335743,22.27,23.7,63.808749999999996,9.88093176274383,52.56,78.85,99391.1875,106.05165611288318,99249.34,99530.88,15.58,2.1911119160306325,13.15,18.93,1028.7,289.2989311125382,620.87,1397.85,,60.0249079999999,59.999879,60.0849894999999,,0,1,1,1,0,57659.935076,,420.0948579999996,240.0326059999998,480.3,1,0,7,4,8,6.120833333333334,0.020652243256245928,6.09,6.16,1846.25,19.400679463265323,1820.0,1885.0,997.25,10.428326807307105,983.0,1018.0,0.935,0.011677484162422805,0.92,0.96,1.001,0.0,1.001,1.001,0.0,0.0,0.0,0.0,25.989625,0.49222967315711896,25.312,26.781,0.0,0.0,0.0,0.0,540.37,,10.0,10.0,10.0,9,0,1,1,1,26,-10302.0,-0.03302664059244065,-3772.272727272728,-0.12093330962949145,-0.01049272727272732,-0.016011608485514417,1.0,0.10000000000000009,0.0714285714285714,0.09999999999999987
trial1,2025-11-10,16,10.0,32209.3,322093.0,43856.0,7688.674051992177,0.69379,0.0954371398705277,0.5481,0.8264,107.07300000000001,13.5,359.91,0.7142857142857143,544.2,64.34827115004724,469.0,603.0,21.854,1.4053753946899739,20.56,24.22,73.396,18.19027157576269,48.42,88.83,99372.228,315.81837449711145,99002.88,99612.67,16.452,3.286543777283364,12.5,18.94,707.3860000000001,530.9208286835242,270.81,1515.23,475.75,47.03721930556695,429.0,586.0,22.7,0.8603985787329701,20.61,23.3,67.26375,9.806859024609839,57.84,86.4,99380.87875,398.73832319446353,98731.6,99736.0,16.21125,1.7196962979383477,14.09,18.47,904.18,272.7588670812161,345.52,1156.37,,60.075699,179.99213,,,0,1,3,0,0,57659.893078,,240.0008534999997,59.976932,360.23,1,0,4,1,6,6.133076923076923,0.01797434068545838,6.09,6.16,1836.9615384615386,8.627624089857933,1821.0,1853.0,992.3076923076923,4.71495166791445,983.0,1001.0,0.9292307692307692,0.004935481167928208,0.92,0.94,1.001,0.0,1.001,1.001,0.0,0.0,0.0,0.0,25.772384615384617,0.3242089188731912,25.222,26.522,0.0,0.0,0.0,0.0,360.23,,20.0,20.0,20.0,6,0,2,2,2,27,20465.0,0.06784847560571294,4788.572727272727,0.17463332316628422,0.048962727272727324,0.0759315391013804,-1.0,-0.09090909090909094,-0.0714285714285714,-0.09090909090909083
