trial,date,DAT,n_images,mean_brightness,fw_median_g,label_source,is_fw_checkpoint,env_night_co2_ppm_mean,env_night_air_temp_c_mean,env_night_humidity_pct_mean,env_night_vpd_pa_mean,env_day_co2_ppm_mean,env_day_air_temp_c_mean,env_day_humidity_pct_mean,env_day_vpd_pa_mean,nutrient_ph_mean,nutrient_ec_us_cm_mean,nutrient_ec_ms_cm_mean,has_sensor_row,has_image_t_and_t4
trial1,2025-10-14,0,2,121.97,4.7,Lettuce_model/data/observed_fresh_weight.csv,True,458.25,21.4725,69.2925,788.74,462.75,23.05625,58.945,1166.9025,5.9375,1300.625,,True,1
trial1,2025-10-15,1,16,122.20125,,,False,454.25,20.375,71.5975,681.7725,469.125,23.13625,60.3625,1128.40375,5.989166666666667,1308.5833333333333,,True,1
trial1,2025-10-16,2,16,122.306875,,,False,492.0,21.4875,68.195,816.3325,492.5,22.96375,59.235,1148.82875,6.015833333333333,1345.0833333333333,,True,1
trial1,2025-10-17,3,16,122.41625,,,False,507.0,21.684,66.03399999999999,890.676,490.625,22.84,58.96125,1131.7825,6.02,1374.8461538461538,,True,1
trial1,2025-10-18,4,16,122.811875,13.1,Lettuce_model/data/observed_fresh_weight.csv,True,491.25,21.8025,65.765,897.98,495.0,23.0325,58.4525,1167.915,6.006666666666667,1414.375,,True,1
trial1,2025-10-19,5,16,120.929375,,,False,526.3333333333334,21.586666666666662,68.93333333333334,802.6,542.1111111111111,22.87,55.43111111111111,1218.8644444444444,5.97,1446.0833333333333,,True,1
trial1,2025-10-20,6,16,120.53625,,,False,517.0,20.645,75.76750000000001,604.005,497.1875,22.89875,64.57375,1001.1125,5.894166666666667,1583.5,,True,1
trial1,2025-10-21,7,16,118.481875,,,False,508.0,21.782,75.256,657.316,569.125,23.7175,62.255,1100.01125,5.884615384615385,1596.2692307692307,,True,1
trial1,2025-10-22,8,16,118.4575,19.8,Lettuce_model/data/observed_fresh_weight.csv,True,472.75,21.7675,71.155,764.8875,462.625,22.68,64.105,994.6275,5.996666666666667,1455.2083333333333,,True,1
trial1,2025-10-23,9,16,116.08375,,,False,483.6666666666667,21.09,71.30666666666667,719.3166666666666,482.3333333333333,22.744444444444444,62.71333333333333,1034.7222222222222,5.965,1518.0,,True,1
trial1,2025-10-24,10,16,113.696875,,,False,493.5,20.1575,66.425,764.8,495.375,20.56125,52.485,1140.71125,5.895833333333333,1541.25,,True,1
trial1,2025-10-25,11,16,110.461875,,,False,497.0,20.098,72.43199999999999,637.8599999999999,532.875,22.89375,60.62875,1106.62375,6.109230769230769,1604.6538461538462,,True,1
trial1,2025-10-26,12,16,111.06,27.3,Lettuce_model/data/observed_fresh_weight.csv,True,497.0,21.6625,68.2075,839.4599999999999,527.0,22.88625,58.765,1154.655,5.93,1538.1666666666667,,True,1
trial1,2025-10-27,13,16,112.6725,,,False,487.25,22.2125,62.255,1005.215,479.5,23.65875,54.23625,1336.83375,6.0616666666666665,1744.8333333333333,,True,1
trial1,2025-10-28,14,16,109.715,,,False,518.25,20.56,63.6475,861.2574999999999,497.25,22.17875,47.7825,1402.58125,6.052499999999999,1690.9166666666667,,True,1
trial1,2025-10-29,15,16,106.98,,,False,523.0,21.53,59.775,984.7025,482.625,21.85125,47.91625,1386.505,6.0575,1663.625,,True,1
trial1,2025-10-30,16,16,108.775,42.3,Lettuce_model/data/observed_fresh_weight.csv,True,532.4,21.734,61.448,1005.846,486.625,23.26375,47.8925,1508.79125,5.990769230769231,1698.2692307692307,,True,1
trial1,2025-10-31,17,16,106.065,,,False,526.25,22.4575,58.545,1165.5449999999998,520.25,24.0275,45.2025,1655.71625,6.159166666666667,1669.5,,True,1
trial1,2025-11-01,18,12,106.08,,,False,530.5,21.48,68.28333333333335,807.66,549.4444444444445,23.38222222222222,49.07888888888888,1478.5566666666666,6.28,1668.3333333333333,,True,1
trial1,2025-11-02,19,16,109.195625,,,False,509.6,20.392000000000003,62.92999999999999,903.766,558.375,22.06,51.6825,1325.985,6.2092307692307696,1668.2307692307693,,True,1
trial1,2025-11-03,20,16,108.463125,80.8,Lettuce_model/data/observed_fresh_weight.csv,True,533.6666666666666,21.633333333333336,66.92999999999999,853.4233333333333,518.4444444444445,24.12777777777778,43.89,1705.2933333333333,6.159166666666667,1669.5,,True,1
trial1,2025-11-04,21,16,110.210625,,,False,503.25,20.95,70.69,725.8125,509.75,23.465,53.89625,1337.60375,6.100833333333333,2057.875,,True,1
trial1,2025-11-05,22,16,117.68625,,,False,512.4,20.1,69.546,732.836,476.25,23.00875,57.3225,1212.15875,6.115833333333334,2144.1153846153848,,True,1
trial1,2025-11-06,23,16,117.38625,,,False,515.0,19.8275,83.7975,418.105,469.75,22.26125,70.35875,802.4275,6.273333333333333,2215.458333333333,,True,1
trial1,2025-11-07,24,16,121.11812499999999,139.3,Lettuce_model/data/observed_fresh_weight.csv,True,527.5,20.2425,82.39750000000001,450.945,515.625,22.97375,68.93,865.77625,6.165,2031.7916666666667,,True,0
trial1,2025-11-08,25,16,121.36875,,,False,572.25,20.39,87.96,295.68,549.9375,23.7175,63.4575,1073.955,6.151666666666667,2009.2916666666667,,True,0
trial1,2025-11-09,26,16,121.688125,,,False,554.25,21.125,84.9625,391.3925,464.4375,23.065,63.80875,1028.7,6.120833333333334,1846.25,,True,0
trial1,2025-11-10,27,16,125.50375,,,False,544.2,21.854,73.396,707.3860000000001,475.75,22.7,67.26375,904.18,6.133076923076923,1836.9615384615383,,True,0
trial1,2025-11-11,28,0,,219.8,Lettuce_model/data/observed_fresh_weight.csv,True,535.25,20.315,83.47999999999999,447.995,472.0,22.5575,71.53625,800.6912500000001,6.091666666666666,2089.5416666666665,,True,0
trial2,2026-01-19,0,0,,4.7,Lettuce_model/data/observed_fresh_weight.csv,True,,18.902647756212122,98.59031126287879,839.2212054500001,,22.752024078648645,57.39040921945946,1173.894722527778,5.873621212121211,1437.5533980582525,1.4375533980582524,True,0
trial2,2026-01-20,1,16,103.70625,,,False,,17.97717053586207,99.96839189935781,,,23.05406999272727,65.14572699992674,1012.9933254609848,5.9412802631578945,1489.0641361256544,1.4890641361256545,True,1
trial2,2026-01-21,2,16,103.663125,,,False,,,,,,22.133994350763086,61.336552129903744,1019.1158220901596,6.129779069767441,1468.3023255813953,1.4683023255813952,True,1
trial2,2026-01-22,3,16,104.09,,,False,551.1818181818181,18.798411222919515,84.61246526226137,405.42296979774216,561.6813186813187,22.20384451330346,62.43446662542566,1023.9011756375066,5.897391719745222,1423.4583333333333,1.4234583333333333,True,1
trial2,2026-01-23,4,16,103.73375,17.8,Lettuce_model/data/observed_fresh_weight.csv,True,555.1988636363636,18.91179744030288,87.5895783761896,439.2592092595751,557.0455840455841,22.352559828725756,63.47001151476461,1023.2246430278282,5.869540796963946,1464.6039094650205,1.4646039094650205,True,1
trial2,2026-01-24,5,16,103.87375,,,False,558.3181818181819,18.826304335293113,96.71391657496261,543.4855853742391,528.9557692307692,22.352701078930227,64.37341426033342,1027.097132818361,5.8730104364326365,1452.583661417323,1.4525836614173229,True,1
trial2,2026-01-25,6,16,105.489375,,,False,551.375,19.04180693141737,93.60345817511947,390.7181062935704,540.8888888888889,22.63816674575336,65.76563612559875,1004.1442017315711,5.868940506329114,1452.6434316353887,1.4526434316353887,True,1
trial2,2026-01-26,7,16,108.311875,,,False,540.6290322580645,19.05594952940099,79.78660834421649,445.4093797527688,547.2734375,22.25972294328606,65.09742749353498,999.7568591919471,5.85068947368421,1428.3526315789475,1.4283526315789474,True,1
trial2,2026-01-27,8,16,108.963125,20.8,Lettuce_model/data/observed_fresh_weight.csv,True,522.7,19.135724403081213,79.10426611159625,463.91774716617766,527.8627450980392,22.19491023463364,63.56768396012382,1037.1670042116632,5.914887323943662,1457.2535211267605,1.4572535211267605,True,1
trial2,2026-01-28,9,16,109.875,,,False,837.6287878787879,21.969052168405018,81.54290078038723,495.23133548440677,815.4864864864865,21.91325690405993,61.58603440733458,1002.1404751839067,5.80481654676259,1528.9892857142856,1.5289892857142857,True,1
trial2,2026-01-29,10,16,109.52375,,,False,889.0818181818182,23.737990281540185,83.91299306743973,492.2252797521183,862.231046931408,22.110361512733103,65.82083545441706,982.7814504443644,5.846206718346252,1492.138242894057,1.4921382428940568,True,1
trial2,2026-01-30,11,16,110.045625,,,False,847.2121212121212,19.957521617621534,79.04155747726686,491.29466010519405,846.650390625,21.956434745098505,64.10996606112933,952.4821681357538,5.873549689440994,1567.6195652173913,1.5676195652173912,True,1
trial2,2026-01-31,12,16,109.74875,26.3,Lettuce_model/data/observed_fresh_weight.csv,True,790.9426229508197,18.94453897656745,81.18705503502022,420.233500692369,769.113475177305,22.699220234317863,64.76077660531524,992.097305790819,5.982127862595418,1534.0399239543726,1.5340399239543727,True,1
trial2,2026-02-01,13,16,109.63625,,,False,563.225,18.830885799846833,84.05884898397719,347.2114268025019,540.030612244898,22.50004123484755,63.586841448043714,1026.36505507274,6.106218309859154,1473.1301369863013,1.4731301369863012,True,0
trial2,2026-02-02,14,16,105.466875,,,False,,,,,672.5170068027211,23.11676820791751,54.28391177764212,991.386797559304,6.107110655737705,1455.0846812559466,1.4550846812559466,True,0
trial2,2026-02-03,15,16,111.154375,,,False,,,,,636.7333333333333,23.111041582943034,61.419991465424104,983.3615490617602,6.049603773584906,1449.5299539170508,1.4495299539170508,True,0
trial2,2026-02-04,16,16,112.418125,41.8,Lettuce_model/data/observed_fresh_weight.csv,True,,,,,577.15,22.774830076421438,56.46664243283088,939.2668783254462,6.003089552238806,1484.6791044776119,1.484679104477612,True,1
trial2,2026-02-05,17,0,,,,False,,,,,542.6875,22.17760032286079,63.03988121661463,1008.4301721047162,6.104813008130081,1462.3273195876288,1.4623273195876287,True,0
trial2,2026-02-06,18,0,,,,False,543.375,19.095097825233044,83.90377623603457,460.6435636210326,515.0,22.247548305138444,66.17779560943546,967.2093938455232,,1436.4,1.4364000000000001,True,0
trial2,2026-02-07,19,0,,,,False,579.275,18.77817868499765,85.67671903525664,346.3589671289658,559.6176470588235,23.5912007760142,64.73321392916056,1051.3529642203775,,1440.7057291666667,1.4407057291666667,True,0
trial2,2026-02-08,20,7,112.49428571428572,70.8,Lettuce_model/data/observed_fresh_weight.csv,True,549.7666666666667,20.354170886862022,78.91661307153691,497.4527961238781,518.8,21.97685910518646,65.67647022055529,961.8852810417359,6.153379310344828,1471.560975609756,1.471560975609756,True,1
trial2,2026-02-09,21,16,112.2075,,,False,556.28125,18.833832588085844,84.65634306622059,378.5465805862212,497.4921875,21.18424727430801,61.504458340281786,980.6513457067706,6.127944444444444,1509.2967914438502,1.5092967914438502,True,1
trial2,2026-02-10,22,16,113.188125,,,False,521.3418367346939,19.864018233509846,89.04471068869991,384.8478682886016,606.2131474103586,22.03558348850082,66.0485154541894,887.2509855328489,5.892308664259927,1446.4827981651376,1.4464827981651376,True,1
trial2,2026-02-11,23,16,113.82875,,,False,520.3255813953489,18.74034805941295,94.19938500083911,408.42950385517156,490.93548387096774,22.368794274628407,71.6140496087729,762.5668321686718,6.0255753295668555,1441.447216890595,1.441447216890595,True,1
trial2,2026-02-12,24,16,114.55,119.3,Lettuce_model/data/observed_fresh_weight.csv,True,548.810606060606,19.180643117714283,87.44045505925483,431.6043115398953,507.9292452830189,22.35683338671252,70.49284994624495,794.2412371462432,6.045111336032388,1477.1615226337449,1.477161522633745,True,1
trial2,2026-02-13,25,16,114.905,,,False,595.5688073394496,19.38940600032148,83.75427479779316,507.1784885423723,552.5683962264151,22.306872154205763,74.2697318889924,692.3501360109974,6.0178603174603165,1434.1225806451612,1.4341225806451612,True,0
trial2,2026-02-14,26,16,115.559375,,,False,,,,,,,,,,,,False,0
trial2,2026-02-15,27,16,115.295625,,,False,,,,,,,,,,,,False,0
trial2,2026-02-16,28,16,116.3025,179.8,Lettuce_model/data/observed_fresh_weight.csv,True,527.6212121212121,19.405305515259684,91.85631098939325,418.2158376369731,502.14516129032256,22.642483108427463,71.33130600754977,826.8853719855775,6.02385,1468.6131578947368,1.4686131578947368,True,0
