DAT,Wstruct,Wbuffer,GDD,freshWeightG,LAI,fLight,PgrossGCH2OM2D,RmaintGCH2OM2D,AgLeafUmolM2S,rGrPerD,VPDkPa,bufferClamped
0,3.75740228977497,1.06459731543624,0,4.52375,0.0954417941840611,0.0823118158698386,NaN,NaN,NaN,NaN,NaN,0
1,4.15256910922831,1.50821615732011,18.0797,5.31065521487673,0.105436194754399,0.0823118158698386,1.02039697195892,0.0828196057583656,5.07858856186455,0.105170218405603,0.943876829909446,0
2,4.68808745527264,1.879570569071,36.4992,6.16143621320831,0.11896717864133,0.0905293711506596,1.13446350808445,0.0937111637781626,5.13377793172195,0.128960730564178,1.01307708803126,0
3,5.33883496411354,2.23554129066527,54.9627,7.10588705679805,0.135389328222212,0.101537635596532,1.27552448646155,0.106119378816145,5.14633206888967,0.138808739181905,1.04280174290771,0
4,6.10730868249616,2.59094991350578,73.5427,8.16025519395293,0.154753661122117,0.11471919932377,1.43783027867051,0.121829507851719,5.13461126804937,0.143940339708594,1.05269806146904,0
5,6.9911618247971,3.00313858177094,92.0422,9.3761344184581,0.176986897558779,0.130014117963914,1.65559531273495,0.138590216593608,5.21674641069822,0.144720561584533,1.1253391537573,0
6,7.99253685788043,3.44998846338644,110.1361,10.7347839402848,0.202126647491817,0.14724944581424,1.85281764577462,0.154248972804964,5.15483847018446,0.143234423430384,0.832838480694768,0
7,9.19433346803799,3.88657061814125,129.1915,12.2718259445526,0.232228267322348,0.166326952399243,2.12732368692726,0.188495769475493,5.23970694268866,0.150364850550877,0.930950007593005,0
8,10.512822553023,4.37182737418526,147.5501,13.9640067650439,0.26516515576712,0.188609178813477,2.33998291873598,0.206614806460753,5.08259979646688,0.14340235641533,0.888135053840892,0
9,11.9939176351552,4.93642704613444,165.777,15.8831715102617,0.302054824018564,0.212308403073832,2.6500655841651,0.234097059550693,5.11358512648242,0.140884626812834,0.928182572423027,0
10,13.5475019571168,5.72904800793244,182.3719,18.0842596523962,0.34062576856634,0.238030950532184,2.97311301132009,0.23851164707,5.11698375714411,0.12953101473767,1.01902097123806,0
11,15.4300118550055,6.42123345755087,200.0543,20.4997053247056,0.38719254799979,0.264027990619678,3.33582190364465,0.290499081665403,5.17593647131791,0.138956237382178,0.919378267649794,0
12,17.6299781800367,10.0397295965906,218.5246,25.9582851104433,0.44137547308127,0.294235236509245,6.71789190329202,0.349437857963245,9.35350498730849,0.142577098819113,1.02832862500942,0
13,20.8210017300831,13.0834656323987,237.5854,31.8074132700616,0.5195138901635,0.327825920931742,7.44845605117839,0.4159405778124,9.30805672813534,0.180999858165436,1.18240102116412,0
14,24.5809179822848,16.302647701815,255.2867,38.3548414362314,0.610894182377259,0.373472431201404,8.36612739405707,0.447050009388518,9.17702630137182,0.180582870168502,1.19942560442166,0
15,29.1551257605747,19.4969577918299,272.9291,45.6428620882374,0.721060473352201,0.422937537330312,9.4376990561873,0.525629243310052,9.14167851241911,0.186087752360855,1.25483385566764,0
16,34.8934185677436,22.5326210055216,291.6588,53.874132681141,0.85770376614633,0.477408100300643,10.8807738375467,0.67224461489391,9.33697189590275,0.196819346769155,1.31581664136215,0
17,41.8553074584901,25.4520393596548,311.1272,63.1442627742079,1.02115448198198,0.537881251495228,12.4686031961125,0.846823728546034,9.49658476691674,0.199518682218838,1.43257539568775,0
18,49.6639701634896,28.623965496635,329.9531,73.4456818618873,1.20144691207704,0.601097811514116,13.9042904287491,0.971535910519544,9.47632038957471,0.186563262323272,1.27307930286084,0
19,58.0525032087002,32.0059535120761,347.38,84.4881743976765,1.39154809502603,0.660846414921122,14.9139047756829,1.04625045372849,9.24542498649349,0.168905808730076,1.14561043731958,0
20,68.4928689421925,34.0909470421156,366.7459,96.2388169956491,1.62296872656241,0.714180071053397,16.5343449702689,1.39889427336397,9.4845191774394,0.179843506419679,1.40443973905939,0
21,79.5718304734297,36.160823935048,385.2841,108.574375413583,1.86226308366884,0.767919701716013,17.4770294274137,1.55845062043482,9.32369072723467,0.16175350372004,1.09416776578298,0
22,91.4029332343973,37.8243327898393,403.3417,121.234320310886,2.11066162993304,0.812885916378102,18.2036025762567,1.75121527025582,9.17410693069936,0.148684561993559,1.09308739419317,0
23,103.714609246171,39.3248269314117,420.6868,134.192182162155,2.36131876235156,0.850370863086234,18.8047503391862,1.9146611828966,9.05931274158383,0.134696727731934,0.592619402635875,0
24,117.156305640317,40.1594765390871,438.5445,147.585509726086,2.62586191992795,0.880589350011337,19.8879102441727,2.25114014381463,9.25234406272205,0.129602728987213,0.671745017480867,0
25,131.788037172762,40.1834611947128,457.1915,161.334742727709,2.90300367086752,0.905888565736081,20.9995411793038,2.68589210812179,9.4966641556,0.124890687295706,0.782242996193364,0
26,146.639868132524,39.6004440906222,475.5347,174.721004022678,3.17277754773105,0.926663973999311,20.9401491123031,2.95837751669108,9.25749619919142,0.11269483390433,0.763736651109352,0
27,161.722513635296,38.8327492536777,493.9409,188.150548480656,3.43484873342771,0.942472937685872,21.391789449427,3.30617740790676,9.29852961168445,0.102855012725059,0.787504493232413,0
28,176.373802704319,38.331085200416,511.6388,201.424992986183,3.67794713240144,0.954560061594592,21.2839908570903,3.47154357407328,9.13452262314471,0.0905952346379147,0.662201497593616,0
