seed,day_t,day_future,fw_t,fw_future,pred_persist,pred_direct_level,pred_ar_delta_4d
42,0,4,4.7,17.8,4.7,63.49748141114582,29.152679376688518
42,4,8,17.8,20.8,17.8,59.39494400462448,34.823434190871254
42,8,12,20.8,26.3,20.8,52.905739182968404,37.65084553046035
42,12,16,26.3,41.8,26.3,62.91922523084662,32.849252873355766
42,16,20,41.8,70.8,41.8,18.681397385775,39.53051076184639
42,20,24,70.8,119.3,70.8,87.35320520766537,94.88538107945057
42,24,28,119.3,179.8,119.3,160.19054964011463,166.28475670890887
43,0,4,4.7,17.8,4.7,63.49748141114582,29.152679376688518
43,4,8,17.8,20.8,17.8,59.39494400462448,34.823434190871254
43,8,12,20.8,26.3,20.8,52.905739182968404,37.65084553046035
43,12,16,26.3,41.8,26.3,62.91922523084662,32.849252873355766
43,16,20,41.8,70.8,41.8,18.681397385775,39.53051076184639
43,20,24,70.8,119.3,70.8,87.35320520766537,94.88538107945057
43,24,28,119.3,179.8,119.3,160.19054964011463,166.28475670890887
44,0,4,4.7,17.8,4.7,63.49748141114582,29.152679376688518
44,4,8,17.8,20.8,17.8,59.39494400462448,34.823434190871254
44,8,12,20.8,26.3,20.8,52.905739182968404,37.65084553046035
44,12,16,26.3,41.8,26.3,62.91922523084662,32.849252873355766
44,16,20,41.8,70.8,41.8,18.681397385775,39.53051076184639
44,20,24,70.8,119.3,70.8,87.35320520766537,94.88538107945057
44,24,28,119.3,179.8,119.3,160.19054964011463,166.28475670890887
45,0,4,4.7,17.8,4.7,63.49748141114582,29.152679376688518
45,4,8,17.8,20.8,17.8,59.39494400462448,34.823434190871254
45,8,12,20.8,26.3,20.8,52.905739182968404,37.65084553046035
45,12,16,26.3,41.8,26.3,62.91922523084662,32.849252873355766
45,16,20,41.8,70.8,41.8,18.681397385775,39.53051076184639
45,20,24,70.8,119.3,70.8,87.35320520766537,94.88538107945057
45,24,28,119.3,179.8,119.3,160.19054964011463,166.28475670890887
46,0,4,4.7,17.8,4.7,63.49748141114582,29.152679376688518
46,4,8,17.8,20.8,17.8,59.39494400462448,34.823434190871254
46,8,12,20.8,26.3,20.8,52.905739182968404,37.65084553046035
46,12,16,26.3,41.8,26.3,62.91922523084662,32.849252873355766
46,16,20,41.8,70.8,41.8,18.681397385775,39.53051076184639
46,20,24,70.8,119.3,70.8,87.35320520766537,94.88538107945057
46,24,28,119.3,179.8,119.3,160.19054964011463,166.28475670890887
