harvest_fw_g,mode,model,plant_id,pred_harvest_fw_g,threshold_g,threshold_pct,variant,y_pred,y_score,y_true
213.78,classifier,DummyMostFrequent,1,,204.3,0.1,compact,0,0.0,0
217.78,classifier,DummyMostFrequent,2,,204.3,0.1,compact,0,0.0,0
232.78,classifier,DummyMostFrequent,3,,204.3,0.1,compact,0,0.0,0
220.78,classifier,DummyMostFrequent,4,,204.3,0.1,compact,0,0.0,0
185.78,classifier,DummyMostFrequent,5,,204.3,0.1,compact,0,0.0,1
195.78,classifier,DummyMostFrequent,6,,204.3,0.1,compact,0,0.0,1
218.78,classifier,DummyMostFrequent,7,,204.3,0.1,compact,0,0.0,0
214.78,classifier,DummyMostFrequent,8,,204.3,0.1,compact,0,0.0,0
222.78,classifier,DummyMostFrequent,9,,204.3,0.1,compact,0,0.0,0
220.78,classifier,DummyMostFrequent,10,,204.3,0.1,compact,0,0.0,0
213.78,classifier,LogisticRegression,1,,204.3,0.1,compact,0,0.3575468646031,0
217.78,classifier,LogisticRegression,2,,204.3,0.1,compact,0,0.23913706577343083,0
232.78,classifier,LogisticRegression,3,,204.3,0.1,compact,0,0.009029882057519844,0
220.78,classifier,LogisticRegression,4,,204.3,0.1,compact,0,0.002959159844674274,0
185.78,classifier,LogisticRegression,5,,204.3,0.1,compact,0,0.1816581058476322,1
195.78,classifier,LogisticRegression,6,,204.3,0.1,compact,1,0.9861008572563621,1
218.78,classifier,LogisticRegression,7,,204.3,0.1,compact,1,0.5800045322996873,0
214.78,classifier,LogisticRegression,8,,204.3,0.1,compact,0,0.3826734760518023,0
222.78,classifier,LogisticRegression,9,,204.3,0.1,compact,0,0.15189321382385423,0
220.78,classifier,LogisticRegression,10,,204.3,0.1,compact,0,0.13083448951869514,0
213.78,classifier,SVM-RBF,1,,204.3,0.1,compact,0,0.23273314569476458,0
217.78,classifier,SVM-RBF,2,,204.3,0.1,compact,0,0.3324587889563749,0
232.78,classifier,SVM-RBF,3,,204.3,0.1,compact,0,0.1762218091000418,0
220.78,classifier,SVM-RBF,4,,204.3,0.1,compact,0,0.2509691023002435,0
185.78,classifier,SVM-RBF,5,,204.3,0.1,compact,0,0.1531723809436445,1
195.78,classifier,SVM-RBF,6,,204.3,0.1,compact,0,0.14485459977384824,1
218.78,classifier,SVM-RBF,7,,204.3,0.1,compact,1,0.04120096388677417,0
214.78,classifier,SVM-RBF,8,,204.3,0.1,compact,0,0.2159886740384165,0
222.78,classifier,SVM-RBF,9,,204.3,0.1,compact,0,0.50665744686759,0
220.78,classifier,SVM-RBF,10,,204.3,0.1,compact,0,0.3339054688625519,0
213.78,classifier,RandomForest,1,,204.3,0.1,compact,0,0.27,0
217.78,classifier,RandomForest,2,,204.3,0.1,compact,0,0.165,0
232.78,classifier,RandomForest,3,,204.3,0.1,compact,0,0.06,0
220.78,classifier,RandomForest,4,,204.3,0.1,compact,0,0.05,0
185.78,classifier,RandomForest,5,,204.3,0.1,compact,0,0.035,1
195.78,classifier,RandomForest,6,,204.3,0.1,compact,1,0.89,1
218.78,classifier,RandomForest,7,,204.3,0.1,compact,0,0.29,0
214.78,classifier,RandomForest,8,,204.3,0.1,compact,0,0.26,0
222.78,classifier,RandomForest,9,,204.3,0.1,compact,0,0.075,0
220.78,classifier,RandomForest,10,,204.3,0.1,compact,0,0.055,0
213.78,classifier,GradBoost,1,,204.3,0.1,compact,0,9.96020359157241e-06,0
217.78,classifier,GradBoost,2,,204.3,0.1,compact,0,9.96020359157241e-06,0
232.78,classifier,GradBoost,3,,204.3,0.1,compact,0,9.96020359157241e-06,0
220.78,classifier,GradBoost,4,,204.3,0.1,compact,0,9.96020359157241e-06,0
185.78,classifier,GradBoost,5,,204.3,0.1,compact,0,5.0142619560591035e-06,1
195.78,classifier,GradBoost,6,,204.3,0.1,compact,1,0.9999644787877888,1
218.78,classifier,GradBoost,7,,204.3,0.1,compact,0,9.96020359157241e-06,0
214.78,classifier,GradBoost,8,,204.3,0.1,compact,0,9.96020359157241e-06,0
222.78,classifier,GradBoost,9,,204.3,0.1,compact,0,9.96020359157241e-06,0
220.78,classifier,GradBoost,10,,204.3,0.1,compact,0,9.96020359157241e-06,0
213.78,classifier,XGBoost,1,,204.3,0.1,compact,0,0.2216096967458725,0
217.78,classifier,XGBoost,2,,204.3,0.1,compact,0,0.2216096967458725,0
232.78,classifier,XGBoost,3,,204.3,0.1,compact,0,0.2216096967458725,0
220.78,classifier,XGBoost,4,,204.3,0.1,compact,0,0.2216096967458725,0
185.78,classifier,XGBoost,5,,204.3,0.1,compact,0,0.1111111119389534,1
195.78,classifier,XGBoost,6,,204.3,0.1,compact,0,0.1111111119389534,1
218.78,classifier,XGBoost,7,,204.3,0.1,compact,0,0.215310737490654,0
214.78,classifier,XGBoost,8,,204.3,0.1,compact,0,0.215310737490654,0
222.78,classifier,XGBoost,9,,204.3,0.1,compact,0,0.215310737490654,0
220.78,classifier,XGBoost,10,,204.3,0.1,compact,0,0.215310737490654,0
213.78,regress_then_threshold,Ridge,1,211.3442522157269,204.3,0.1,compact,0,-211.3442522157269,0
217.78,regress_then_threshold,Ridge,2,212.7886766098617,204.3,0.1,compact,0,-212.7886766098617,0
232.78,regress_then_threshold,Ridge,3,226.2328677537776,204.3,0.1,compact,0,-226.2328677537776,0
220.78,regress_then_threshold,Ridge,4,228.67261079845028,204.3,0.1,compact,0,-228.67261079845028,0
185.78,regress_then_threshold,Ridge,5,213.62664945429538,204.3,0.1,compact,0,-213.62664945429538,1
195.78,regress_then_threshold,Ridge,6,193.9726550149224,204.3,0.1,compact,1,-193.9726550149224,1
218.78,regress_then_threshold,Ridge,7,210.17566723048878,204.3,0.1,compact,0,-210.17566723048878,0
214.78,regress_then_threshold,Ridge,8,210.66791243016044,204.3,0.1,compact,0,-210.66791243016044,0
222.78,regress_then_threshold,Ridge,9,214.57801183867676,204.3,0.1,compact,0,-214.57801183867676,0
220.78,regress_then_threshold,Ridge,10,218.49882676569953,204.3,0.1,compact,0,-218.49882676569953,0
213.78,regress_then_threshold,ElasticNet,1,203.77113018699296,204.3,0.1,compact,1,-203.77113018699296,0
217.78,regress_then_threshold,ElasticNet,2,224.0072369066708,204.3,0.1,compact,0,-224.0072369066708,0
232.78,regress_then_threshold,ElasticNet,3,224.78537958482315,204.3,0.1,compact,0,-224.78537958482315,0
220.78,regress_then_threshold,ElasticNet,4,238.54254683571924,204.3,0.1,compact,0,-238.54254683571924,0
185.78,regress_then_threshold,ElasticNet,5,209.6030603184927,204.3,0.1,compact,0,-209.6030603184927,1
195.78,regress_then_threshold,ElasticNet,6,188.67432605199937,204.3,0.1,compact,1,-188.67432605199937,1
218.78,regress_then_threshold,ElasticNet,7,201.0113980265636,204.3,0.1,compact,1,-201.0113980265636,0
214.78,regress_then_threshold,ElasticNet,8,212.8059820660784,204.3,0.1,compact,0,-212.8059820660784,0
222.78,regress_then_threshold,ElasticNet,9,216.9897188378568,204.3,0.1,compact,0,-216.9897188378568,0
220.78,regress_then_threshold,ElasticNet,10,216.99327821809857,204.3,0.1,compact,0,-216.99327821809857,0
213.78,regress_then_threshold,SVR-RBF,1,211.95892176868495,204.3,0.1,compact,0,-211.95892176868495,0
217.78,regress_then_threshold,SVR-RBF,2,212.04959304586032,204.3,0.1,compact,0,-212.04959304586032,0
232.78,regress_then_threshold,SVR-RBF,3,211.31401808270496,204.3,0.1,compact,0,-211.31401808270496,0
220.78,regress_then_threshold,SVR-RBF,4,216.02030759741024,204.3,0.1,compact,0,-216.02030759741024,0
185.78,regress_then_threshold,SVR-RBF,5,216.3843080414309,204.3,0.1,compact,0,-216.3843080414309,1
195.78,regress_then_threshold,SVR-RBF,6,218.91924935919522,204.3,0.1,compact,0,-218.91924935919522,1
218.78,regress_then_threshold,SVR-RBF,7,209.5920925208841,204.3,0.1,compact,0,-209.5920925208841,0
214.78,regress_then_threshold,SVR-RBF,8,211.125386077234,204.3,0.1,compact,0,-211.125386077234,0
222.78,regress_then_threshold,SVR-RBF,9,213.3520131311363,204.3,0.1,compact,0,-213.3520131311363,0
220.78,regress_then_threshold,SVR-RBF,10,216.054197407329,204.3,0.1,compact,0,-216.054197407329,0
213.78,regress_then_threshold,RandomForest,1,214.18699999999947,204.3,0.1,compact,0,-214.18699999999947,0
217.78,regress_then_threshold,RandomForest,2,215.33699999999953,204.3,0.1,compact,0,-215.33699999999953,0
232.78,regress_then_threshold,RandomForest,3,220.07249999999942,204.3,0.1,compact,0,-220.07249999999942,0
220.78,regress_then_threshold,RandomForest,4,219.15366666666617,204.3,0.1,compact,0,-219.15366666666617,0
185.78,regress_then_threshold,RandomForest,5,218.30416666666625,204.3,0.1,compact,0,-218.30416666666625,1
195.78,regress_then_threshold,RandomForest,6,196.45624999999944,204.3,0.1,compact,1,-196.45624999999944,1
218.78,regress_then_threshold,RandomForest,7,215.90658333333266,204.3,0.1,compact,0,-215.90658333333266,0
214.78,regress_then_threshold,RandomForest,8,213.52008333333274,204.3,0.1,compact,0,-213.52008333333274,0
222.78,regress_then_threshold,RandomForest,9,216.47483333333273,204.3,0.1,compact,0,-216.47483333333273,0
220.78,regress_then_threshold,RandomForest,10,223.10908333333282,204.3,0.1,compact,0,-223.10908333333282,0
213.78,regress_then_threshold,GradBoost,1,214.91765553187878,204.3,0.1,compact,0,-214.91765553187878,0
217.78,regress_then_threshold,GradBoost,2,216.0651528358282,204.3,0.1,compact,0,-216.0651528358282,0
232.78,regress_then_threshold,GradBoost,3,222.34542465382012,204.3,0.1,compact,0,-222.34542465382012,0
220.78,regress_then_threshold,GradBoost,4,221.20859904030004,204.3,0.1,compact,0,-221.20859904030004,0
185.78,regress_then_threshold,GradBoost,5,217.8393263038613,204.3,0.1,compact,0,-217.8393263038613,1
195.78,regress_then_threshold,GradBoost,6,186.47235901667585,204.3,0.1,compact,1,-186.47235901667585,1
218.78,regress_then_threshold,GradBoost,7,212.2837015974961,204.3,0.1,compact,0,-212.2837015974961,0
214.78,regress_then_threshold,GradBoost,8,213.88577459821175,204.3,0.1,compact,0,-213.88577459821175,0
222.78,regress_then_threshold,GradBoost,9,217.71179790766797,204.3,0.1,compact,0,-217.71179790766797,0
220.78,regress_then_threshold,GradBoost,10,219.61259521265262,204.3,0.1,compact,0,-219.61259521265262,0
213.78,regress_then_threshold,XGBoost,1,215.62213134765625,204.3,0.1,compact,0,-215.62213134765625,0
217.78,regress_then_threshold,XGBoost,2,216.31240844726562,204.3,0.1,compact,0,-216.31240844726562,0
232.78,regress_then_threshold,XGBoost,3,221.42730712890625,204.3,0.1,compact,0,-221.42730712890625,0
220.78,regress_then_threshold,XGBoost,4,217.73019409179688,204.3,0.1,compact,0,-217.73019409179688,0
185.78,regress_then_threshold,XGBoost,5,215.3872833251953,204.3,0.1,compact,0,-215.3872833251953,1
195.78,regress_then_threshold,XGBoost,6,190.14349365234375,204.3,0.1,compact,1,-190.14349365234375,1
218.78,regress_then_threshold,XGBoost,7,210.8325653076172,204.3,0.1,compact,0,-210.8325653076172,0
214.78,regress_then_threshold,XGBoost,8,215.3648223876953,204.3,0.1,compact,0,-215.3648223876953,0
222.78,regress_then_threshold,XGBoost,9,217.02479553222656,204.3,0.1,compact,0,-217.02479553222656,0
220.78,regress_then_threshold,XGBoost,10,220.32130432128906,204.3,0.1,compact,0,-220.32130432128906,0
213.78,classifier,DummyMostFrequent,1,,192.95,0.15,compact,0,0.0,0
217.78,classifier,DummyMostFrequent,2,,192.95,0.15,compact,0,0.0,0
232.78,classifier,DummyMostFrequent,3,,192.95,0.15,compact,0,0.0,0
220.78,classifier,DummyMostFrequent,4,,192.95,0.15,compact,0,0.0,0
185.78,classifier,DummyMostFrequent,5,,192.95,0.15,compact,0,0.0,1
195.78,classifier,DummyMostFrequent,6,,192.95,0.15,compact,0,0.0,0
218.78,classifier,DummyMostFrequent,7,,192.95,0.15,compact,0,0.0,0
214.78,classifier,DummyMostFrequent,8,,192.95,0.15,compact,0,0.0,0
222.78,classifier,DummyMostFrequent,9,,192.95,0.15,compact,0,0.0,0
220.78,classifier,DummyMostFrequent,10,,192.95,0.15,compact,0,0.0,0
213.78,classifier,LogisticRegression,1,,192.95,0.15,compact,0,0.3375349439034126,0
217.78,classifier,LogisticRegression,2,,192.95,0.15,compact,0,0.1783319825292806,0
232.78,classifier,LogisticRegression,3,,192.95,0.15,compact,1,0.6821318595494916,0
220.78,classifier,LogisticRegression,4,,192.95,0.15,compact,0,0.005734668553123548,0
185.78,classifier,LogisticRegression,5,,192.95,0.15,compact,0,0.0,1
195.78,classifier,LogisticRegression,6,,192.95,0.15,compact,1,0.9861008572563621,0
218.78,classifier,LogisticRegression,7,,192.95,0.15,compact,1,0.7057236021469783,0
214.78,classifier,LogisticRegression,8,,192.95,0.15,compact,0,0.25056712993335495,0
222.78,classifier,LogisticRegression,9,,192.95,0.15,compact,0,0.15517067692193803,0
220.78,classifier,LogisticRegression,10,,192.95,0.15,compact,0,0.4479252679737585,0
213.78,classifier,SVM-RBF,1,,192.95,0.15,compact,0,0.10017351407689326,0
217.78,classifier,SVM-RBF,2,,192.95,0.15,compact,0,0.15888100594761692,0
232.78,classifier,SVM-RBF,3,,192.95,0.15,compact,0,0.20789925294772962,0
220.78,classifier,SVM-RBF,4,,192.95,0.15,compact,0,0.3417388649687152,0
185.78,classifier,SVM-RBF,5,,192.95,0.15,compact,0,0.0,1
195.78,classifier,SVM-RBF,6,,192.95,0.15,compact,0,0.14485459977384824,0
218.78,classifier,SVM-RBF,7,,192.95,0.15,compact,1,0.03358750037218063,0
214.78,classifier,SVM-RBF,8,,192.95,0.15,compact,0,0.11527949297566918,0
222.78,classifier,SVM-RBF,9,,192.95,0.15,compact,0,0.1956161768966972,0
220.78,classifier,SVM-RBF,10,,192.95,0.15,compact,0,0.14697448127029594,0
213.78,classifier,RandomForest,1,,192.95,0.15,compact,0,0.275,0
217.78,classifier,RandomForest,2,,192.95,0.15,compact,0,0.19,0
232.78,classifier,RandomForest,3,,192.95,0.15,compact,0,0.18,0
220.78,classifier,RandomForest,4,,192.95,0.15,compact,0,0.15,0
185.78,classifier,RandomForest,5,,192.95,0.15,compact,0,0.0,1
195.78,classifier,RandomForest,6,,192.95,0.15,compact,1,0.89,0
218.78,classifier,RandomForest,7,,192.95,0.15,compact,1,0.505,0
214.78,classifier,RandomForest,8,,192.95,0.15,compact,0,0.255,0
222.78,classifier,RandomForest,9,,192.95,0.15,compact,0,0.15,0
220.78,classifier,RandomForest,10,,192.95,0.15,compact,0,0.25,0
213.78,classifier,GradBoost,1,,192.95,0.15,compact,0,5.014261956059095e-06,0
217.78,classifier,GradBoost,2,,192.95,0.15,compact,0,5.014261956059095e-06,0
232.78,classifier,GradBoost,3,,192.95,0.15,compact,0,5.014261956059095e-06,0
220.78,classifier,GradBoost,4,,192.95,0.15,compact,0,5.014261956059095e-06,0
185.78,classifier,GradBoost,5,,192.95,0.15,compact,0,0.0,1
195.78,classifier,GradBoost,6,,192.95,0.15,compact,1,0.9999644787877888,0
218.78,classifier,GradBoost,7,,192.95,0.15,compact,0,5.014261956059095e-06,0
214.78,classifier,GradBoost,8,,192.95,0.15,compact,0,5.014261956059095e-06,0
222.78,classifier,GradBoost,9,,192.95,0.15,compact,0,5.014261956059095e-06,0
220.78,classifier,GradBoost,10,,192.95,0.15,compact,0,5.014261956059095e-06,0
213.78,classifier,XGBoost,1,,192.95,0.15,compact,0,0.1111111119389534,0
217.78,classifier,XGBoost,2,,192.95,0.15,compact,0,0.1111111119389534,0
232.78,classifier,XGBoost,3,,192.95,0.15,compact,0,0.1111111119389534,0
220.78,classifier,XGBoost,4,,192.95,0.15,compact,0,0.1111111119389534,0
185.78,classifier,XGBoost,5,,192.95,0.15,compact,0,0.0,1
195.78,classifier,XGBoost,6,,192.95,0.15,compact,0,0.1111111119389534,0
218.78,classifier,XGBoost,7,,192.95,0.15,compact,0,0.1111111119389534,0
214.78,classifier,XGBoost,8,,192.95,0.15,compact,0,0.1111111119389534,0
222.78,classifier,XGBoost,9,,192.95,0.15,compact,0,0.1111111119389534,0
220.78,classifier,XGBoost,10,,192.95,0.15,compact,0,0.1111111119389534,0
213.78,regress_then_threshold,Ridge,1,211.3442522157269,192.95,0.15,compact,0,-211.3442522157269,0
217.78,regress_then_threshold,Ridge,2,212.7886766098617,192.95,0.15,compact,0,-212.7886766098617,0
232.78,regress_then_threshold,Ridge,3,226.2328677537776,192.95,0.15,compact,0,-226.2328677537776,0
220.78,regress_then_threshold,Ridge,4,228.67261079845028,192.95,0.15,compact,0,-228.67261079845028,0
185.78,regress_then_threshold,Ridge,5,213.62664945429538,192.95,0.15,compact,0,-213.62664945429538,1
195.78,regress_then_threshold,Ridge,6,193.9726550149224,192.95,0.15,compact,0,-193.9726550149224,0
218.78,regress_then_threshold,Ridge,7,210.17566723048878,192.95,0.15,compact,0,-210.17566723048878,0
214.78,regress_then_threshold,Ridge,8,210.66791243016044,192.95,0.15,compact,0,-210.66791243016044,0
222.78,regress_then_threshold,Ridge,9,214.57801183867676,192.95,0.15,compact,0,-214.57801183867676,0
220.78,regress_then_threshold,Ridge,10,218.49882676569953,192.95,0.15,compact,0,-218.49882676569953,0
213.78,regress_then_threshold,ElasticNet,1,203.77113018699296,192.95,0.15,compact,0,-203.77113018699296,0
217.78,regress_then_threshold,ElasticNet,2,224.0072369066708,192.95,0.15,compact,0,-224.0072369066708,0
232.78,regress_then_threshold,ElasticNet,3,224.78537958482315,192.95,0.15,compact,0,-224.78537958482315,0
220.78,regress_then_threshold,ElasticNet,4,238.54254683571924,192.95,0.15,compact,0,-238.54254683571924,0
185.78,regress_then_threshold,ElasticNet,5,209.6030603184927,192.95,0.15,compact,0,-209.6030603184927,1
195.78,regress_then_threshold,ElasticNet,6,188.67432605199937,192.95,0.15,compact,1,-188.67432605199937,0
218.78,regress_then_threshold,ElasticNet,7,201.0113980265636,192.95,0.15,compact,0,-201.0113980265636,0
214.78,regress_then_threshold,ElasticNet,8,212.8059820660784,192.95,0.15,compact,0,-212.8059820660784,0
222.78,regress_then_threshold,ElasticNet,9,216.9897188378568,192.95,0.15,compact,0,-216.9897188378568,0
220.78,regress_then_threshold,ElasticNet,10,216.99327821809857,192.95,0.15,compact,0,-216.99327821809857,0
213.78,regress_then_threshold,SVR-RBF,1,211.95892176868495,192.95,0.15,compact,0,-211.95892176868495,0
217.78,regress_then_threshold,SVR-RBF,2,212.04959304586032,192.95,0.15,compact,0,-212.04959304586032,0
232.78,regress_then_threshold,SVR-RBF,3,211.31401808270496,192.95,0.15,compact,0,-211.31401808270496,0
220.78,regress_then_threshold,SVR-RBF,4,216.02030759741024,192.95,0.15,compact,0,-216.02030759741024,0
185.78,regress_then_threshold,SVR-RBF,5,216.3843080414309,192.95,0.15,compact,0,-216.3843080414309,1
195.78,regress_then_threshold,SVR-RBF,6,218.91924935919522,192.95,0.15,compact,0,-218.91924935919522,0
218.78,regress_then_threshold,SVR-RBF,7,209.5920925208841,192.95,0.15,compact,0,-209.5920925208841,0
214.78,regress_then_threshold,SVR-RBF,8,211.125386077234,192.95,0.15,compact,0,-211.125386077234,0
222.78,regress_then_threshold,SVR-RBF,9,213.3520131311363,192.95,0.15,compact,0,-213.3520131311363,0
220.78,regress_then_threshold,SVR-RBF,10,216.054197407329,192.95,0.15,compact,0,-216.054197407329,0
213.78,regress_then_threshold,RandomForest,1,214.18699999999947,192.95,0.15,compact,0,-214.18699999999947,0
217.78,regress_then_threshold,RandomForest,2,215.33699999999953,192.95,0.15,compact,0,-215.33699999999953,0
232.78,regress_then_threshold,RandomForest,3,220.07249999999942,192.95,0.15,compact,0,-220.07249999999942,0
220.78,regress_then_threshold,RandomForest,4,219.15366666666617,192.95,0.15,compact,0,-219.15366666666617,0
185.78,regress_then_threshold,RandomForest,5,218.30416666666625,192.95,0.15,compact,0,-218.30416666666625,1
195.78,regress_then_threshold,RandomForest,6,196.45624999999944,192.95,0.15,compact,0,-196.45624999999944,0
218.78,regress_then_threshold,RandomForest,7,215.90658333333266,192.95,0.15,compact,0,-215.90658333333266,0
214.78,regress_then_threshold,RandomForest,8,213.52008333333274,192.95,0.15,compact,0,-213.52008333333274,0
222.78,regress_then_threshold,RandomForest,9,216.47483333333273,192.95,0.15,compact,0,-216.47483333333273,0
220.78,regress_then_threshold,RandomForest,10,223.10908333333282,192.95,0.15,compact,0,-223.10908333333282,0
213.78,regress_then_threshold,GradBoost,1,214.91765553187878,192.95,0.15,compact,0,-214.91765553187878,0
217.78,regress_then_threshold,GradBoost,2,216.0651528358282,192.95,0.15,compact,0,-216.0651528358282,0
232.78,regress_then_threshold,GradBoost,3,222.34542465382012,192.95,0.15,compact,0,-222.34542465382012,0
220.78,regress_then_threshold,GradBoost,4,221.20859904030004,192.95,0.15,compact,0,-221.20859904030004,0
185.78,regress_then_threshold,GradBoost,5,217.8393263038613,192.95,0.15,compact,0,-217.8393263038613,1
195.78,regress_then_threshold,GradBoost,6,186.47235901667585,192.95,0.15,compact,1,-186.47235901667585,0
218.78,regress_then_threshold,GradBoost,7,212.2837015974961,192.95,0.15,compact,0,-212.2837015974961,0
214.78,regress_then_threshold,GradBoost,8,213.88577459821175,192.95,0.15,compact,0,-213.88577459821175,0
222.78,regress_then_threshold,GradBoost,9,217.71179790766797,192.95,0.15,compact,0,-217.71179790766797,0
220.78,regress_then_threshold,GradBoost,10,219.61259521265262,192.95,0.15,compact,0,-219.61259521265262,0
213.78,regress_then_threshold,XGBoost,1,215.62213134765625,192.95,0.15,compact,0,-215.62213134765625,0
217.78,regress_then_threshold,XGBoost,2,216.31240844726562,192.95,0.15,compact,0,-216.31240844726562,0
232.78,regress_then_threshold,XGBoost,3,221.42730712890625,192.95,0.15,compact,0,-221.42730712890625,0
220.78,regress_then_threshold,XGBoost,4,217.73019409179688,192.95,0.15,compact,0,-217.73019409179688,0
185.78,regress_then_threshold,XGBoost,5,215.3872833251953,192.95,0.15,compact,0,-215.3872833251953,1
195.78,regress_then_threshold,XGBoost,6,190.14349365234375,192.95,0.15,compact,1,-190.14349365234375,0
218.78,regress_then_threshold,XGBoost,7,210.8325653076172,192.95,0.15,compact,0,-210.8325653076172,0
214.78,regress_then_threshold,XGBoost,8,215.3648223876953,192.95,0.15,compact,0,-215.3648223876953,0
222.78,regress_then_threshold,XGBoost,9,217.02479553222656,192.95,0.15,compact,0,-217.02479553222656,0
220.78,regress_then_threshold,XGBoost,10,220.32130432128906,192.95,0.15,compact,0,-220.32130432128906,0
213.78,regress_then_threshold,Ridge,1,211.3442522157269,181.60000000000002,0.2,compact,0,-211.3442522157269,0
217.78,regress_then_threshold,Ridge,2,212.7886766098617,181.60000000000002,0.2,compact,0,-212.7886766098617,0
232.78,regress_then_threshold,Ridge,3,226.2328677537776,181.60000000000002,0.2,compact,0,-226.2328677537776,0
220.78,regress_then_threshold,Ridge,4,228.67261079845028,181.60000000000002,0.2,compact,0,-228.67261079845028,0
185.78,regress_then_threshold,Ridge,5,213.62664945429538,181.60000000000002,0.2,compact,0,-213.62664945429538,0
195.78,regress_then_threshold,Ridge,6,193.9726550149224,181.60000000000002,0.2,compact,0,-193.9726550149224,0
218.78,regress_then_threshold,Ridge,7,210.17566723048878,181.60000000000002,0.2,compact,0,-210.17566723048878,0
214.78,regress_then_threshold,Ridge,8,210.66791243016044,181.60000000000002,0.2,compact,0,-210.66791243016044,0
222.78,regress_then_threshold,Ridge,9,214.57801183867676,181.60000000000002,0.2,compact,0,-214.57801183867676,0
220.78,regress_then_threshold,Ridge,10,218.49882676569953,181.60000000000002,0.2,compact,0,-218.49882676569953,0
213.78,regress_then_threshold,ElasticNet,1,203.77113018699296,181.60000000000002,0.2,compact,0,-203.77113018699296,0
217.78,regress_then_threshold,ElasticNet,2,224.0072369066708,181.60000000000002,0.2,compact,0,-224.0072369066708,0
232.78,regress_then_threshold,ElasticNet,3,224.78537958482315,181.60000000000002,0.2,compact,0,-224.78537958482315,0
220.78,regress_then_threshold,ElasticNet,4,238.54254683571924,181.60000000000002,0.2,compact,0,-238.54254683571924,0
185.78,regress_then_threshold,ElasticNet,5,209.6030603184927,181.60000000000002,0.2,compact,0,-209.6030603184927,0
195.78,regress_then_threshold,ElasticNet,6,188.67432605199937,181.60000000000002,0.2,compact,0,-188.67432605199937,0
218.78,regress_then_threshold,ElasticNet,7,201.0113980265636,181.60000000000002,0.2,compact,0,-201.0113980265636,0
214.78,regress_then_threshold,ElasticNet,8,212.8059820660784,181.60000000000002,0.2,compact,0,-212.8059820660784,0
222.78,regress_then_threshold,ElasticNet,9,216.9897188378568,181.60000000000002,0.2,compact,0,-216.9897188378568,0
220.78,regress_then_threshold,ElasticNet,10,216.99327821809857,181.60000000000002,0.2,compact,0,-216.99327821809857,0
213.78,regress_then_threshold,SVR-RBF,1,211.95892176868495,181.60000000000002,0.2,compact,0,-211.95892176868495,0
217.78,regress_then_threshold,SVR-RBF,2,212.04959304586032,181.60000000000002,0.2,compact,0,-212.04959304586032,0
232.78,regress_then_threshold,SVR-RBF,3,211.31401808270496,181.60000000000002,0.2,compact,0,-211.31401808270496,0
220.78,regress_then_threshold,SVR-RBF,4,216.02030759741024,181.60000000000002,0.2,compact,0,-216.02030759741024,0
185.78,regress_then_threshold,SVR-RBF,5,216.3843080414309,181.60000000000002,0.2,compact,0,-216.3843080414309,0
195.78,regress_then_threshold,SVR-RBF,6,218.91924935919522,181.60000000000002,0.2,compact,0,-218.91924935919522,0
218.78,regress_then_threshold,SVR-RBF,7,209.5920925208841,181.60000000000002,0.2,compact,0,-209.5920925208841,0
214.78,regress_then_threshold,SVR-RBF,8,211.125386077234,181.60000000000002,0.2,compact,0,-211.125386077234,0
222.78,regress_then_threshold,SVR-RBF,9,213.3520131311363,181.60000000000002,0.2,compact,0,-213.3520131311363,0
220.78,regress_then_threshold,SVR-RBF,10,216.054197407329,181.60000000000002,0.2,compact,0,-216.054197407329,0
213.78,regress_then_threshold,RandomForest,1,214.18699999999947,181.60000000000002,0.2,compact,0,-214.18699999999947,0
217.78,regress_then_threshold,RandomForest,2,215.33699999999953,181.60000000000002,0.2,compact,0,-215.33699999999953,0
232.78,regress_then_threshold,RandomForest,3,220.07249999999942,181.60000000000002,0.2,compact,0,-220.07249999999942,0
220.78,regress_then_threshold,RandomForest,4,219.15366666666617,181.60000000000002,0.2,compact,0,-219.15366666666617,0
185.78,regress_then_threshold,RandomForest,5,218.30416666666625,181.60000000000002,0.2,compact,0,-218.30416666666625,0
195.78,regress_then_threshold,RandomForest,6,196.45624999999944,181.60000000000002,0.2,compact,0,-196.45624999999944,0
218.78,regress_then_threshold,RandomForest,7,215.90658333333266,181.60000000000002,0.2,compact,0,-215.90658333333266,0
214.78,regress_then_threshold,RandomForest,8,213.52008333333274,181.60000000000002,0.2,compact,0,-213.52008333333274,0
222.78,regress_then_threshold,RandomForest,9,216.47483333333273,181.60000000000002,0.2,compact,0,-216.47483333333273,0
220.78,regress_then_threshold,RandomForest,10,223.10908333333282,181.60000000000002,0.2,compact,0,-223.10908333333282,0
213.78,regress_then_threshold,GradBoost,1,214.91765553187878,181.60000000000002,0.2,compact,0,-214.91765553187878,0
217.78,regress_then_threshold,GradBoost,2,216.0651528358282,181.60000000000002,0.2,compact,0,-216.0651528358282,0
232.78,regress_then_threshold,GradBoost,3,222.34542465382012,181.60000000000002,0.2,compact,0,-222.34542465382012,0
220.78,regress_then_threshold,GradBoost,4,221.20859904030004,181.60000000000002,0.2,compact,0,-221.20859904030004,0
185.78,regress_then_threshold,GradBoost,5,217.8393263038613,181.60000000000002,0.2,compact,0,-217.8393263038613,0
195.78,regress_then_threshold,GradBoost,6,186.47235901667585,181.60000000000002,0.2,compact,0,-186.47235901667585,0
218.78,regress_then_threshold,GradBoost,7,212.2837015974961,181.60000000000002,0.2,compact,0,-212.2837015974961,0
214.78,regress_then_threshold,GradBoost,8,213.88577459821175,181.60000000000002,0.2,compact,0,-213.88577459821175,0
222.78,regress_then_threshold,GradBoost,9,217.71179790766797,181.60000000000002,0.2,compact,0,-217.71179790766797,0
220.78,regress_then_threshold,GradBoost,10,219.61259521265262,181.60000000000002,0.2,compact,0,-219.61259521265262,0
213.78,regress_then_threshold,XGBoost,1,215.62213134765625,181.60000000000002,0.2,compact,0,-215.62213134765625,0
217.78,regress_then_threshold,XGBoost,2,216.31240844726562,181.60000000000002,0.2,compact,0,-216.31240844726562,0
232.78,regress_then_threshold,XGBoost,3,221.42730712890625,181.60000000000002,0.2,compact,0,-221.42730712890625,0
220.78,regress_then_threshold,XGBoost,4,217.73019409179688,181.60000000000002,0.2,compact,0,-217.73019409179688,0
185.78,regress_then_threshold,XGBoost,5,215.3872833251953,181.60000000000002,0.2,compact,0,-215.3872833251953,0
195.78,regress_then_threshold,XGBoost,6,190.14349365234375,181.60000000000002,0.2,compact,0,-190.14349365234375,0
218.78,regress_then_threshold,XGBoost,7,210.8325653076172,181.60000000000002,0.2,compact,0,-210.8325653076172,0
214.78,regress_then_threshold,XGBoost,8,215.3648223876953,181.60000000000002,0.2,compact,0,-215.3648223876953,0
222.78,regress_then_threshold,XGBoost,9,217.02479553222656,181.60000000000002,0.2,compact,0,-217.02479553222656,0
220.78,regress_then_threshold,XGBoost,10,220.32130432128906,181.60000000000002,0.2,compact,0,-220.32130432128906,0
213.78,classifier,DummyMostFrequent,1,,204.3,0.1,image,0,0.0,0
217.78,classifier,DummyMostFrequent,2,,204.3,0.1,image,0,0.0,0
232.78,classifier,DummyMostFrequent,3,,204.3,0.1,image,0,0.0,0
220.78,classifier,DummyMostFrequent,4,,204.3,0.1,image,0,0.0,0
185.78,classifier,DummyMostFrequent,5,,204.3,0.1,image,0,0.0,1
195.78,classifier,DummyMostFrequent,6,,204.3,0.1,image,0,0.0,1
218.78,classifier,DummyMostFrequent,7,,204.3,0.1,image,0,0.0,0
214.78,classifier,DummyMostFrequent,8,,204.3,0.1,image,0,0.0,0
222.78,classifier,DummyMostFrequent,9,,204.3,0.1,image,0,0.0,0
220.78,classifier,DummyMostFrequent,10,,204.3,0.1,image,0,0.0,0
213.78,classifier,LogisticRegression,1,,204.3,0.1,image,0,0.3575468646031,0
217.78,classifier,LogisticRegression,2,,204.3,0.1,image,0,0.23913706577343083,0
232.78,classifier,LogisticRegression,3,,204.3,0.1,image,0,0.009029882057519844,0
220.78,classifier,LogisticRegression,4,,204.3,0.1,image,0,0.002959159844674274,0
185.78,classifier,LogisticRegression,5,,204.3,0.1,image,0,0.1816581058476322,1
195.78,classifier,LogisticRegression,6,,204.3,0.1,image,1,0.9861008572563621,1
218.78,classifier,LogisticRegression,7,,204.3,0.1,image,1,0.5800045322996873,0
214.78,classifier,LogisticRegression,8,,204.3,0.1,image,0,0.3826734760518023,0
222.78,classifier,LogisticRegression,9,,204.3,0.1,image,0,0.15189321382385423,0
220.78,classifier,LogisticRegression,10,,204.3,0.1,image,0,0.13083448951869514,0
213.78,classifier,SVM-RBF,1,,204.3,0.1,image,0,0.23273314569476458,0
217.78,classifier,SVM-RBF,2,,204.3,0.1,image,0,0.3324587889563749,0
232.78,classifier,SVM-RBF,3,,204.3,0.1,image,0,0.1762218091000418,0
220.78,classifier,SVM-RBF,4,,204.3,0.1,image,0,0.2509691023002435,0
185.78,classifier,SVM-RBF,5,,204.3,0.1,image,0,0.1531723809436445,1
195.78,classifier,SVM-RBF,6,,204.3,0.1,image,0,0.14485459977384824,1
218.78,classifier,SVM-RBF,7,,204.3,0.1,image,1,0.04120096388677417,0
214.78,classifier,SVM-RBF,8,,204.3,0.1,image,0,0.2159886740384165,0
222.78,classifier,SVM-RBF,9,,204.3,0.1,image,0,0.50665744686759,0
220.78,classifier,SVM-RBF,10,,204.3,0.1,image,0,0.3339054688625519,0
213.78,classifier,RandomForest,1,,204.3,0.1,image,0,0.27,0
217.78,classifier,RandomForest,2,,204.3,0.1,image,0,0.165,0
232.78,classifier,RandomForest,3,,204.3,0.1,image,0,0.06,0
220.78,classifier,RandomForest,4,,204.3,0.1,image,0,0.05,0
185.78,classifier,RandomForest,5,,204.3,0.1,image,0,0.035,1
195.78,classifier,RandomForest,6,,204.3,0.1,image,1,0.89,1
218.78,classifier,RandomForest,7,,204.3,0.1,image,0,0.29,0
214.78,classifier,RandomForest,8,,204.3,0.1,image,0,0.26,0
222.78,classifier,RandomForest,9,,204.3,0.1,image,0,0.075,0
220.78,classifier,RandomForest,10,,204.3,0.1,image,0,0.055,0
213.78,classifier,GradBoost,1,,204.3,0.1,image,0,9.96020359157241e-06,0
217.78,classifier,GradBoost,2,,204.3,0.1,image,0,9.96020359157241e-06,0
232.78,classifier,GradBoost,3,,204.3,0.1,image,0,9.96020359157241e-06,0
220.78,classifier,GradBoost,4,,204.3,0.1,image,0,9.96020359157241e-06,0
185.78,classifier,GradBoost,5,,204.3,0.1,image,0,5.0142619560591035e-06,1
195.78,classifier,GradBoost,6,,204.3,0.1,image,1,0.9999644787877888,1
218.78,classifier,GradBoost,7,,204.3,0.1,image,0,9.96020359157241e-06,0
214.78,classifier,GradBoost,8,,204.3,0.1,image,0,9.96020359157241e-06,0
222.78,classifier,GradBoost,9,,204.3,0.1,image,0,9.96020359157241e-06,0
220.78,classifier,GradBoost,10,,204.3,0.1,image,0,9.96020359157241e-06,0
213.78,classifier,XGBoost,1,,204.3,0.1,image,0,0.2216096967458725,0
217.78,classifier,XGBoost,2,,204.3,0.1,image,0,0.2216096967458725,0
232.78,classifier,XGBoost,3,,204.3,0.1,image,0,0.2216096967458725,0
220.78,classifier,XGBoost,4,,204.3,0.1,image,0,0.2216096967458725,0
185.78,classifier,XGBoost,5,,204.3,0.1,image,0,0.1111111119389534,1
195.78,classifier,XGBoost,6,,204.3,0.1,image,0,0.1111111119389534,1
218.78,classifier,XGBoost,7,,204.3,0.1,image,0,0.215310737490654,0
214.78,classifier,XGBoost,8,,204.3,0.1,image,0,0.215310737490654,0
222.78,classifier,XGBoost,9,,204.3,0.1,image,0,0.215310737490654,0
220.78,classifier,XGBoost,10,,204.3,0.1,image,0,0.215310737490654,0
213.78,regress_then_threshold,Ridge,1,211.3442522157269,204.3,0.1,image,0,-211.3442522157269,0
217.78,regress_then_threshold,Ridge,2,212.7886766098617,204.3,0.1,image,0,-212.7886766098617,0
232.78,regress_then_threshold,Ridge,3,226.2328677537776,204.3,0.1,image,0,-226.2328677537776,0
220.78,regress_then_threshold,Ridge,4,228.67261079845028,204.3,0.1,image,0,-228.67261079845028,0
185.78,regress_then_threshold,Ridge,5,213.62664945429538,204.3,0.1,image,0,-213.62664945429538,1
195.78,regress_then_threshold,Ridge,6,193.9726550149224,204.3,0.1,image,1,-193.9726550149224,1
218.78,regress_then_threshold,Ridge,7,210.17566723048878,204.3,0.1,image,0,-210.17566723048878,0
214.78,regress_then_threshold,Ridge,8,210.66791243016044,204.3,0.1,image,0,-210.66791243016044,0
222.78,regress_then_threshold,Ridge,9,214.57801183867676,204.3,0.1,image,0,-214.57801183867676,0
220.78,regress_then_threshold,Ridge,10,218.49882676569953,204.3,0.1,image,0,-218.49882676569953,0
213.78,regress_then_threshold,ElasticNet,1,203.77113018699296,204.3,0.1,image,1,-203.77113018699296,0
217.78,regress_then_threshold,ElasticNet,2,224.0072369066708,204.3,0.1,image,0,-224.0072369066708,0
232.78,regress_then_threshold,ElasticNet,3,224.78537958482315,204.3,0.1,image,0,-224.78537958482315,0
220.78,regress_then_threshold,ElasticNet,4,238.54254683571924,204.3,0.1,image,0,-238.54254683571924,0
185.78,regress_then_threshold,ElasticNet,5,209.6030603184927,204.3,0.1,image,0,-209.6030603184927,1
195.78,regress_then_threshold,ElasticNet,6,188.67432605199937,204.3,0.1,image,1,-188.67432605199937,1
218.78,regress_then_threshold,ElasticNet,7,201.0113980265636,204.3,0.1,image,1,-201.0113980265636,0
214.78,regress_then_threshold,ElasticNet,8,212.8059820660784,204.3,0.1,image,0,-212.8059820660784,0
222.78,regress_then_threshold,ElasticNet,9,216.9897188378568,204.3,0.1,image,0,-216.9897188378568,0
220.78,regress_then_threshold,ElasticNet,10,216.99327821809857,204.3,0.1,image,0,-216.99327821809857,0
213.78,regress_then_threshold,SVR-RBF,1,211.95892176868495,204.3,0.1,image,0,-211.95892176868495,0
217.78,regress_then_threshold,SVR-RBF,2,212.04959304586032,204.3,0.1,image,0,-212.04959304586032,0
232.78,regress_then_threshold,SVR-RBF,3,211.31401808270496,204.3,0.1,image,0,-211.31401808270496,0
220.78,regress_then_threshold,SVR-RBF,4,216.02030759741024,204.3,0.1,image,0,-216.02030759741024,0
185.78,regress_then_threshold,SVR-RBF,5,216.3843080414309,204.3,0.1,image,0,-216.3843080414309,1
195.78,regress_then_threshold,SVR-RBF,6,218.91924935919522,204.3,0.1,image,0,-218.91924935919522,1
218.78,regress_then_threshold,SVR-RBF,7,209.5920925208841,204.3,0.1,image,0,-209.5920925208841,0
214.78,regress_then_threshold,SVR-RBF,8,211.125386077234,204.3,0.1,image,0,-211.125386077234,0
222.78,regress_then_threshold,SVR-RBF,9,213.3520131311363,204.3,0.1,image,0,-213.3520131311363,0
220.78,regress_then_threshold,SVR-RBF,10,216.054197407329,204.3,0.1,image,0,-216.054197407329,0
213.78,regress_then_threshold,RandomForest,1,214.18699999999947,204.3,0.1,image,0,-214.18699999999947,0
217.78,regress_then_threshold,RandomForest,2,215.33699999999953,204.3,0.1,image,0,-215.33699999999953,0
232.78,regress_then_threshold,RandomForest,3,220.07249999999942,204.3,0.1,image,0,-220.07249999999942,0
220.78,regress_then_threshold,RandomForest,4,219.15366666666617,204.3,0.1,image,0,-219.15366666666617,0
185.78,regress_then_threshold,RandomForest,5,218.30416666666625,204.3,0.1,image,0,-218.30416666666625,1
195.78,regress_then_threshold,RandomForest,6,196.45624999999944,204.3,0.1,image,1,-196.45624999999944,1
218.78,regress_then_threshold,RandomForest,7,215.90658333333266,204.3,0.1,image,0,-215.90658333333266,0
214.78,regress_then_threshold,RandomForest,8,213.52008333333274,204.3,0.1,image,0,-213.52008333333274,0
222.78,regress_then_threshold,RandomForest,9,216.47483333333273,204.3,0.1,image,0,-216.47483333333273,0
220.78,regress_then_threshold,RandomForest,10,223.10908333333282,204.3,0.1,image,0,-223.10908333333282,0
213.78,regress_then_threshold,GradBoost,1,214.91765553187878,204.3,0.1,image,0,-214.91765553187878,0
217.78,regress_then_threshold,GradBoost,2,216.0651528358282,204.3,0.1,image,0,-216.0651528358282,0
232.78,regress_then_threshold,GradBoost,3,222.34542465382012,204.3,0.1,image,0,-222.34542465382012,0
220.78,regress_then_threshold,GradBoost,4,221.20859904030004,204.3,0.1,image,0,-221.20859904030004,0
185.78,regress_then_threshold,GradBoost,5,217.8393263038613,204.3,0.1,image,0,-217.8393263038613,1
195.78,regress_then_threshold,GradBoost,6,186.47235901667585,204.3,0.1,image,1,-186.47235901667585,1
218.78,regress_then_threshold,GradBoost,7,212.2837015974961,204.3,0.1,image,0,-212.2837015974961,0
214.78,regress_then_threshold,GradBoost,8,213.88577459821175,204.3,0.1,image,0,-213.88577459821175,0
222.78,regress_then_threshold,GradBoost,9,217.71179790766797,204.3,0.1,image,0,-217.71179790766797,0
220.78,regress_then_threshold,GradBoost,10,219.61259521265262,204.3,0.1,image,0,-219.61259521265262,0
213.78,regress_then_threshold,XGBoost,1,215.62213134765625,204.3,0.1,image,0,-215.62213134765625,0
217.78,regress_then_threshold,XGBoost,2,216.31240844726562,204.3,0.1,image,0,-216.31240844726562,0
232.78,regress_then_threshold,XGBoost,3,221.42730712890625,204.3,0.1,image,0,-221.42730712890625,0
220.78,regress_then_threshold,XGBoost,4,217.73019409179688,204.3,0.1,image,0,-217.73019409179688,0
185.78,regress_then_threshold,XGBoost,5,215.3872833251953,204.3,0.1,image,0,-215.3872833251953,1
195.78,regress_then_threshold,XGBoost,6,190.14349365234375,204.3,0.1,image,1,-190.14349365234375,1
218.78,regress_then_threshold,XGBoost,7,210.8325653076172,204.3,0.1,image,0,-210.8325653076172,0
214.78,regress_then_threshold,XGBoost,8,215.3648223876953,204.3,0.1,image,0,-215.3648223876953,0
222.78,regress_then_threshold,XGBoost,9,217.02479553222656,204.3,0.1,image,0,-217.02479553222656,0
220.78,regress_then_threshold,XGBoost,10,220.32130432128906,204.3,0.1,image,0,-220.32130432128906,0
213.78,classifier,DummyMostFrequent,1,,192.95,0.15,image,0,0.0,0
217.78,classifier,DummyMostFrequent,2,,192.95,0.15,image,0,0.0,0
232.78,classifier,DummyMostFrequent,3,,192.95,0.15,image,0,0.0,0
220.78,classifier,DummyMostFrequent,4,,192.95,0.15,image,0,0.0,0
185.78,classifier,DummyMostFrequent,5,,192.95,0.15,image,0,0.0,1
195.78,classifier,DummyMostFrequent,6,,192.95,0.15,image,0,0.0,0
218.78,classifier,DummyMostFrequent,7,,192.95,0.15,image,0,0.0,0
214.78,classifier,DummyMostFrequent,8,,192.95,0.15,image,0,0.0,0
222.78,classifier,DummyMostFrequent,9,,192.95,0.15,image,0,0.0,0
220.78,classifier,DummyMostFrequent,10,,192.95,0.15,image,0,0.0,0
213.78,classifier,LogisticRegression,1,,192.95,0.15,image,0,0.3375349439034126,0
217.78,classifier,LogisticRegression,2,,192.95,0.15,image,0,0.1783319825292806,0
232.78,classifier,LogisticRegression,3,,192.95,0.15,image,1,0.6821318595494916,0
220.78,classifier,LogisticRegression,4,,192.95,0.15,image,0,0.005734668553123548,0
185.78,classifier,LogisticRegression,5,,192.95,0.15,image,0,0.0,1
195.78,classifier,LogisticRegression,6,,192.95,0.15,image,1,0.9861008572563621,0
218.78,classifier,LogisticRegression,7,,192.95,0.15,image,1,0.7057236021469783,0
214.78,classifier,LogisticRegression,8,,192.95,0.15,image,0,0.25056712993335495,0
222.78,classifier,LogisticRegression,9,,192.95,0.15,image,0,0.15517067692193803,0
220.78,classifier,LogisticRegression,10,,192.95,0.15,image,0,0.4479252679737585,0
213.78,classifier,SVM-RBF,1,,192.95,0.15,image,0,0.10017351407689326,0
217.78,classifier,SVM-RBF,2,,192.95,0.15,image,0,0.15888100594761692,0
232.78,classifier,SVM-RBF,3,,192.95,0.15,image,0,0.20789925294772962,0
220.78,classifier,SVM-RBF,4,,192.95,0.15,image,0,0.3417388649687152,0
185.78,classifier,SVM-RBF,5,,192.95,0.15,image,0,0.0,1
195.78,classifier,SVM-RBF,6,,192.95,0.15,image,0,0.14485459977384824,0
218.78,classifier,SVM-RBF,7,,192.95,0.15,image,1,0.03358750037218063,0
214.78,classifier,SVM-RBF,8,,192.95,0.15,image,0,0.11527949297566918,0
222.78,classifier,SVM-RBF,9,,192.95,0.15,image,0,0.1956161768966972,0
220.78,classifier,SVM-RBF,10,,192.95,0.15,image,0,0.14697448127029594,0
213.78,classifier,RandomForest,1,,192.95,0.15,image,0,0.275,0
217.78,classifier,RandomForest,2,,192.95,0.15,image,0,0.19,0
232.78,classifier,RandomForest,3,,192.95,0.15,image,0,0.18,0
220.78,classifier,RandomForest,4,,192.95,0.15,image,0,0.15,0
185.78,classifier,RandomForest,5,,192.95,0.15,image,0,0.0,1
195.78,classifier,RandomForest,6,,192.95,0.15,image,1,0.89,0
218.78,classifier,RandomForest,7,,192.95,0.15,image,1,0.505,0
214.78,classifier,RandomForest,8,,192.95,0.15,image,0,0.255,0
222.78,classifier,RandomForest,9,,192.95,0.15,image,0,0.15,0
220.78,classifier,RandomForest,10,,192.95,0.15,image,0,0.25,0
213.78,classifier,GradBoost,1,,192.95,0.15,image,0,5.014261956059095e-06,0
217.78,classifier,GradBoost,2,,192.95,0.15,image,0,5.014261956059095e-06,0
232.78,classifier,GradBoost,3,,192.95,0.15,image,0,5.014261956059095e-06,0
220.78,classifier,GradBoost,4,,192.95,0.15,image,0,5.014261956059095e-06,0
185.78,classifier,GradBoost,5,,192.95,0.15,image,0,0.0,1
195.78,classifier,GradBoost,6,,192.95,0.15,image,1,0.9999644787877888,0
218.78,classifier,GradBoost,7,,192.95,0.15,image,0,5.014261956059095e-06,0
214.78,classifier,GradBoost,8,,192.95,0.15,image,0,5.014261956059095e-06,0
222.78,classifier,GradBoost,9,,192.95,0.15,image,0,5.014261956059095e-06,0
220.78,classifier,GradBoost,10,,192.95,0.15,image,0,5.014261956059095e-06,0
213.78,classifier,XGBoost,1,,192.95,0.15,image,0,0.1111111119389534,0
217.78,classifier,XGBoost,2,,192.95,0.15,image,0,0.1111111119389534,0
232.78,classifier,XGBoost,3,,192.95,0.15,image,0,0.1111111119389534,0
220.78,classifier,XGBoost,4,,192.95,0.15,image,0,0.1111111119389534,0
185.78,classifier,XGBoost,5,,192.95,0.15,image,0,0.0,1
195.78,classifier,XGBoost,6,,192.95,0.15,image,0,0.1111111119389534,0
218.78,classifier,XGBoost,7,,192.95,0.15,image,0,0.1111111119389534,0
214.78,classifier,XGBoost,8,,192.95,0.15,image,0,0.1111111119389534,0
222.78,classifier,XGBoost,9,,192.95,0.15,image,0,0.1111111119389534,0
220.78,classifier,XGBoost,10,,192.95,0.15,image,0,0.1111111119389534,0
213.78,regress_then_threshold,Ridge,1,211.3442522157269,192.95,0.15,image,0,-211.3442522157269,0
217.78,regress_then_threshold,Ridge,2,212.7886766098617,192.95,0.15,image,0,-212.7886766098617,0
232.78,regress_then_threshold,Ridge,3,226.2328677537776,192.95,0.15,image,0,-226.2328677537776,0
220.78,regress_then_threshold,Ridge,4,228.67261079845028,192.95,0.15,image,0,-228.67261079845028,0
185.78,regress_then_threshold,Ridge,5,213.62664945429538,192.95,0.15,image,0,-213.62664945429538,1
195.78,regress_then_threshold,Ridge,6,193.9726550149224,192.95,0.15,image,0,-193.9726550149224,0
218.78,regress_then_threshold,Ridge,7,210.17566723048878,192.95,0.15,image,0,-210.17566723048878,0
214.78,regress_then_threshold,Ridge,8,210.66791243016044,192.95,0.15,image,0,-210.66791243016044,0
222.78,regress_then_threshold,Ridge,9,214.57801183867676,192.95,0.15,image,0,-214.57801183867676,0
220.78,regress_then_threshold,Ridge,10,218.49882676569953,192.95,0.15,image,0,-218.49882676569953,0
213.78,regress_then_threshold,ElasticNet,1,203.77113018699296,192.95,0.15,image,0,-203.77113018699296,0
217.78,regress_then_threshold,ElasticNet,2,224.0072369066708,192.95,0.15,image,0,-224.0072369066708,0
232.78,regress_then_threshold,ElasticNet,3,224.78537958482315,192.95,0.15,image,0,-224.78537958482315,0
220.78,regress_then_threshold,ElasticNet,4,238.54254683571924,192.95,0.15,image,0,-238.54254683571924,0
185.78,regress_then_threshold,ElasticNet,5,209.6030603184927,192.95,0.15,image,0,-209.6030603184927,1
195.78,regress_then_threshold,ElasticNet,6,188.67432605199937,192.95,0.15,image,1,-188.67432605199937,0
218.78,regress_then_threshold,ElasticNet,7,201.0113980265636,192.95,0.15,image,0,-201.0113980265636,0
214.78,regress_then_threshold,ElasticNet,8,212.8059820660784,192.95,0.15,image,0,-212.8059820660784,0
222.78,regress_then_threshold,ElasticNet,9,216.9897188378568,192.95,0.15,image,0,-216.9897188378568,0
220.78,regress_then_threshold,ElasticNet,10,216.99327821809857,192.95,0.15,image,0,-216.99327821809857,0
213.78,regress_then_threshold,SVR-RBF,1,211.95892176868495,192.95,0.15,image,0,-211.95892176868495,0
217.78,regress_then_threshold,SVR-RBF,2,212.04959304586032,192.95,0.15,image,0,-212.04959304586032,0
232.78,regress_then_threshold,SVR-RBF,3,211.31401808270496,192.95,0.15,image,0,-211.31401808270496,0
220.78,regress_then_threshold,SVR-RBF,4,216.02030759741024,192.95,0.15,image,0,-216.02030759741024,0
185.78,regress_then_threshold,SVR-RBF,5,216.3843080414309,192.95,0.15,image,0,-216.3843080414309,1
195.78,regress_then_threshold,SVR-RBF,6,218.91924935919522,192.95,0.15,image,0,-218.91924935919522,0
218.78,regress_then_threshold,SVR-RBF,7,209.5920925208841,192.95,0.15,image,0,-209.5920925208841,0
214.78,regress_then_threshold,SVR-RBF,8,211.125386077234,192.95,0.15,image,0,-211.125386077234,0
222.78,regress_then_threshold,SVR-RBF,9,213.3520131311363,192.95,0.15,image,0,-213.3520131311363,0
220.78,regress_then_threshold,SVR-RBF,10,216.054197407329,192.95,0.15,image,0,-216.054197407329,0
213.78,regress_then_threshold,RandomForest,1,214.18699999999947,192.95,0.15,image,0,-214.18699999999947,0
217.78,regress_then_threshold,RandomForest,2,215.33699999999953,192.95,0.15,image,0,-215.33699999999953,0
232.78,regress_then_threshold,RandomForest,3,220.07249999999942,192.95,0.15,image,0,-220.07249999999942,0
220.78,regress_then_threshold,RandomForest,4,219.15366666666617,192.95,0.15,image,0,-219.15366666666617,0
185.78,regress_then_threshold,RandomForest,5,218.30416666666625,192.95,0.15,image,0,-218.30416666666625,1
195.78,regress_then_threshold,RandomForest,6,196.45624999999944,192.95,0.15,image,0,-196.45624999999944,0
218.78,regress_then_threshold,RandomForest,7,215.90658333333266,192.95,0.15,image,0,-215.90658333333266,0
214.78,regress_then_threshold,RandomForest,8,213.52008333333274,192.95,0.15,image,0,-213.52008333333274,0
222.78,regress_then_threshold,RandomForest,9,216.47483333333273,192.95,0.15,image,0,-216.47483333333273,0
220.78,regress_then_threshold,RandomForest,10,223.10908333333282,192.95,0.15,image,0,-223.10908333333282,0
213.78,regress_then_threshold,GradBoost,1,214.91765553187878,192.95,0.15,image,0,-214.91765553187878,0
217.78,regress_then_threshold,GradBoost,2,216.0651528358282,192.95,0.15,image,0,-216.0651528358282,0
232.78,regress_then_threshold,GradBoost,3,222.34542465382012,192.95,0.15,image,0,-222.34542465382012,0
220.78,regress_then_threshold,GradBoost,4,221.20859904030004,192.95,0.15,image,0,-221.20859904030004,0
185.78,regress_then_threshold,GradBoost,5,217.8393263038613,192.95,0.15,image,0,-217.8393263038613,1
195.78,regress_then_threshold,GradBoost,6,186.47235901667585,192.95,0.15,image,1,-186.47235901667585,0
218.78,regress_then_threshold,GradBoost,7,212.2837015974961,192.95,0.15,image,0,-212.2837015974961,0
214.78,regress_then_threshold,GradBoost,8,213.88577459821175,192.95,0.15,image,0,-213.88577459821175,0
222.78,regress_then_threshold,GradBoost,9,217.71179790766797,192.95,0.15,image,0,-217.71179790766797,0
220.78,regress_then_threshold,GradBoost,10,219.61259521265262,192.95,0.15,image,0,-219.61259521265262,0
213.78,regress_then_threshold,XGBoost,1,215.62213134765625,192.95,0.15,image,0,-215.62213134765625,0
217.78,regress_then_threshold,XGBoost,2,216.31240844726562,192.95,0.15,image,0,-216.31240844726562,0
232.78,regress_then_threshold,XGBoost,3,221.42730712890625,192.95,0.15,image,0,-221.42730712890625,0
220.78,regress_then_threshold,XGBoost,4,217.73019409179688,192.95,0.15,image,0,-217.73019409179688,0
185.78,regress_then_threshold,XGBoost,5,215.3872833251953,192.95,0.15,image,0,-215.3872833251953,1
195.78,regress_then_threshold,XGBoost,6,190.14349365234375,192.95,0.15,image,1,-190.14349365234375,0
218.78,regress_then_threshold,XGBoost,7,210.8325653076172,192.95,0.15,image,0,-210.8325653076172,0
214.78,regress_then_threshold,XGBoost,8,215.3648223876953,192.95,0.15,image,0,-215.3648223876953,0
222.78,regress_then_threshold,XGBoost,9,217.02479553222656,192.95,0.15,image,0,-217.02479553222656,0
220.78,regress_then_threshold,XGBoost,10,220.32130432128906,192.95,0.15,image,0,-220.32130432128906,0
213.78,regress_then_threshold,Ridge,1,211.3442522157269,181.60000000000002,0.2,image,0,-211.3442522157269,0
217.78,regress_then_threshold,Ridge,2,212.7886766098617,181.60000000000002,0.2,image,0,-212.7886766098617,0
232.78,regress_then_threshold,Ridge,3,226.2328677537776,181.60000000000002,0.2,image,0,-226.2328677537776,0
220.78,regress_then_threshold,Ridge,4,228.67261079845028,181.60000000000002,0.2,image,0,-228.67261079845028,0
185.78,regress_then_threshold,Ridge,5,213.62664945429538,181.60000000000002,0.2,image,0,-213.62664945429538,0
195.78,regress_then_threshold,Ridge,6,193.9726550149224,181.60000000000002,0.2,image,0,-193.9726550149224,0
218.78,regress_then_threshold,Ridge,7,210.17566723048878,181.60000000000002,0.2,image,0,-210.17566723048878,0
214.78,regress_then_threshold,Ridge,8,210.66791243016044,181.60000000000002,0.2,image,0,-210.66791243016044,0
222.78,regress_then_threshold,Ridge,9,214.57801183867676,181.60000000000002,0.2,image,0,-214.57801183867676,0
220.78,regress_then_threshold,Ridge,10,218.49882676569953,181.60000000000002,0.2,image,0,-218.49882676569953,0
213.78,regress_then_threshold,ElasticNet,1,203.77113018699296,181.60000000000002,0.2,image,0,-203.77113018699296,0
217.78,regress_then_threshold,ElasticNet,2,224.0072369066708,181.60000000000002,0.2,image,0,-224.0072369066708,0
232.78,regress_then_threshold,ElasticNet,3,224.78537958482315,181.60000000000002,0.2,image,0,-224.78537958482315,0
220.78,regress_then_threshold,ElasticNet,4,238.54254683571924,181.60000000000002,0.2,image,0,-238.54254683571924,0
185.78,regress_then_threshold,ElasticNet,5,209.6030603184927,181.60000000000002,0.2,image,0,-209.6030603184927,0
195.78,regress_then_threshold,ElasticNet,6,188.67432605199937,181.60000000000002,0.2,image,0,-188.67432605199937,0
218.78,regress_then_threshold,ElasticNet,7,201.0113980265636,181.60000000000002,0.2,image,0,-201.0113980265636,0
214.78,regress_then_threshold,ElasticNet,8,212.8059820660784,181.60000000000002,0.2,image,0,-212.8059820660784,0
222.78,regress_then_threshold,ElasticNet,9,216.9897188378568,181.60000000000002,0.2,image,0,-216.9897188378568,0
220.78,regress_then_threshold,ElasticNet,10,216.99327821809857,181.60000000000002,0.2,image,0,-216.99327821809857,0
213.78,regress_then_threshold,SVR-RBF,1,211.95892176868495,181.60000000000002,0.2,image,0,-211.95892176868495,0
217.78,regress_then_threshold,SVR-RBF,2,212.04959304586032,181.60000000000002,0.2,image,0,-212.04959304586032,0
232.78,regress_then_threshold,SVR-RBF,3,211.31401808270496,181.60000000000002,0.2,image,0,-211.31401808270496,0
220.78,regress_then_threshold,SVR-RBF,4,216.02030759741024,181.60000000000002,0.2,image,0,-216.02030759741024,0
185.78,regress_then_threshold,SVR-RBF,5,216.3843080414309,181.60000000000002,0.2,image,0,-216.3843080414309,0
195.78,regress_then_threshold,SVR-RBF,6,218.91924935919522,181.60000000000002,0.2,image,0,-218.91924935919522,0
218.78,regress_then_threshold,SVR-RBF,7,209.5920925208841,181.60000000000002,0.2,image,0,-209.5920925208841,0
214.78,regress_then_threshold,SVR-RBF,8,211.125386077234,181.60000000000002,0.2,image,0,-211.125386077234,0
222.78,regress_then_threshold,SVR-RBF,9,213.3520131311363,181.60000000000002,0.2,image,0,-213.3520131311363,0
220.78,regress_then_threshold,SVR-RBF,10,216.054197407329,181.60000000000002,0.2,image,0,-216.054197407329,0
213.78,regress_then_threshold,RandomForest,1,214.18699999999947,181.60000000000002,0.2,image,0,-214.18699999999947,0
217.78,regress_then_threshold,RandomForest,2,215.33699999999953,181.60000000000002,0.2,image,0,-215.33699999999953,0
232.78,regress_then_threshold,RandomForest,3,220.07249999999942,181.60000000000002,0.2,image,0,-220.07249999999942,0
220.78,regress_then_threshold,RandomForest,4,219.15366666666617,181.60000000000002,0.2,image,0,-219.15366666666617,0
185.78,regress_then_threshold,RandomForest,5,218.30416666666625,181.60000000000002,0.2,image,0,-218.30416666666625,0
195.78,regress_then_threshold,RandomForest,6,196.45624999999944,181.60000000000002,0.2,image,0,-196.45624999999944,0
218.78,regress_then_threshold,RandomForest,7,215.90658333333266,181.60000000000002,0.2,image,0,-215.90658333333266,0
214.78,regress_then_threshold,RandomForest,8,213.52008333333274,181.60000000000002,0.2,image,0,-213.52008333333274,0
222.78,regress_then_threshold,RandomForest,9,216.47483333333273,181.60000000000002,0.2,image,0,-216.47483333333273,0
220.78,regress_then_threshold,RandomForest,10,223.10908333333282,181.60000000000002,0.2,image,0,-223.10908333333282,0
213.78,regress_then_threshold,GradBoost,1,214.91765553187878,181.60000000000002,0.2,image,0,-214.91765553187878,0
217.78,regress_then_threshold,GradBoost,2,216.0651528358282,181.60000000000002,0.2,image,0,-216.0651528358282,0
232.78,regress_then_threshold,GradBoost,3,222.34542465382012,181.60000000000002,0.2,image,0,-222.34542465382012,0
220.78,regress_then_threshold,GradBoost,4,221.20859904030004,181.60000000000002,0.2,image,0,-221.20859904030004,0
185.78,regress_then_threshold,GradBoost,5,217.8393263038613,181.60000000000002,0.2,image,0,-217.8393263038613,0
195.78,regress_then_threshold,GradBoost,6,186.47235901667585,181.60000000000002,0.2,image,0,-186.47235901667585,0
218.78,regress_then_threshold,GradBoost,7,212.2837015974961,181.60000000000002,0.2,image,0,-212.2837015974961,0
214.78,regress_then_threshold,GradBoost,8,213.88577459821175,181.60000000000002,0.2,image,0,-213.88577459821175,0
222.78,regress_then_threshold,GradBoost,9,217.71179790766797,181.60000000000002,0.2,image,0,-217.71179790766797,0
220.78,regress_then_threshold,GradBoost,10,219.61259521265262,181.60000000000002,0.2,image,0,-219.61259521265262,0
213.78,regress_then_threshold,XGBoost,1,215.62213134765625,181.60000000000002,0.2,image,0,-215.62213134765625,0
217.78,regress_then_threshold,XGBoost,2,216.31240844726562,181.60000000000002,0.2,image,0,-216.31240844726562,0
232.78,regress_then_threshold,XGBoost,3,221.42730712890625,181.60000000000002,0.2,image,0,-221.42730712890625,0
220.78,regress_then_threshold,XGBoost,4,217.73019409179688,181.60000000000002,0.2,image,0,-217.73019409179688,0
185.78,regress_then_threshold,XGBoost,5,215.3872833251953,181.60000000000002,0.2,image,0,-215.3872833251953,0
195.78,regress_then_threshold,XGBoost,6,190.14349365234375,181.60000000000002,0.2,image,0,-190.14349365234375,0
218.78,regress_then_threshold,XGBoost,7,210.8325653076172,181.60000000000002,0.2,image,0,-210.8325653076172,0
214.78,regress_then_threshold,XGBoost,8,215.3648223876953,181.60000000000002,0.2,image,0,-215.3648223876953,0
222.78,regress_then_threshold,XGBoost,9,217.02479553222656,181.60000000000002,0.2,image,0,-217.02479553222656,0
220.78,regress_then_threshold,XGBoost,10,220.32130432128906,181.60000000000002,0.2,image,0,-220.32130432128906,0
213.78,classifier,DummyMostFrequent,1,,204.3,0.1,sensors,0,0.0,0
217.78,classifier,DummyMostFrequent,2,,204.3,0.1,sensors,0,0.0,0
232.78,classifier,DummyMostFrequent,3,,204.3,0.1,sensors,0,0.0,0
220.78,classifier,DummyMostFrequent,4,,204.3,0.1,sensors,0,0.0,0
185.78,classifier,DummyMostFrequent,5,,204.3,0.1,sensors,0,0.0,1
195.78,classifier,DummyMostFrequent,6,,204.3,0.1,sensors,0,0.0,1
218.78,classifier,DummyMostFrequent,7,,204.3,0.1,sensors,0,0.0,0
214.78,classifier,DummyMostFrequent,8,,204.3,0.1,sensors,0,0.0,0
222.78,classifier,DummyMostFrequent,9,,204.3,0.1,sensors,0,0.0,0
220.78,classifier,DummyMostFrequent,10,,204.3,0.1,sensors,0,0.0,0
213.78,classifier,LogisticRegression,1,,204.3,0.1,sensors,0,0.330283918867069,0
217.78,classifier,LogisticRegression,2,,204.3,0.1,sensors,0,0.22850333080010887,0
232.78,classifier,LogisticRegression,3,,204.3,0.1,sensors,0,0.004067836015503485,0
220.78,classifier,LogisticRegression,4,,204.3,0.1,sensors,0,0.0028148251050205846,0
185.78,classifier,LogisticRegression,5,,204.3,0.1,sensors,0,0.1737500747714922,1
195.78,classifier,LogisticRegression,6,,204.3,0.1,sensors,1,0.9903113696111289,1
218.78,classifier,LogisticRegression,7,,204.3,0.1,sensors,1,0.5800045322996873,0
214.78,classifier,LogisticRegression,8,,204.3,0.1,sensors,0,0.3695234264134882,0
222.78,classifier,LogisticRegression,9,,204.3,0.1,sensors,0,0.12637465009062374,0
220.78,classifier,LogisticRegression,10,,204.3,0.1,sensors,0,0.09590882715991325,0
213.78,classifier,SVM-RBF,1,,204.3,0.1,sensors,0,0.2830858883134204,0
217.78,classifier,SVM-RBF,2,,204.3,0.1,sensors,0,0.3697045093886651,0
232.78,classifier,SVM-RBF,3,,204.3,0.1,sensors,0,0.19018464485541975,0
220.78,classifier,SVM-RBF,4,,204.3,0.1,sensors,0,0.23220482915900703,0
185.78,classifier,SVM-RBF,5,,204.3,0.1,sensors,0,0.15724688807314288,1
195.78,classifier,SVM-RBF,6,,204.3,0.1,sensors,0,0.1499482258796161,1
218.78,classifier,SVM-RBF,7,,204.3,0.1,sensors,1,0.03429200665713662,0
214.78,classifier,SVM-RBF,8,,204.3,0.1,sensors,0,0.27863557850287257,0
222.78,classifier,SVM-RBF,9,,204.3,0.1,sensors,0,0.47553811508916655,0
220.78,classifier,SVM-RBF,10,,204.3,0.1,sensors,0,0.3197013800106846,0
213.78,classifier,RandomForest,1,,204.3,0.1,sensors,0,0.31,0
217.78,classifier,RandomForest,2,,204.3,0.1,sensors,0,0.23,0
232.78,classifier,RandomForest,3,,204.3,0.1,sensors,0,0.09,0
220.78,classifier,RandomForest,4,,204.3,0.1,sensors,0,0.09,0
185.78,classifier,RandomForest,5,,204.3,0.1,sensors,0,0.06,1
195.78,classifier,RandomForest,6,,204.3,0.1,sensors,1,0.8,1
218.78,classifier,RandomForest,7,,204.3,0.1,sensors,0,0.35,0
214.78,classifier,RandomForest,8,,204.3,0.1,sensors,0,0.24,0
222.78,classifier,RandomForest,9,,204.3,0.1,sensors,0,0.09,0
220.78,classifier,RandomForest,10,,204.3,0.1,sensors,0,0.14,0
213.78,classifier,GradBoost,1,,204.3,0.1,sensors,0,9.96020359157241e-06,0
217.78,classifier,GradBoost,2,,204.3,0.1,sensors,0,9.96020359157241e-06,0
232.78,classifier,GradBoost,3,,204.3,0.1,sensors,0,9.96020359157241e-06,0
220.78,classifier,GradBoost,4,,204.3,0.1,sensors,0,9.96020359157241e-06,0
185.78,classifier,GradBoost,5,,204.3,0.1,sensors,0,5.0142619560591035e-06,1
195.78,classifier,GradBoost,6,,204.3,0.1,sensors,1,0.9999644787877888,1
218.78,classifier,GradBoost,7,,204.3,0.1,sensors,0,9.96020359157241e-06,0
214.78,classifier,GradBoost,8,,204.3,0.1,sensors,0,9.96020359157241e-06,0
222.78,classifier,GradBoost,9,,204.3,0.1,sensors,0,9.96020359157241e-06,0
220.78,classifier,GradBoost,10,,204.3,0.1,sensors,0,9.96020359157241e-06,0
213.78,classifier,XGBoost,1,,204.3,0.1,sensors,0,0.2216096967458725,0
217.78,classifier,XGBoost,2,,204.3,0.1,sensors,0,0.2216096967458725,0
232.78,classifier,XGBoost,3,,204.3,0.1,sensors,0,0.2216096967458725,0
220.78,classifier,XGBoost,4,,204.3,0.1,sensors,0,0.2216096967458725,0
185.78,classifier,XGBoost,5,,204.3,0.1,sensors,0,0.1111111119389534,1
195.78,classifier,XGBoost,6,,204.3,0.1,sensors,0,0.1111111119389534,1
218.78,classifier,XGBoost,7,,204.3,0.1,sensors,0,0.215310737490654,0
214.78,classifier,XGBoost,8,,204.3,0.1,sensors,0,0.215310737490654,0
222.78,classifier,XGBoost,9,,204.3,0.1,sensors,0,0.215310737490654,0
220.78,classifier,XGBoost,10,,204.3,0.1,sensors,0,0.215310737490654,0
213.78,regress_then_threshold,Ridge,1,211.74947592134274,204.3,0.1,sensors,0,-211.74947592134274,0
217.78,regress_then_threshold,Ridge,2,212.9509081110181,204.3,0.1,sensors,0,-212.9509081110181,0
232.78,regress_then_threshold,Ridge,3,228.17148964202642,204.3,0.1,sensors,0,-228.17148964202642,0
220.78,regress_then_threshold,Ridge,4,228.27744729034515,204.3,0.1,sensors,0,-228.27744729034515,0
185.78,regress_then_threshold,Ridge,5,213.87550847422753,204.3,0.1,sensors,0,-213.87550847422753,1
195.78,regress_then_threshold,Ridge,6,195.23887296184145,204.3,0.1,sensors,1,-195.23887296184145,1
218.78,regress_then_threshold,Ridge,7,210.17566723048878,204.3,0.1,sensors,0,-210.17566723048878,0
214.78,regress_then_threshold,Ridge,8,210.9364072168629,204.3,0.1,sensors,0,-210.9364072168629,0
222.78,regress_then_threshold,Ridge,9,214.97621261219547,204.3,0.1,sensors,0,-214.97621261219547,0
220.78,regress_then_threshold,Ridge,10,219.10053280073774,204.3,0.1,sensors,0,-219.10053280073774,0
213.78,regress_then_threshold,ElasticNet,1,207.09647055309944,204.3,0.1,sensors,0,-207.09647055309944,0
217.78,regress_then_threshold,ElasticNet,2,218.48946686216817,204.3,0.1,sensors,0,-218.48946686216817,0
232.78,regress_then_threshold,ElasticNet,3,237.18188190338043,204.3,0.1,sensors,0,-237.18188190338043,0
220.78,regress_then_threshold,ElasticNet,4,235.5738647439255,204.3,0.1,sensors,0,-235.5738647439255,0
185.78,regress_then_threshold,ElasticNet,5,212.26278809961232,204.3,0.1,sensors,0,-212.26278809961232,1
195.78,regress_then_threshold,ElasticNet,6,194.82570088791388,204.3,0.1,sensors,1,-194.82570088791388,1
218.78,regress_then_threshold,ElasticNet,7,201.0113980265636,204.3,0.1,sensors,1,-201.0113980265636,0
214.78,regress_then_threshold,ElasticNet,8,212.03743530069758,204.3,0.1,sensors,0,-212.03743530069758,0
222.78,regress_then_threshold,ElasticNet,9,218.76693119163846,204.3,0.1,sensors,0,-218.76693119163846,0
220.78,regress_then_threshold,ElasticNet,10,218.74256400652104,204.3,0.1,sensors,0,-218.74256400652104,0
213.78,regress_then_threshold,SVR-RBF,1,213.50562284870875,204.3,0.1,sensors,0,-213.50562284870875,0
217.78,regress_then_threshold,SVR-RBF,2,213.81229423994694,204.3,0.1,sensors,0,-213.81229423994694,0
232.78,regress_then_threshold,SVR-RBF,3,211.08723666512103,204.3,0.1,sensors,0,-211.08723666512103,0
220.78,regress_then_threshold,SVR-RBF,4,216.1411287493656,204.3,0.1,sensors,0,-216.1411287493656,0
185.78,regress_then_threshold,SVR-RBF,5,216.63001972708324,204.3,0.1,sensors,0,-216.63001972708324,1
195.78,regress_then_threshold,SVR-RBF,6,219.58928264502373,204.3,0.1,sensors,0,-219.58928264502373,1
218.78,regress_then_threshold,SVR-RBF,7,209.12878783674347,204.3,0.1,sensors,0,-209.12878783674347,0
214.78,regress_then_threshold,SVR-RBF,8,212.38112973209286,204.3,0.1,sensors,0,-212.38112973209286,0
222.78,regress_then_threshold,SVR-RBF,9,214.81458535136807,204.3,0.1,sensors,0,-214.81458535136807,0
220.78,regress_then_threshold,SVR-RBF,10,218.3167078797239,204.3,0.1,sensors,0,-218.3167078797239,0
213.78,regress_then_threshold,RandomForest,1,214.8304999999995,204.3,0.1,sensors,0,-214.8304999999995,0
217.78,regress_then_threshold,RandomForest,2,215.59099999999955,204.3,0.1,sensors,0,-215.59099999999955,0
232.78,regress_then_threshold,RandomForest,3,219.5871666666661,204.3,0.1,sensors,0,-219.5871666666661,0
220.78,regress_then_threshold,RandomForest,4,219.5657499999995,204.3,0.1,sensors,0,-219.5657499999995,0
185.78,regress_then_threshold,RandomForest,5,218.3031666666663,204.3,0.1,sensors,0,-218.3031666666663,1
195.78,regress_then_threshold,RandomForest,6,196.61708333333277,204.3,0.1,sensors,1,-196.61708333333277,1
218.78,regress_then_threshold,RandomForest,7,215.7174999999994,204.3,0.1,sensors,0,-215.7174999999994,0
214.78,regress_then_threshold,RandomForest,8,214.02508333333273,204.3,0.1,sensors,0,-214.02508333333273,0
222.78,regress_then_threshold,RandomForest,9,216.66208333333273,204.3,0.1,sensors,0,-216.66208333333273,0
220.78,regress_then_threshold,RandomForest,10,222.15074999999942,204.3,0.1,sensors,0,-222.15074999999942,0
213.78,regress_then_threshold,GradBoost,1,214.95887256931974,204.3,0.1,sensors,0,-214.95887256931974,0
217.78,regress_then_threshold,GradBoost,2,215.8186872264596,204.3,0.1,sensors,0,-215.8186872264596,0
232.78,regress_then_threshold,GradBoost,3,222.36524248415924,204.3,0.1,sensors,0,-222.36524248415924,0
220.78,regress_then_threshold,GradBoost,4,223.81831463962078,204.3,0.1,sensors,0,-223.81831463962078,0
185.78,regress_then_threshold,GradBoost,5,218.34157110006925,204.3,0.1,sensors,0,-218.34157110006925,1
195.78,regress_then_threshold,GradBoost,6,186.4472933288764,204.3,0.1,sensors,1,-186.4472933288764,1
218.78,regress_then_threshold,GradBoost,7,212.61944657135385,204.3,0.1,sensors,0,-212.61944657135385,0
214.78,regress_then_threshold,GradBoost,8,213.88577459821175,204.3,0.1,sensors,0,-213.88577459821175,0
222.78,regress_then_threshold,GradBoost,9,217.65337021485058,204.3,0.1,sensors,0,-217.65337021485058,0
220.78,regress_then_threshold,GradBoost,10,220.05514220954151,204.3,0.1,sensors,0,-220.05514220954151,0
213.78,regress_then_threshold,XGBoost,1,215.6457061767578,204.3,0.1,sensors,0,-215.6457061767578,0
217.78,regress_then_threshold,XGBoost,2,216.82723999023438,204.3,0.1,sensors,0,-216.82723999023438,0
232.78,regress_then_threshold,XGBoost,3,221.45692443847656,204.3,0.1,sensors,0,-221.45692443847656,0
220.78,regress_then_threshold,XGBoost,4,219.13160705566406,204.3,0.1,sensors,0,-219.13160705566406,0
185.78,regress_then_threshold,XGBoost,5,215.68963623046875,204.3,0.1,sensors,0,-215.68963623046875,1
195.78,regress_then_threshold,XGBoost,6,190.34945678710938,204.3,0.1,sensors,1,-190.34945678710938,1
218.78,regress_then_threshold,XGBoost,7,208.32093811035156,204.3,0.1,sensors,0,-208.32093811035156,0
214.78,regress_then_threshold,XGBoost,8,215.38560485839844,204.3,0.1,sensors,0,-215.38560485839844,0
222.78,regress_then_threshold,XGBoost,9,217.3875274658203,204.3,0.1,sensors,0,-217.3875274658203,0
220.78,regress_then_threshold,XGBoost,10,218.27561950683594,204.3,0.1,sensors,0,-218.27561950683594,0
213.78,classifier,DummyMostFrequent,1,,192.95,0.15,sensors,0,0.0,0
217.78,classifier,DummyMostFrequent,2,,192.95,0.15,sensors,0,0.0,0
232.78,classifier,DummyMostFrequent,3,,192.95,0.15,sensors,0,0.0,0
220.78,classifier,DummyMostFrequent,4,,192.95,0.15,sensors,0,0.0,0
185.78,classifier,DummyMostFrequent,5,,192.95,0.15,sensors,0,0.0,1
195.78,classifier,DummyMostFrequent,6,,192.95,0.15,sensors,0,0.0,0
218.78,classifier,DummyMostFrequent,7,,192.95,0.15,sensors,0,0.0,0
214.78,classifier,DummyMostFrequent,8,,192.95,0.15,sensors,0,0.0,0
222.78,classifier,DummyMostFrequent,9,,192.95,0.15,sensors,0,0.0,0
220.78,classifier,DummyMostFrequent,10,,192.95,0.15,sensors,0,0.0,0
213.78,classifier,LogisticRegression,1,,192.95,0.15,sensors,0,0.3208397726171889,0
217.78,classifier,LogisticRegression,2,,192.95,0.15,sensors,0,0.17829183645768948,0
232.78,classifier,LogisticRegression,3,,192.95,0.15,sensors,1,0.5235102704961809,0
220.78,classifier,LogisticRegression,4,,192.95,0.15,sensors,0,0.005531845669838881,0
185.78,classifier,LogisticRegression,5,,192.95,0.15,sensors,0,0.0,1
195.78,classifier,LogisticRegression,6,,192.95,0.15,sensors,1,0.9903113696111289,0
218.78,classifier,LogisticRegression,7,,192.95,0.15,sensors,1,0.7057236021469782,0
214.78,classifier,LogisticRegression,8,,192.95,0.15,sensors,0,0.24568762688902024,0
222.78,classifier,LogisticRegression,9,,192.95,0.15,sensors,0,0.13811795053022835,0
220.78,classifier,LogisticRegression,10,,192.95,0.15,sensors,0,0.4157786646410822,0
213.78,classifier,SVM-RBF,1,,192.95,0.15,sensors,0,0.12419058365855011,0
217.78,classifier,SVM-RBF,2,,192.95,0.15,sensors,0,0.17679724374825523,0
232.78,classifier,SVM-RBF,3,,192.95,0.15,sensors,0,0.18387069378715756,0
220.78,classifier,SVM-RBF,4,,192.95,0.15,sensors,0,0.2380351627712946,0
185.78,classifier,SVM-RBF,5,,192.95,0.15,sensors,0,0.0,1
195.78,classifier,SVM-RBF,6,,192.95,0.15,sensors,0,0.1499482258796161,0
218.78,classifier,SVM-RBF,7,,192.95,0.15,sensors,1,0.02618875283907872,0
214.78,classifier,SVM-RBF,8,,192.95,0.15,sensors,0,0.1363544699307843,0
222.78,classifier,SVM-RBF,9,,192.95,0.15,sensors,0,0.21964096818356083,0
220.78,classifier,SVM-RBF,10,,192.95,0.15,sensors,0,0.17349644549610985,0
213.78,classifier,RandomForest,1,,192.95,0.15,sensors,0,0.32,0
217.78,classifier,RandomForest,2,,192.95,0.15,sensors,0,0.19,0
232.78,classifier,RandomForest,3,,192.95,0.15,sensors,0,0.21,0
220.78,classifier,RandomForest,4,,192.95,0.15,sensors,0,0.12,0
185.78,classifier,RandomForest,5,,192.95,0.15,sensors,0,0.0,1
195.78,classifier,RandomForest,6,,192.95,0.15,sensors,1,0.8,0
218.78,classifier,RandomForest,7,,192.95,0.15,sensors,1,0.545,0
214.78,classifier,RandomForest,8,,192.95,0.15,sensors,0,0.235,0
222.78,classifier,RandomForest,9,,192.95,0.15,sensors,0,0.16,0
220.78,classifier,RandomForest,10,,192.95,0.15,sensors,0,0.235,0
213.78,classifier,GradBoost,1,,192.95,0.15,sensors,0,5.014261956059095e-06,0
217.78,classifier,GradBoost,2,,192.95,0.15,sensors,0,5.014261956059095e-06,0
232.78,classifier,GradBoost,3,,192.95,0.15,sensors,0,5.014261956059095e-06,0
220.78,classifier,GradBoost,4,,192.95,0.15,sensors,0,5.014261956059095e-06,0
185.78,classifier,GradBoost,5,,192.95,0.15,sensors,0,0.0,1
195.78,classifier,GradBoost,6,,192.95,0.15,sensors,1,0.9999644787877888,0
218.78,classifier,GradBoost,7,,192.95,0.15,sensors,0,5.014261956059095e-06,0
214.78,classifier,GradBoost,8,,192.95,0.15,sensors,0,5.014261956059095e-06,0
222.78,classifier,GradBoost,9,,192.95,0.15,sensors,0,5.014261956059095e-06,0
220.78,classifier,GradBoost,10,,192.95,0.15,sensors,0,5.014261956059095e-06,0
213.78,classifier,XGBoost,1,,192.95,0.15,sensors,0,0.1111111119389534,0
217.78,classifier,XGBoost,2,,192.95,0.15,sensors,0,0.1111111119389534,0
232.78,classifier,XGBoost,3,,192.95,0.15,sensors,0,0.1111111119389534,0
220.78,classifier,XGBoost,4,,192.95,0.15,sensors,0,0.1111111119389534,0
185.78,classifier,XGBoost,5,,192.95,0.15,sensors,0,0.0,1
195.78,classifier,XGBoost,6,,192.95,0.15,sensors,0,0.1111111119389534,0
218.78,classifier,XGBoost,7,,192.95,0.15,sensors,0,0.1111111119389534,0
214.78,classifier,XGBoost,8,,192.95,0.15,sensors,0,0.1111111119389534,0
222.78,classifier,XGBoost,9,,192.95,0.15,sensors,0,0.1111111119389534,0
220.78,classifier,XGBoost,10,,192.95,0.15,sensors,0,0.1111111119389534,0
213.78,regress_then_threshold,Ridge,1,211.74947592134274,192.95,0.15,sensors,0,-211.74947592134274,0
217.78,regress_then_threshold,Ridge,2,212.9509081110181,192.95,0.15,sensors,0,-212.9509081110181,0
232.78,regress_then_threshold,Ridge,3,228.17148964202642,192.95,0.15,sensors,0,-228.17148964202642,0
220.78,regress_then_threshold,Ridge,4,228.27744729034515,192.95,0.15,sensors,0,-228.27744729034515,0
185.78,regress_then_threshold,Ridge,5,213.87550847422753,192.95,0.15,sensors,0,-213.87550847422753,1
195.78,regress_then_threshold,Ridge,6,195.23887296184145,192.95,0.15,sensors,0,-195.23887296184145,0
218.78,regress_then_threshold,Ridge,7,210.17566723048878,192.95,0.15,sensors,0,-210.17566723048878,0
214.78,regress_then_threshold,Ridge,8,210.9364072168629,192.95,0.15,sensors,0,-210.9364072168629,0
222.78,regress_then_threshold,Ridge,9,214.97621261219547,192.95,0.15,sensors,0,-214.97621261219547,0
220.78,regress_then_threshold,Ridge,10,219.10053280073774,192.95,0.15,sensors,0,-219.10053280073774,0
213.78,regress_then_threshold,ElasticNet,1,207.09647055309944,192.95,0.15,sensors,0,-207.09647055309944,0
217.78,regress_then_threshold,ElasticNet,2,218.48946686216817,192.95,0.15,sensors,0,-218.48946686216817,0
232.78,regress_then_threshold,ElasticNet,3,237.18188190338043,192.95,0.15,sensors,0,-237.18188190338043,0
220.78,regress_then_threshold,ElasticNet,4,235.5738647439255,192.95,0.15,sensors,0,-235.5738647439255,0
185.78,regress_then_threshold,ElasticNet,5,212.26278809961232,192.95,0.15,sensors,0,-212.26278809961232,1
195.78,regress_then_threshold,ElasticNet,6,194.82570088791388,192.95,0.15,sensors,0,-194.82570088791388,0
218.78,regress_then_threshold,ElasticNet,7,201.0113980265636,192.95,0.15,sensors,0,-201.0113980265636,0
214.78,regress_then_threshold,ElasticNet,8,212.03743530069758,192.95,0.15,sensors,0,-212.03743530069758,0
222.78,regress_then_threshold,ElasticNet,9,218.76693119163846,192.95,0.15,sensors,0,-218.76693119163846,0
220.78,regress_then_threshold,ElasticNet,10,218.74256400652104,192.95,0.15,sensors,0,-218.74256400652104,0
213.78,regress_then_threshold,SVR-RBF,1,213.50562284870875,192.95,0.15,sensors,0,-213.50562284870875,0
217.78,regress_then_threshold,SVR-RBF,2,213.81229423994694,192.95,0.15,sensors,0,-213.81229423994694,0
232.78,regress_then_threshold,SVR-RBF,3,211.08723666512103,192.95,0.15,sensors,0,-211.08723666512103,0
220.78,regress_then_threshold,SVR-RBF,4,216.1411287493656,192.95,0.15,sensors,0,-216.1411287493656,0
185.78,regress_then_threshold,SVR-RBF,5,216.63001972708324,192.95,0.15,sensors,0,-216.63001972708324,1
195.78,regress_then_threshold,SVR-RBF,6,219.58928264502373,192.95,0.15,sensors,0,-219.58928264502373,0
218.78,regress_then_threshold,SVR-RBF,7,209.12878783674347,192.95,0.15,sensors,0,-209.12878783674347,0
214.78,regress_then_threshold,SVR-RBF,8,212.38112973209286,192.95,0.15,sensors,0,-212.38112973209286,0
222.78,regress_then_threshold,SVR-RBF,9,214.81458535136807,192.95,0.15,sensors,0,-214.81458535136807,0
220.78,regress_then_threshold,SVR-RBF,10,218.3167078797239,192.95,0.15,sensors,0,-218.3167078797239,0
213.78,regress_then_threshold,RandomForest,1,214.8304999999995,192.95,0.15,sensors,0,-214.8304999999995,0
217.78,regress_then_threshold,RandomForest,2,215.59099999999955,192.95,0.15,sensors,0,-215.59099999999955,0
232.78,regress_then_threshold,RandomForest,3,219.5871666666661,192.95,0.15,sensors,0,-219.5871666666661,0
220.78,regress_then_threshold,RandomForest,4,219.5657499999995,192.95,0.15,sensors,0,-219.5657499999995,0
185.78,regress_then_threshold,RandomForest,5,218.3031666666663,192.95,0.15,sensors,0,-218.3031666666663,1
195.78,regress_then_threshold,RandomForest,6,196.61708333333277,192.95,0.15,sensors,0,-196.61708333333277,0
218.78,regress_then_threshold,RandomForest,7,215.7174999999994,192.95,0.15,sensors,0,-215.7174999999994,0
214.78,regress_then_threshold,RandomForest,8,214.02508333333273,192.95,0.15,sensors,0,-214.02508333333273,0
222.78,regress_then_threshold,RandomForest,9,216.66208333333273,192.95,0.15,sensors,0,-216.66208333333273,0
220.78,regress_then_threshold,RandomForest,10,222.15074999999942,192.95,0.15,sensors,0,-222.15074999999942,0
213.78,regress_then_threshold,GradBoost,1,214.95887256931974,192.95,0.15,sensors,0,-214.95887256931974,0
217.78,regress_then_threshold,GradBoost,2,215.8186872264596,192.95,0.15,sensors,0,-215.8186872264596,0
232.78,regress_then_threshold,GradBoost,3,222.36524248415924,192.95,0.15,sensors,0,-222.36524248415924,0
220.78,regress_then_threshold,GradBoost,4,223.81831463962078,192.95,0.15,sensors,0,-223.81831463962078,0
185.78,regress_then_threshold,GradBoost,5,218.34157110006925,192.95,0.15,sensors,0,-218.34157110006925,1
195.78,regress_then_threshold,GradBoost,6,186.4472933288764,192.95,0.15,sensors,1,-186.4472933288764,0
218.78,regress_then_threshold,GradBoost,7,212.61944657135385,192.95,0.15,sensors,0,-212.61944657135385,0
214.78,regress_then_threshold,GradBoost,8,213.88577459821175,192.95,0.15,sensors,0,-213.88577459821175,0
222.78,regress_then_threshold,GradBoost,9,217.65337021485058,192.95,0.15,sensors,0,-217.65337021485058,0
220.78,regress_then_threshold,GradBoost,10,220.05514220954151,192.95,0.15,sensors,0,-220.05514220954151,0
213.78,regress_then_threshold,XGBoost,1,215.6457061767578,192.95,0.15,sensors,0,-215.6457061767578,0
217.78,regress_then_threshold,XGBoost,2,216.82723999023438,192.95,0.15,sensors,0,-216.82723999023438,0
232.78,regress_then_threshold,XGBoost,3,221.45692443847656,192.95,0.15,sensors,0,-221.45692443847656,0
220.78,regress_then_threshold,XGBoost,4,219.13160705566406,192.95,0.15,sensors,0,-219.13160705566406,0
185.78,regress_then_threshold,XGBoost,5,215.68963623046875,192.95,0.15,sensors,0,-215.68963623046875,1
195.78,regress_then_threshold,XGBoost,6,190.34945678710938,192.95,0.15,sensors,1,-190.34945678710938,0
218.78,regress_then_threshold,XGBoost,7,208.32093811035156,192.95,0.15,sensors,0,-208.32093811035156,0
214.78,regress_then_threshold,XGBoost,8,215.38560485839844,192.95,0.15,sensors,0,-215.38560485839844,0
222.78,regress_then_threshold,XGBoost,9,217.3875274658203,192.95,0.15,sensors,0,-217.3875274658203,0
220.78,regress_then_threshold,XGBoost,10,218.27561950683594,192.95,0.15,sensors,0,-218.27561950683594,0
213.78,regress_then_threshold,Ridge,1,211.74947592134274,181.60000000000002,0.2,sensors,0,-211.74947592134274,0
217.78,regress_then_threshold,Ridge,2,212.9509081110181,181.60000000000002,0.2,sensors,0,-212.9509081110181,0
232.78,regress_then_threshold,Ridge,3,228.17148964202642,181.60000000000002,0.2,sensors,0,-228.17148964202642,0
220.78,regress_then_threshold,Ridge,4,228.27744729034515,181.60000000000002,0.2,sensors,0,-228.27744729034515,0
185.78,regress_then_threshold,Ridge,5,213.87550847422753,181.60000000000002,0.2,sensors,0,-213.87550847422753,0
195.78,regress_then_threshold,Ridge,6,195.23887296184145,181.60000000000002,0.2,sensors,0,-195.23887296184145,0
218.78,regress_then_threshold,Ridge,7,210.17566723048878,181.60000000000002,0.2,sensors,0,-210.17566723048878,0
214.78,regress_then_threshold,Ridge,8,210.9364072168629,181.60000000000002,0.2,sensors,0,-210.9364072168629,0
222.78,regress_then_threshold,Ridge,9,214.97621261219547,181.60000000000002,0.2,sensors,0,-214.97621261219547,0
220.78,regress_then_threshold,Ridge,10,219.10053280073774,181.60000000000002,0.2,sensors,0,-219.10053280073774,0
213.78,regress_then_threshold,ElasticNet,1,207.09647055309944,181.60000000000002,0.2,sensors,0,-207.09647055309944,0
217.78,regress_then_threshold,ElasticNet,2,218.48946686216817,181.60000000000002,0.2,sensors,0,-218.48946686216817,0
232.78,regress_then_threshold,ElasticNet,3,237.18188190338043,181.60000000000002,0.2,sensors,0,-237.18188190338043,0
220.78,regress_then_threshold,ElasticNet,4,235.5738647439255,181.60000000000002,0.2,sensors,0,-235.5738647439255,0
185.78,regress_then_threshold,ElasticNet,5,212.26278809961232,181.60000000000002,0.2,sensors,0,-212.26278809961232,0
195.78,regress_then_threshold,ElasticNet,6,194.82570088791388,181.60000000000002,0.2,sensors,0,-194.82570088791388,0
218.78,regress_then_threshold,ElasticNet,7,201.0113980265636,181.60000000000002,0.2,sensors,0,-201.0113980265636,0
214.78,regress_then_threshold,ElasticNet,8,212.03743530069758,181.60000000000002,0.2,sensors,0,-212.03743530069758,0
222.78,regress_then_threshold,ElasticNet,9,218.76693119163846,181.60000000000002,0.2,sensors,0,-218.76693119163846,0
220.78,regress_then_threshold,ElasticNet,10,218.74256400652104,181.60000000000002,0.2,sensors,0,-218.74256400652104,0
213.78,regress_then_threshold,SVR-RBF,1,213.50562284870875,181.60000000000002,0.2,sensors,0,-213.50562284870875,0
217.78,regress_then_threshold,SVR-RBF,2,213.81229423994694,181.60000000000002,0.2,sensors,0,-213.81229423994694,0
232.78,regress_then_threshold,SVR-RBF,3,211.08723666512103,181.60000000000002,0.2,sensors,0,-211.08723666512103,0
220.78,regress_then_threshold,SVR-RBF,4,216.1411287493656,181.60000000000002,0.2,sensors,0,-216.1411287493656,0
185.78,regress_then_threshold,SVR-RBF,5,216.63001972708324,181.60000000000002,0.2,sensors,0,-216.63001972708324,0
195.78,regress_then_threshold,SVR-RBF,6,219.58928264502373,181.60000000000002,0.2,sensors,0,-219.58928264502373,0
218.78,regress_then_threshold,SVR-RBF,7,209.12878783674347,181.60000000000002,0.2,sensors,0,-209.12878783674347,0
214.78,regress_then_threshold,SVR-RBF,8,212.38112973209286,181.60000000000002,0.2,sensors,0,-212.38112973209286,0
222.78,regress_then_threshold,SVR-RBF,9,214.81458535136807,181.60000000000002,0.2,sensors,0,-214.81458535136807,0
220.78,regress_then_threshold,SVR-RBF,10,218.3167078797239,181.60000000000002,0.2,sensors,0,-218.3167078797239,0
213.78,regress_then_threshold,RandomForest,1,214.8304999999995,181.60000000000002,0.2,sensors,0,-214.8304999999995,0
217.78,regress_then_threshold,RandomForest,2,215.59099999999955,181.60000000000002,0.2,sensors,0,-215.59099999999955,0
232.78,regress_then_threshold,RandomForest,3,219.5871666666661,181.60000000000002,0.2,sensors,0,-219.5871666666661,0
220.78,regress_then_threshold,RandomForest,4,219.5657499999995,181.60000000000002,0.2,sensors,0,-219.5657499999995,0
185.78,regress_then_threshold,RandomForest,5,218.3031666666663,181.60000000000002,0.2,sensors,0,-218.3031666666663,0
195.78,regress_then_threshold,RandomForest,6,196.61708333333277,181.60000000000002,0.2,sensors,0,-196.61708333333277,0
218.78,regress_then_threshold,RandomForest,7,215.7174999999994,181.60000000000002,0.2,sensors,0,-215.7174999999994,0
214.78,regress_then_threshold,RandomForest,8,214.02508333333273,181.60000000000002,0.2,sensors,0,-214.02508333333273,0
222.78,regress_then_threshold,RandomForest,9,216.66208333333273,181.60000000000002,0.2,sensors,0,-216.66208333333273,0
220.78,regress_then_threshold,RandomForest,10,222.15074999999942,181.60000000000002,0.2,sensors,0,-222.15074999999942,0
213.78,regress_then_threshold,GradBoost,1,214.95887256931974,181.60000000000002,0.2,sensors,0,-214.95887256931974,0
217.78,regress_then_threshold,GradBoost,2,215.8186872264596,181.60000000000002,0.2,sensors,0,-215.8186872264596,0
232.78,regress_then_threshold,GradBoost,3,222.36524248415924,181.60000000000002,0.2,sensors,0,-222.36524248415924,0
220.78,regress_then_threshold,GradBoost,4,223.81831463962078,181.60000000000002,0.2,sensors,0,-223.81831463962078,0
185.78,regress_then_threshold,GradBoost,5,218.34157110006925,181.60000000000002,0.2,sensors,0,-218.34157110006925,0
195.78,regress_then_threshold,GradBoost,6,186.4472933288764,181.60000000000002,0.2,sensors,0,-186.4472933288764,0
218.78,regress_then_threshold,GradBoost,7,212.61944657135385,181.60000000000002,0.2,sensors,0,-212.61944657135385,0
214.78,regress_then_threshold,GradBoost,8,213.88577459821175,181.60000000000002,0.2,sensors,0,-213.88577459821175,0
222.78,regress_then_threshold,GradBoost,9,217.65337021485058,181.60000000000002,0.2,sensors,0,-217.65337021485058,0
220.78,regress_then_threshold,GradBoost,10,220.05514220954151,181.60000000000002,0.2,sensors,0,-220.05514220954151,0
213.78,regress_then_threshold,XGBoost,1,215.6457061767578,181.60000000000002,0.2,sensors,0,-215.6457061767578,0
217.78,regress_then_threshold,XGBoost,2,216.82723999023438,181.60000000000002,0.2,sensors,0,-216.82723999023438,0
232.78,regress_then_threshold,XGBoost,3,221.45692443847656,181.60000000000002,0.2,sensors,0,-221.45692443847656,0
220.78,regress_then_threshold,XGBoost,4,219.13160705566406,181.60000000000002,0.2,sensors,0,-219.13160705566406,0
185.78,regress_then_threshold,XGBoost,5,215.68963623046875,181.60000000000002,0.2,sensors,0,-215.68963623046875,0
195.78,regress_then_threshold,XGBoost,6,190.34945678710938,181.60000000000002,0.2,sensors,0,-190.34945678710938,0
218.78,regress_then_threshold,XGBoost,7,208.32093811035156,181.60000000000002,0.2,sensors,0,-208.32093811035156,0
214.78,regress_then_threshold,XGBoost,8,215.38560485839844,181.60000000000002,0.2,sensors,0,-215.38560485839844,0
222.78,regress_then_threshold,XGBoost,9,217.3875274658203,181.60000000000002,0.2,sensors,0,-217.3875274658203,0
220.78,regress_then_threshold,XGBoost,10,218.27561950683594,181.60000000000002,0.2,sensors,0,-218.27561950683594,0
