trial,plant_id,day_t,day_future,fw_t,fw_future,modelled_g_t,residual_g_t,delta_fw,fw_prev,gain_prev_4d,img_mask_area_sum_wmean,img_mask_area_mean_wmean,img_coverage_frac_wmean,img_plant_color_mean_wmean,win_img_mask_area_sum_slope,win_img_mask_area_sum_delta,win_img_coverage_frac_slope,plant_img_mask_area_px_wmean,plant_img_mask_area_px_last,has_plant_cup_image,env_day_air_temp_c_mean_wmean,env_night_air_temp_c_mean_wmean,env_day_humidity_pct_mean_wmean,env_night_humidity_pct_mean_wmean,env_day_vpd_pa_mean_wmean,env_night_vpd_pa_mean_wmean,env_day_co2_ppm_mean_wmean,env_act_day_light_duration_s_sum_wmean,nutrient_ec_us_cm_mean_wmean,exp_day_wmean
trial1,1,0,4,4.48,12.880000000000004,4.5,-0.0199999999999995,8.400000000000004,,,76366.0,76366.0,0.0714285714285714,0.6574,,,,,,0.0,23.05625,21.4725,58.945,69.2925,1166.9025,788.74,462.75,57660.127822,1300.625,0.0
trial1,1,4,8,12.880000000000004,19.08,8.2,4.680000000000005,6.199999999999994,4.48,8.400000000000004,154496.75,57189.6875,0.1964285714285714,0.7028916666666667,16020.899999999998,52444.0,0.0214285714285714,,,0.0,22.993125,21.33725,59.252812500000005,67.897875,1144.2325,821.69025,486.8125,57660.05613525001,1360.721955128205,2.5
trial1,1,8,12,19.08,26.78,14.0,5.079999999999998,7.700000000000003,12.880000000000004,6.199999999999994,221773.5,40375.65178571429,0.3928571428571428,0.8868427083333332,-94028.60000000003,-302796.0,-0.1571428571428572,38634.5,38662.0,1.0,23.0415625,21.445291666666662,61.59121527777778,72.77795833333334,1078.6539236111112,707.202125,517.7621527777778,48855.064053,1520.265224358974,6.5
trial1,1,12,16,26.78,40.78,26.0,0.7800000000000011,14.0,19.08,7.700000000000003,83910.0,41955.0,0.1428571428571428,0.9297,,,,,,0.0,22.27142361111111,20.752,58.64802083333333,69.59279166666667,1109.1780555555554,740.3591666666666,509.3958333333333,46965.04450875,1550.5176282051282,10.5
trial1,1,16,20,40.78,78.78,53.9,-13.119999999999996,38.0,26.78,14.0,114351.0,38117.0,0.2142857142857142,0.6525666666666666,,,,,,0.0,22.738125,21.509125000000004,49.456875,61.781375,1408.6778125,964.25525,486.5,46703.136977,1699.4110576923076,14.5
trial1,1,20,24,78.78,135.78,96.2,-17.42,57.0,40.78,38.0,195884.0,30167.464285714286,0.4642857142857143,0.744677380952381,-24850.0,-24850.0,-0.0714285714285715,28645.0,28645.0,1.0,23.399375,21.49070833333333,47.46347222222222,64.17208333333333,1541.3878125,932.5985833333332,536.6284722222222,39453.513172,1668.8910256410256,18.5
trial1,1,24,28,135.78,213.78,147.6,-11.819999999999991,78.0,78.78,57.0,293371.25,36746.42013888889,0.5714285714285714,0.71745625,-37262.09999999993,-118244.0,-0.0714285714285712,37818.0,33013.0,1.0,22.9271875,20.28,62.626875,76.60775000000001,1054.4915625,581.924625,492.84375,49221.636207,2112.310096153846,22.5
trial1,2,0,4,4.880000000000003,11.079999999999998,4.5,0.3800000000000025,6.199999999999996,,,76366.0,76366.0,0.0714285714285714,0.6574,,,,,,0.0,23.05625,21.4725,58.945,69.2925,1166.9025,788.74,462.75,57660.127822,1300.625,0.0
trial1,2,4,8,11.079999999999998,18.18,8.2,2.879999999999999,7.100000000000001,4.880000000000003,6.199999999999996,154496.75,57189.6875,0.1964285714285714,0.7028916666666667,16020.899999999998,52444.0,0.0214285714285714,42183.0,42183.0,1.0,22.993125,21.33725,59.252812500000005,67.897875,1144.2325,821.69025,486.8125,57660.05613525001,1360.721955128205,2.5
trial1,2,8,12,18.18,27.78,14.0,4.18,9.600000000000001,11.079999999999998,7.100000000000001,221773.5,40375.65178571429,0.3928571428571428,0.8868427083333332,-94028.60000000003,-302796.0,-0.1571428571428572,32096.666666666668,30959.0,1.0,23.0415625,21.445291666666662,61.59121527777778,72.77795833333334,1078.6539236111112,707.202125,517.7621527777778,48855.064053,1520.265224358974,6.5
trial1,2,12,16,27.78,45.78,26.0,1.7800000000000011,18.0,18.18,9.600000000000001,83910.0,41955.0,0.1428571428571428,0.9297,,,,,,0.0,22.27142361111111,20.752,58.64802083333333,69.59279166666667,1109.1780555555554,740.3591666666666,509.3958333333333,46965.04450875,1550.5176282051282,10.5
trial1,2,16,20,45.78,89.78,53.9,-8.119999999999997,44.0,27.78,18.0,114351.0,38117.0,0.2142857142857142,0.6525666666666666,,,,,,0.0,22.738125,21.509125000000004,49.456875,61.781375,1408.6778125,964.25525,486.5,46703.136977,1699.4110576923076,14.5
trial1,2,20,24,89.78,153.78,96.2,-6.420000000000002,64.0,45.78,44.0,195884.0,30167.464285714286,0.4642857142857143,0.744677380952381,-24850.0,-24850.0,-0.0714285714285715,24715.0,24715.0,1.0,23.399375,21.49070833333333,47.46347222222222,64.17208333333333,1541.3878125,932.5985833333332,536.6284722222222,39453.513172,1668.8910256410256,18.5
trial1,2,24,28,153.78,217.78,147.6,6.180000000000007,64.0,89.78,64.0,293371.25,36746.42013888889,0.5714285714285714,0.71745625,-37262.09999999993,-118244.0,-0.0714285714285712,37729.333333333336,37662.0,1.0,22.9271875,20.28,62.626875,76.60775000000001,1054.4915625,581.924625,492.84375,49221.636207,2112.310096153846,22.5
trial1,3,0,4,6.580000000000002,16.880000000000003,4.5,2.080000000000002,10.3,,,76366.0,76366.0,0.0714285714285714,0.6574,,,,,,0.0,23.05625,21.4725,58.945,69.2925,1166.9025,788.74,462.75,57660.127822,1300.625,0.0
trial1,3,4,8,16.880000000000003,23.980000000000004,8.2,8.680000000000003,7.100000000000001,6.580000000000002,10.3,154496.75,57189.6875,0.1964285714285714,0.7028916666666667,16020.899999999998,52444.0,0.0214285714285714,,,0.0,22.993125,21.33725,59.252812500000005,67.897875,1144.2325,821.69025,486.8125,57660.05613525001,1360.721955128205,2.5
trial1,3,8,12,23.980000000000004,32.78,14.0,9.980000000000004,8.799999999999997,16.880000000000003,7.100000000000001,221773.5,40375.65178571429,0.3928571428571428,0.8868427083333332,-94028.60000000003,-302796.0,-0.1571428571428572,,,0.0,23.0415625,21.445291666666662,61.59121527777778,72.77795833333334,1078.6539236111112,707.202125,517.7621527777778,48855.064053,1520.265224358974,6.5
trial1,3,12,16,32.78,49.78,26.0,6.780000000000001,17.0,23.980000000000004,8.799999999999997,83910.0,41955.0,0.1428571428571428,0.9297,,,,,,0.0,22.27142361111111,20.752,58.64802083333333,69.59279166666667,1109.1780555555554,740.3591666666666,509.3958333333333,46965.04450875,1550.5176282051282,10.5
trial1,3,16,20,49.78,93.78,53.9,-4.119999999999997,44.0,32.78,17.0,114351.0,38117.0,0.2142857142857142,0.6525666666666666,,,,,,0.0,22.738125,21.509125000000004,49.456875,61.781375,1408.6778125,964.25525,486.5,46703.136977,1699.4110576923076,14.5
trial1,3,20,24,93.78,157.78,96.2,-2.4200000000000017,64.0,49.78,44.0,195884.0,30167.464285714286,0.4642857142857143,0.744677380952381,-24850.0,-24850.0,-0.0714285714285715,14667.0,14667.0,1.0,23.399375,21.49070833333333,47.46347222222222,64.17208333333333,1541.3878125,932.5985833333332,536.6284722222222,39453.513172,1668.8910256410256,18.5
trial1,3,24,28,157.78,232.78,147.6,10.180000000000009,75.0,93.78,64.0,293371.25,36746.42013888889,0.5714285714285714,0.71745625,-37262.09999999993,-118244.0,-0.0714285714285712,,,0.0,22.9271875,20.28,62.626875,76.60775000000001,1054.4915625,581.924625,492.84375,49221.636207,2112.310096153846,22.5
trial1,4,0,4,4.080000000000002,13.980000000000004,4.5,-0.4199999999999981,9.900000000000002,,,76366.0,76366.0,0.0714285714285714,0.6574,,,,,,0.0,23.05625,21.4725,58.945,69.2925,1166.9025,788.74,462.75,57660.127822,1300.625,0.0
trial1,4,4,8,13.980000000000004,20.78,8.2,5.780000000000005,6.799999999999997,4.080000000000002,9.900000000000002,154496.75,57189.6875,0.1964285714285714,0.7028916666666667,16020.899999999998,52444.0,0.0214285714285714,,,0.0,22.993125,21.33725,59.252812500000005,67.897875,1144.2325,821.69025,486.8125,57660.05613525001,1360.721955128205,2.5
trial1,4,8,12,20.78,29.78,14.0,6.780000000000001,9.0,13.980000000000004,6.799999999999997,221773.5,40375.65178571429,0.3928571428571428,0.8868427083333332,-94028.60000000003,-302796.0,-0.1571428571428572,,,0.0,23.0415625,21.445291666666662,61.59121527777778,72.77795833333334,1078.6539236111112,707.202125,517.7621527777778,48855.064053,1520.265224358974,6.5
trial1,4,12,16,29.78,50.78,26.0,3.780000000000001,21.0,20.78,9.0,83910.0,41955.0,0.1428571428571428,0.9297,,,,,,0.0,22.27142361111111,20.752,58.64802083333333,69.59279166666667,1109.1780555555554,740.3591666666666,509.3958333333333,46965.04450875,1550.5176282051282,10.5
trial1,4,16,20,50.78,91.78,53.9,-3.119999999999997,41.0,29.78,21.0,114351.0,38117.0,0.2142857142857142,0.6525666666666666,,,,,,0.0,22.738125,21.509125000000004,49.456875,61.781375,1408.6778125,964.25525,486.5,46703.136977,1699.4110576923076,14.5
trial1,4,20,24,91.78,140.78,96.2,-4.420000000000002,49.0,50.78,41.0,195884.0,30167.464285714286,0.4642857142857143,0.744677380952381,-24850.0,-24850.0,-0.0714285714285715,21227.0,28069.0,1.0,23.399375,21.49070833333333,47.46347222222222,64.17208333333333,1541.3878125,932.5985833333332,536.6284722222222,39453.513172,1668.8910256410256,18.5
trial1,4,24,28,140.78,220.78,147.6,-6.819999999999993,80.0,91.78,49.0,293371.25,36746.42013888889,0.5714285714285714,0.71745625,-37262.09999999993,-118244.0,-0.0714285714285712,31183.33333333333,31875.0,1.0,22.9271875,20.28,62.626875,76.60775000000001,1054.4915625,581.924625,492.84375,49221.636207,2112.310096153846,22.5
trial1,5,0,4,4.98,13.28,4.5,0.4800000000000004,8.299999999999999,,,76366.0,76366.0,0.0714285714285714,0.6574,,,,,,0.0,23.05625,21.4725,58.945,69.2925,1166.9025,788.74,462.75,57660.127822,1300.625,0.0
trial1,5,4,8,13.28,19.880000000000003,8.2,5.08,6.600000000000003,4.98,8.299999999999999,154496.75,57189.6875,0.1964285714285714,0.7028916666666667,16020.899999999998,52444.0,0.0214285714285714,,,0.0,22.993125,21.33725,59.252812500000005,67.897875,1144.2325,821.69025,486.8125,57660.05613525001,1360.721955128205,2.5
trial1,5,8,12,19.880000000000003,25.78,14.0,5.880000000000003,5.899999999999999,13.28,6.600000000000003,221773.5,40375.65178571429,0.3928571428571428,0.8868427083333332,-94028.60000000003,-302796.0,-0.1571428571428572,,,0.0,23.0415625,21.445291666666662,61.59121527777778,72.77795833333334,1078.6539236111112,707.202125,517.7621527777778,48855.064053,1520.265224358974,6.5
trial1,5,12,16,25.78,36.78,26.0,-0.2199999999999988,11.0,19.880000000000003,5.899999999999999,83910.0,41955.0,0.1428571428571428,0.9297,,,,,,0.0,22.27142361111111,20.752,58.64802083333333,69.59279166666667,1109.1780555555554,740.3591666666666,509.3958333333333,46965.04450875,1550.5176282051282,10.5
trial1,5,16,20,36.78,65.78,53.9,-17.119999999999997,29.0,25.78,11.0,114351.0,38117.0,0.2142857142857142,0.6525666666666666,,,,,,0.0,22.738125,21.509125000000004,49.456875,61.781375,1408.6778125,964.25525,486.5,46703.136977,1699.4110576923076,14.5
trial1,5,20,24,65.78,123.78,96.2,-30.42,58.0,36.78,29.0,195884.0,30167.464285714286,0.4642857142857143,0.744677380952381,-24850.0,-24850.0,-0.0714285714285715,25589.5,28045.0,1.0,23.399375,21.49070833333333,47.46347222222222,64.17208333333333,1541.3878125,932.5985833333332,536.6284722222222,39453.513172,1668.8910256410256,18.5
trial1,5,24,28,123.78,185.78,147.6,-23.819999999999997,62.0,65.78,58.0,293371.25,36746.42013888889,0.5714285714285714,0.71745625,-37262.09999999993,-118244.0,-0.0714285714285712,32428.5,32578.0,1.0,22.9271875,20.28,62.626875,76.60775000000001,1054.4915625,581.924625,492.84375,49221.636207,2112.310096153846,22.5
trial1,6,0,4,3.8800000000000026,7.880000000000003,4.5,-0.6199999999999974,4.0,,,76366.0,76366.0,0.0714285714285714,0.6574,,,,,,0.0,23.05625,21.4725,58.945,69.2925,1166.9025,788.74,462.75,57660.127822,1300.625,0.0
trial1,6,4,8,7.880000000000003,17.330000000000002,8.2,-0.3199999999999967,9.45,3.8800000000000026,4.0,154496.75,57189.6875,0.1964285714285714,0.7028916666666667,16020.899999999998,52444.0,0.0214285714285714,,,0.0,22.993125,21.33725,59.252812500000005,67.897875,1144.2325,821.69025,486.8125,57660.05613525001,1360.721955128205,2.5
trial1,6,8,12,17.330000000000002,21.78,14.0,3.330000000000002,4.449999999999999,7.880000000000003,9.45,221773.5,40375.65178571429,0.3928571428571428,0.8868427083333332,-94028.60000000003,-302796.0,-0.1571428571428572,33157.333333333336,33145.0,1.0,23.0415625,21.445291666666662,61.59121527777778,72.77795833333334,1078.6539236111112,707.202125,517.7621527777778,48855.064053,1520.265224358974,6.5
trial1,6,12,16,21.78,35.78,26.0,-4.219999999999999,14.0,17.330000000000002,4.449999999999999,83910.0,41955.0,0.1428571428571428,0.9297,,,,,,0.0,22.27142361111111,20.752,58.64802083333333,69.59279166666667,1109.1780555555554,740.3591666666666,509.3958333333333,46965.04450875,1550.5176282051282,10.5
trial1,6,16,20,35.78,69.78,53.9,-18.12,34.0,21.78,14.0,114351.0,38117.0,0.2142857142857142,0.6525666666666666,,,,,,0.0,22.738125,21.509125000000004,49.456875,61.781375,1408.6778125,964.25525,486.5,46703.136977,1699.4110576923076,14.5
trial1,6,20,24,69.78,125.78,96.2,-26.42,56.0,35.78,34.0,195884.0,30167.464285714286,0.4642857142857143,0.744677380952381,-24850.0,-24850.0,-0.0714285714285715,30319.0,30319.0,1.0,23.399375,21.49070833333333,47.46347222222222,64.17208333333333,1541.3878125,932.5985833333332,536.6284722222222,39453.513172,1668.8910256410256,18.5
trial1,6,24,28,125.78,195.78,147.6,-21.819999999999997,70.0,69.78,56.0,293371.25,36746.42013888889,0.5714285714285714,0.71745625,-37262.09999999993,-118244.0,-0.0714285714285712,34819.5,34630.0,1.0,22.9271875,20.28,62.626875,76.60775000000001,1054.4915625,581.924625,492.84375,49221.636207,2112.310096153846,22.5
trial1,7,0,4,5.18,13.980000000000004,4.5,0.6799999999999997,8.800000000000004,,,76366.0,76366.0,0.0714285714285714,0.6574,,,,,,0.0,23.05625,21.4725,58.945,69.2925,1166.9025,788.74,462.75,57660.127822,1300.625,0.0
trial1,7,4,8,13.980000000000004,20.980000000000004,8.2,5.780000000000005,7.0,5.18,8.800000000000004,154496.75,57189.6875,0.1964285714285714,0.7028916666666667,16020.899999999998,52444.0,0.0214285714285714,,,0.0,22.993125,21.33725,59.252812500000005,67.897875,1144.2325,821.69025,486.8125,57660.05613525001,1360.721955128205,2.5
trial1,7,8,12,20.980000000000004,26.78,14.0,6.980000000000004,5.799999999999997,13.980000000000004,7.0,221773.5,40375.65178571429,0.3928571428571428,0.8868427083333332,-94028.60000000003,-302796.0,-0.1571428571428572,40458.66666666666,39992.0,1.0,23.0415625,21.445291666666662,61.59121527777778,72.77795833333334,1078.6539236111112,707.202125,517.7621527777778,48855.064053,1520.265224358974,6.5
trial1,7,12,16,26.78,40.78,26.0,0.7800000000000011,14.0,20.980000000000004,5.799999999999997,83910.0,41955.0,0.1428571428571428,0.9297,,,,44642.0,44642.0,1.0,22.27142361111111,20.752,58.64802083333333,69.59279166666667,1109.1780555555554,740.3591666666666,509.3958333333333,46965.04450875,1550.5176282051282,10.5
trial1,7,16,20,40.78,76.78,53.9,-13.119999999999996,36.0,26.78,14.0,114351.0,38117.0,0.2142857142857142,0.6525666666666666,,,,35714.0,35714.0,1.0,22.738125,21.509125000000004,49.456875,61.781375,1408.6778125,964.25525,486.5,46703.136977,1699.4110576923076,14.5
trial1,7,20,24,76.78,135.78,96.2,-19.42,59.0,40.78,36.0,195884.0,30167.464285714286,0.4642857142857143,0.744677380952381,-24850.0,-24850.0,-0.0714285714285715,37889.0,37889.0,1.0,23.399375,21.49070833333333,47.46347222222222,64.17208333333333,1541.3878125,932.5985833333332,536.6284722222222,39453.513172,1668.8910256410256,18.5
trial1,7,24,28,135.78,218.78,147.6,-11.819999999999991,83.0,76.78,59.0,293371.25,36746.42013888889,0.5714285714285714,0.71745625,-37262.09999999993,-118244.0,-0.0714285714285712,34259.75,37461.0,1.0,22.9271875,20.28,62.626875,76.60775000000001,1054.4915625,581.924625,492.84375,49221.636207,2112.310096153846,22.5
trial1,8,0,4,4.580000000000002,11.28,4.5,0.0800000000000018,6.6999999999999975,,,76366.0,76366.0,0.0714285714285714,0.6574,,,,,,0.0,23.05625,21.4725,58.945,69.2925,1166.9025,788.74,462.75,57660.127822,1300.625,0.0
trial1,8,4,8,11.28,18.380000000000003,8.2,3.08,7.100000000000003,4.580000000000002,6.6999999999999975,154496.75,57189.6875,0.1964285714285714,0.7028916666666667,16020.899999999998,52444.0,0.0214285714285714,42602.5,44775.0,1.0,22.993125,21.33725,59.252812500000005,67.897875,1144.2325,821.69025,486.8125,57660.05613525001,1360.721955128205,2.5
trial1,8,8,12,18.380000000000003,26.78,14.0,4.380000000000003,8.399999999999999,11.28,7.100000000000003,221773.5,40375.65178571429,0.3928571428571428,0.8868427083333332,-94028.60000000003,-302796.0,-0.1571428571428572,40694.333333333336,44803.0,1.0,23.0415625,21.445291666666662,61.59121527777778,72.77795833333334,1078.6539236111112,707.202125,517.7621527777778,48855.064053,1520.265224358974,6.5
trial1,8,12,16,26.78,42.78,26.0,0.7800000000000011,16.0,18.380000000000003,8.399999999999999,83910.0,41955.0,0.1428571428571428,0.9297,,,,,,0.0,22.27142361111111,20.752,58.64802083333333,69.59279166666667,1109.1780555555554,740.3591666666666,509.3958333333333,46965.04450875,1550.5176282051282,10.5
trial1,8,16,20,42.78,78.78,53.9,-11.119999999999996,36.0,26.78,16.0,114351.0,38117.0,0.2142857142857142,0.6525666666666666,,,,,,0.0,22.738125,21.509125000000004,49.456875,61.781375,1408.6778125,964.25525,486.5,46703.136977,1699.4110576923076,14.5
trial1,8,20,24,78.78,137.78,96.2,-17.42,59.0,42.78,36.0,195884.0,30167.464285714286,0.4642857142857143,0.744677380952381,-24850.0,-24850.0,-0.0714285714285715,,,0.0,23.399375,21.49070833333333,47.46347222222222,64.17208333333333,1541.3878125,932.5985833333332,536.6284722222222,39453.513172,1668.8910256410256,18.5
trial1,8,24,28,137.78,214.78,147.6,-9.819999999999991,77.0,78.78,59.0,293371.25,36746.42013888889,0.5714285714285714,0.71745625,-37262.09999999993,-118244.0,-0.0714285714285712,39640.66666666666,36748.0,1.0,22.9271875,20.28,62.626875,76.60775000000001,1054.4915625,581.924625,492.84375,49221.636207,2112.310096153846,22.5
trial1,9,0,4,4.380000000000003,11.68,4.5,-0.1199999999999974,7.299999999999997,,,76366.0,76366.0,0.0714285714285714,0.6574,,,,,,0.0,23.05625,21.4725,58.945,69.2925,1166.9025,788.74,462.75,57660.127822,1300.625,0.0
trial1,9,4,8,11.68,21.58,8.2,3.4800000000000004,9.899999999999999,4.380000000000003,7.299999999999997,154496.75,57189.6875,0.1964285714285714,0.7028916666666667,16020.899999999998,52444.0,0.0214285714285714,,,0.0,22.993125,21.33725,59.252812500000005,67.897875,1144.2325,821.69025,486.8125,57660.05613525001,1360.721955128205,2.5
trial1,9,8,12,21.58,27.78,14.0,7.579999999999998,6.200000000000003,11.68,9.899999999999999,221773.5,40375.65178571429,0.3928571428571428,0.8868427083333332,-94028.60000000003,-302796.0,-0.1571428571428572,43592.66666666666,43164.0,1.0,23.0415625,21.445291666666662,61.59121527777778,72.77795833333334,1078.6539236111112,707.202125,517.7621527777778,48855.064053,1520.265224358974,6.5
trial1,9,12,16,27.78,41.78,26.0,1.7800000000000011,14.0,21.58,6.200000000000003,83910.0,41955.0,0.1428571428571428,0.9297,,,,,,0.0,22.27142361111111,20.752,58.64802083333333,69.59279166666667,1109.1780555555554,740.3591666666666,509.3958333333333,46965.04450875,1550.5176282051282,10.5
trial1,9,16,20,41.78,83.78,53.9,-12.119999999999996,42.0,27.78,14.0,114351.0,38117.0,0.2142857142857142,0.6525666666666666,,,,44023.0,44023.0,1.0,22.738125,21.509125000000004,49.456875,61.781375,1408.6778125,964.25525,486.5,46703.136977,1699.4110576923076,14.5
trial1,9,20,24,83.78,152.78,96.2,-12.420000000000002,69.0,41.78,42.0,195884.0,30167.464285714286,0.4642857142857143,0.744677380952381,-24850.0,-24850.0,-0.0714285714285715,37663.0,37663.0,1.0,23.399375,21.49070833333333,47.46347222222222,64.17208333333333,1541.3878125,932.5985833333332,536.6284722222222,39453.513172,1668.8910256410256,18.5
trial1,9,24,28,152.78,222.78,147.6,5.180000000000007,70.0,83.78,69.0,293371.25,36746.42013888889,0.5714285714285714,0.71745625,-37262.09999999993,-118244.0,-0.0714285714285712,39123.0,37714.0,1.0,22.9271875,20.28,62.626875,76.60775000000001,1054.4915625,581.924625,492.84375,49221.636207,2112.310096153846,22.5
trial1,10,0,4,5.880000000000003,14.68,4.5,1.3800000000000026,8.799999999999997,,,76366.0,76366.0,0.0714285714285714,0.6574,,,,,,0.0,23.05625,21.4725,58.945,69.2925,1166.9025,788.74,462.75,57660.127822,1300.625,0.0
trial1,10,12,16,29.78,44.78,26.0,3.780000000000001,15.0,,,83910.0,41955.0,0.1428571428571428,0.9297,,,,,,0.0,22.27142361111111,20.752,58.64802083333333,69.59279166666667,1109.1780555555554,740.3591666666666,509.3958333333333,46965.04450875,1550.5176282051282,10.5
trial1,10,16,20,44.78,82.78,53.9,-9.119999999999996,38.0,29.78,15.0,114351.0,38117.0,0.2142857142857142,0.6525666666666666,,,,,,0.0,22.738125,21.509125000000004,49.456875,61.781375,1408.6778125,964.25525,486.5,46703.136977,1699.4110576923076,14.5
trial1,10,20,24,82.78,141.78,96.2,-13.420000000000002,59.0,44.78,38.0,195884.0,30167.464285714286,0.4642857142857143,0.744677380952381,-24850.0,-24850.0,-0.0714285714285715,43666.0,43666.0,1.0,23.399375,21.49070833333333,47.46347222222222,64.17208333333333,1541.3878125,932.5985833333332,536.6284722222222,39453.513172,1668.8910256410256,18.5
trial1,10,24,28,141.78,220.78,147.6,-5.819999999999993,79.0,82.78,59.0,293371.25,36746.42013888889,0.5714285714285714,0.71745625,-37262.09999999993,-118244.0,-0.0714285714285712,,,0.0,22.9271875,20.28,62.626875,76.60775000000001,1054.4915625,581.924625,492.84375,49221.636207,2112.310096153846,22.5
