trial,plant_id,day_t,day_future,fw_t,fw_future,modelled_g_t,residual_g_t,delta_fw,fw_prev,gain_prev_4d,env_day_air_temp_c_mean_wmean,env_night_air_temp_c_mean_wmean,env_day_humidity_pct_mean_wmean,env_night_vpd_pa_mean_wmean,env_day_vpd_pa_mean_wmean,env_day_co2_ppm_mean_wmean,env_act_day_light_duration_s_sum_wmean,nutrient_ec_us_cm_mean_wmean,exp_day_wmean
trial1,-1,0,4,4.7,13.1,4.5,0.2,8.399999999999999,,,23.05625,21.4725,58.945,788.74,1166.9025,462.75,57660.127822,1300.625,0.0
trial1,-1,4,8,13.1,19.8,8.2,4.9,6.700000000000001,4.7,8.399999999999999,22.993125,21.33725,59.252812500000005,821.69025,1144.2325,486.8125,57660.05613525001,1360.721955128205,2.5
trial1,-1,8,12,19.8,27.3,14.0,5.8,7.5,13.1,6.700000000000001,23.0415625,21.445291666666662,61.59121527777778,707.202125,1078.6539236111112,517.7621527777778,48855.064053,1520.265224358974,6.5
trial1,-1,12,16,27.3,42.3,26.0,1.3,14.999999999999996,19.8,7.5,22.27142361111111,20.752,58.64802083333333,740.3591666666666,1109.1780555555554,509.3958333333333,46965.04450875,1550.5176282051282,10.5
trial1,-1,16,20,42.3,80.8,53.9,-11.6,38.5,27.3,14.999999999999996,22.738125,21.509125000000004,49.456875,964.25525,1408.6778125,486.5,46703.136977,1699.4110576923076,14.5
trial1,-1,20,24,80.8,139.3,96.2,-15.4,58.500000000000014,42.3,38.5,23.399375,21.49070833333333,47.46347222222222,932.5985833333332,1541.3878125,536.6284722222222,39453.513172,1668.8910256410256,18.5
trial1,-1,24,28,139.3,219.8,147.6,-8.3,80.5,80.8,58.500000000000014,22.9271875,20.28,62.626875,581.924625,1054.4915625,492.84375,49221.636207,2112.310096153846,22.5
trial2,-1,0,4,4.7,17.8,4.5,0.2,13.100000000000001,,,,,,,,,,,0.0
trial2,-1,4,8,17.8,20.8,9.4,8.4,3.0,4.7,13.100000000000001,,,,,,,,,2.5
trial2,-1,8,12,20.8,26.3,17.4,3.4,5.5,17.8,3.0,,,,,,,,,6.5
trial2,-1,12,16,26.3,41.8,31.9,-5.6,15.499999999999996,20.8,5.5,,,,,,,,,10.5
trial2,-1,16,20,41.8,70.8,53.6,-11.8,29.0,26.3,15.499999999999996,,,,,,,,,14.0
trial2,-1,20,24,70.8,119.3,82.4,-11.6,48.5,41.8,29.0,,,,,,,,,19.5
trial2,-1,24,28,119.3,179.8,115.6,3.7,60.500000000000014,70.8,48.5,,,,,,,,,22.5
