feature_set,split,model,n_seeds,n_features,n_rows,mae_g_mean,mae_g_sd,mae_g_mean_pm_sd,rmse_g_mean,rmse_g_sd,rmse_g_mean_pm_sd,r2_mean,r2_sd,r2_mean_pm_sd,day_median_mae_g_mean,day_median_mae_g_sd,day_median_mae_g_mean_pm_sd
compact,lodo,XGBoost,5,163,79,23.437379999999997,0.07142616467373836,23.44 ± 0.07,33.83622,0.6007919207179818,33.84 ± 0.60,0.7658164000000001,0.008365907978217275,0.77 ± 0.01,23.62396,0.1966113755610287,23.62 ± 0.20
compact,loo,GradBoost,5,163,79,5.36156,0.029327001210488864,5.36 ± 0.03,8.05724,0.07887602931182588,8.06 ± 0.08,0.9867234,0.00025964937897095133,0.99 ± 0.00,2.32356,0.13813921601051607,2.32 ± 0.14
compact,lopo,RandomForest,5,163,79,5.33658,0.03357397801869774,5.34 ± 0.03,8.462800000000001,0.04702504651778644,8.46 ± 0.05,0.9853540000000001,0.00016239766008165304,0.99 ± 0.00,1.06968,0.08164537341454196,1.07 ± 0.08
full,lodo,XGBoost,5,294,79,23.752360000000003,0.5156779450393427,23.75 ± 0.52,34.64284,1.023126457482163,34.64 ± 1.02,0.7544088,0.014558649618010573,0.75 ± 0.01,23.878899999999998,0.5012163504914817,23.88 ± 0.50
full,loo,GradBoost,5,294,79,5.34808,0.014796181939946654,5.35 ± 0.01,8.067960000000001,0.026215224584198882,8.07 ± 0.03,0.9866887999999999,8.6412961990681e-05,0.99 ± 0.00,2.2951,0.06600746169941693,2.30 ± 0.07
full,lopo,RandomForest,5,294,79,5.333679999999999,0.026661339051142853,5.33 ± 0.03,8.452580000000001,0.06535026396274174,8.45 ± 0.07,0.985389,0.00022593693810442917,0.99 ± 0.00,1.02882,0.03312456792171032,1.03 ± 0.03
image,lodo,XGBoost,5,78,79,29.189,1.1372072568357987,29.19 ± 1.14,40.610220000000005,1.2771059909028712,40.61 ± 1.28,0.662482,0.0214954883289494,0.66 ± 0.02,28.956079999999996,1.097007594321935,28.96 ± 1.10
image,loo,GradBoost,5,78,79,5.29636,0.04415000566251389,5.30 ± 0.04,8.007859999999999,0.10587635713415927,8.01 ± 0.11,0.9868846000000001,0.00034783947447065365,0.99 ± 0.00,2.3485199999999997,0.1295670752930698,2.35 ± 0.13
image,lopo,RandomForest,5,78,79,5.32136,0.03327864179920816,5.32 ± 0.03,8.42764,0.037535156853275485,8.43 ± 0.04,0.9854754,0.00012927025953405672,0.99 ± 0.00,1.04644,0.07309410372937068,1.05 ± 0.07
sensors,lodo,XGBoost,5,217,79,23.80558,0.4488889194444433,23.81 ± 0.45,34.644059999999996,0.6570955432811884,34.64 ± 0.66,0.754492,0.009246802690660137,0.75 ± 0.01,23.73198,0.4848751560969081,23.73 ± 0.48
sensors,loo,XGBoost,5,217,79,3.3849600000000004,0.08670431361818165,3.38 ± 0.09,4.962960000000001,0.0728161932539732,4.96 ± 0.07,0.9949622,0.00014805471961409176,0.99 ± 0.00,1.4122800000000002,0.08767654760538873,1.41 ± 0.09
sensors,lopo,RandomForest,5,217,79,4.6189599999999995,0.022467265076105816,4.62 ± 0.02,7.15072,0.03014534789980026,7.15 ± 0.03,0.9895434,8.82938276438399e-05,0.99 ± 0.00,0.6899000000000001,0.05388673306111625,0.69 ± 0.05
