feature_set,model,split,n_features,n_rows,mae_g,rmse_g,r2,day_median_mae_g
sensors,MeanBaseline,loo,217,79,59.0937,70.8257,-0.025805,59.3004
sensors,Ridge,loo,217,79,5.1175,7.9354,0.987123,0.9909
sensors,ElasticNet,loo,217,79,5.1147,7.9382,0.987114,0.9367
sensors,SVR-RBF,loo,217,79,11.6973,19.5445,0.921885,10.3507
sensors,RandomForest,loo,217,79,4.7417,7.2001,0.989399,0.7041
sensors,GradBoost,loo,217,79,3.8320,5.4386,0.993951,1.0055
sensors,XGBoost,loo,217,79,3.2729,4.9016,0.995087,1.5388
sensors,MeanBaseline,lodo,217,79,66.6544,79.9027,-0.305588,66.8782
sensors,Ridge,lodo,217,79,42.3863,69.9426,-0.000383,42.4068
sensors,ElasticNet,lodo,217,79,42.2773,68.3310,0.045185,42.7479
sensors,SVR-RBF,lodo,217,79,59.5199,72.3770,-0.071234,59.2209
sensors,RandomForest,lodo,217,79,36.3265,51.1522,0.464929,37.1374
sensors,GradBoost,lodo,217,79,40.0323,59.7801,0.269204,40.3968
sensors,XGBoost,lodo,217,79,24.0950,34.6929,0.753870,24.1090
sensors,MeanBaseline,lopo,217,79,58.3826,69.9831,-0.001542,58.5614
sensors,Ridge,lopo,217,79,5.3821,8.1267,0.986494,0.9694
sensors,ElasticNet,lopo,217,79,5.4088,8.1478,0.986424,0.9083
sensors,SVR-RBF,lopo,217,79,11.9368,20.1254,0.917173,10.6536
sensors,RandomForest,lopo,217,79,4.5935,7.1315,0.989600,0.6958
sensors,GradBoost,lopo,217,79,5.2084,8.1813,0.986312,0.5850
sensors,XGBoost,lopo,217,79,4.8698,7.9506,0.987073,0.6896
image,MeanBaseline,loo,78,79,59.0937,70.8257,-0.025805,59.3004
image,Ridge,loo,78,79,5.9165,8.9921,0.983465,1.4629
image,ElasticNet,loo,78,79,6.0027,9.2138,0.982640,1.1991
image,SVR-RBF,loo,78,79,18.5496,34.1914,0.760935,16.8752
image,RandomForest,loo,78,79,5.3983,8.5182,0.985162,1.2326
image,GradBoost,loo,78,79,5.2853,7.9997,0.986913,2.3844
image,XGBoost,loo,78,79,5.4479,9.8292,0.980243,1.3648
image,MeanBaseline,lodo,78,79,66.6544,79.9027,-0.305588,66.8782
image,Ridge,lodo,78,79,51.0702,62.2327,0.208008,50.6109
image,ElasticNet,lodo,78,79,49.4304,59.8857,0.266620,49.4004
image,SVR-RBF,lodo,78,79,58.0258,72.2467,-0.067381,57.4197
image,RandomForest,lodo,78,79,51.3712,64.4716,0.149999,51.5438
image,GradBoost,lodo,78,79,40.6059,58.1630,0.308206,39.6691
image,XGBoost,lodo,78,79,29.8337,40.5322,0.664044,29.6755
image,MeanBaseline,lopo,78,79,58.3826,69.9831,-0.001542,58.5614
image,Ridge,lopo,78,79,6.2697,9.2143,0.982638,1.4549
image,ElasticNet,lopo,78,79,6.3250,9.3983,0.981937,1.1833
image,SVR-RBF,lopo,78,79,18.9470,34.8907,0.751055,17.5503
image,RandomForest,lopo,78,79,5.3555,8.4279,0.985475,1.0754
image,GradBoost,lopo,78,79,6.1524,9.1288,0.982959,2.0901
image,XGBoost,lopo,78,79,6.5159,10.9172,0.975627,1.2126
compact,MeanBaseline,loo,163,79,59.0937,70.8257,-0.025805,59.3004
compact,Ridge,loo,163,79,5.8377,8.9189,0.983733,1.2316
compact,ElasticNet,loo,163,79,6.0158,9.2332,0.982566,1.2048
compact,SVR-RBF,loo,163,79,13.9818,24.4855,0.877397,12.4227
compact,RandomForest,loo,163,79,5.4379,8.5260,0.985135,1.2128
compact,GradBoost,loo,163,79,5.4000,8.1486,0.986422,2.3246
compact,XGBoost,loo,163,79,5.5359,9.6150,0.981095,1.5249
compact,MeanBaseline,lodo,163,79,66.6544,79.9027,-0.305588,66.8782
compact,Ridge,lodo,163,79,50.2394,65.6204,0.119435,50.4117
compact,ElasticNet,lodo,163,79,49.7435,64.1247,0.159119,50.1354
compact,SVR-RBF,lodo,163,79,62.0339,75.8146,-0.175408,62.2699
compact,RandomForest,lodo,163,79,35.3195,53.7153,0.409964,34.9305
compact,GradBoost,lodo,163,79,31.4784,47.3973,0.540601,32.2208
compact,XGBoost,lodo,163,79,23.4427,33.2026,0.774562,23.9407
compact,MeanBaseline,lopo,163,79,58.3826,69.9831,-0.001542,58.5614
compact,Ridge,lopo,163,79,6.1051,9.0917,0.983097,1.1445
compact,ElasticNet,lopo,163,79,6.3113,9.3992,0.981934,1.1464
compact,SVR-RBF,lopo,163,79,14.0915,24.8229,0.873994,12.7243
compact,RandomForest,lopo,163,79,5.3839,8.4881,0.985267,1.1158
compact,GradBoost,lopo,163,79,6.1224,9.0653,0.983195,2.0105
compact,XGBoost,lopo,163,79,6.2734,10.3611,0.978047,1.2806
full,MeanBaseline,loo,294,79,59.0937,70.8257,-0.025805,59.3004
full,Ridge,loo,294,79,5.8162,8.9112,0.983761,1.1595
full,ElasticNet,loo,294,79,6.0130,9.2336,0.982565,1.1995
full,SVR-RBF,loo,294,79,13.4989,23.4496,0.887551,12.0805
full,RandomForest,loo,294,79,5.3724,8.4485,0.985404,1.1443
full,GradBoost,loo,294,79,5.3258,8.0309,0.986811,2.3863
full,XGBoost,loo,294,79,5.3783,9.3716,0.982040,1.4602
full,MeanBaseline,lodo,294,79,66.6544,79.9027,-0.305588,66.8782
full,Ridge,lodo,294,79,36.7870,55.6123,0.367552,36.4616
full,ElasticNet,lodo,294,79,35.5148,53.2500,0.420140,36.1673
full,SVR-RBF,lodo,294,79,65.3502,77.7494,-0.236167,65.5086
full,RandomForest,lodo,294,79,36.3620,55.3100,0.374409,35.8259
full,GradBoost,lodo,294,79,33.6529,52.9221,0.427261,34.0682
full,XGBoost,lodo,294,79,24.5202,35.7845,0.738137,24.5233
full,MeanBaseline,lopo,294,79,58.3826,69.9831,-0.001542,58.5614
full,Ridge,lopo,294,79,6.0869,9.0743,0.983161,1.1227
full,ElasticNet,lopo,294,79,6.3074,9.3953,0.981949,1.1370
full,SVR-RBF,lopo,294,79,13.7672,24.0187,0.882027,12.3982
full,RandomForest,lopo,294,79,5.3389,8.3818,0.985633,1.0494
full,GradBoost,lopo,294,79,6.1357,9.0420,0.983281,1.9467
full,XGBoost,lopo,294,79,6.1904,10.1196,0.979058,1.1573
