sample_id,trial,day,plant_id,date,window_start,window_end,window_days_count,label_source,target_fw_g,has_plant_cup_image,img_blur_max_wmean,img_blur_max_wstd,img_blur_mean_wmean,img_blur_mean_wstd,img_blur_min_wmean,img_blur_min_wstd,img_coverage_frac_d1_wmean,img_coverage_frac_d1_wstd,img_coverage_frac_pct1_wmean,img_coverage_frac_pct1_wstd,img_coverage_frac_wmean,img_coverage_frac_wstd,img_mask_area_max_wmean,img_mask_area_max_wstd,img_mask_area_mean_d1_wmean,img_mask_area_mean_d1_wstd,img_mask_area_mean_pct1_wmean,img_mask_area_mean_pct1_wstd,img_mask_area_mean_wmean,img_mask_area_mean_wstd,img_mask_area_std_wmean,img_mask_area_std_wstd,img_mask_area_sum_d1_wmean,img_mask_area_sum_d1_wstd,img_mask_area_sum_pct1_wmean,img_mask_area_sum_pct1_wstd,img_mask_area_sum_wmean,img_mask_area_sum_wstd,img_n_cups_d1_wmean,img_n_cups_d1_wstd,img_n_cups_pct1_wmean,img_n_cups_pct1_wstd,img_n_cups_wmean,img_n_cups_wstd,img_plant_color_max_wmean,img_plant_color_max_wstd,img_plant_color_mean_d1_wmean,img_plant_color_mean_d1_wstd,img_plant_color_mean_pct1_wmean,img_plant_color_mean_pct1_wstd,img_plant_color_mean_wmean,img_plant_color_mean_wstd,img_plant_color_min_wmean,img_plant_color_min_wstd,img_plant_color_std_wmean,img_plant_color_std_wstd,n_plant_cup_days,plant_img_blur_score_wmean,plant_img_mask_area_px_delta,plant_img_mask_area_px_last,plant_img_mask_area_px_wmean,plant_img_mask_area_px_wstd,plant_img_plant_color_frac_last,plant_img_plant_color_frac_wmean,win_img_coverage_frac_delta,win_img_coverage_frac_last,win_img_coverage_frac_pct_delta,win_img_coverage_frac_slope,win_img_mask_area_mean_delta,win_img_mask_area_mean_last,win_img_mask_area_mean_pct_delta,win_img_mask_area_mean_slope,win_img_mask_area_sum_delta,win_img_mask_area_sum_last,win_img_mask_area_sum_pct_delta,win_img_mask_area_sum_slope,win_img_n_cups_delta,win_img_n_cups_last,win_img_n_cups_pct_delta,win_img_n_cups_slope,win_img_plant_color_mean_delta,win_img_plant_color_mean_last,win_img_plant_color_mean_pct_delta,win_img_plant_color_mean_slope
trial1_day0_plant1,trial1,0,1,2025-10-14,2025-10-11,2025-10-14,1,Lettuce_FW_EC_Tracker Data_Collection (per-plant),4.48,0,103.13,,103.13,,103.13,,,,,,0.0714285714285714,,76366.0,,,,,,76366.0,,,,,,,,76366.0,,,,,,1.0,,0.6574,,,,,,0.6574,,0.6574,,,,0,,,,,,,,,0.0714285714285714,,,,76366.0,,,,76366.0,,,,1.0,,,,0.6574,,
trial1_day0_plant2,trial1,0,2,2025-10-14,2025-10-11,2025-10-14,1,Lettuce_FW_EC_Tracker Data_Collection (per-plant),4.880000000000003,0,103.13,,103.13,,103.13,,,,,,0.0714285714285714,,76366.0,,,,,,76366.0,,,,,,,,76366.0,,,,,,1.0,,0.6574,,,,,,0.6574,,0.6574,,,,0,,,,,,,,,0.0714285714285714,,,,76366.0,,,,76366.0,,,,1.0,,,,0.6574,,
trial1_day0_plant3,trial1,0,3,2025-10-14,2025-10-11,2025-10-14,1,Lettuce_FW_EC_Tracker Data_Collection (per-plant),6.580000000000002,0,103.13,,103.13,,103.13,,,,,,0.0714285714285714,,76366.0,,,,,,76366.0,,,,,,,,76366.0,,,,,,1.0,,0.6574,,,,,,0.6574,,0.6574,,,,0,,,,,,,,,0.0714285714285714,,,,76366.0,,,,76366.0,,,,1.0,,,,0.6574,,
trial1_day0_plant4,trial1,0,4,2025-10-14,2025-10-11,2025-10-14,1,Lettuce_FW_EC_Tracker Data_Collection (per-plant),4.080000000000002,0,103.13,,103.13,,103.13,,,,,,0.0714285714285714,,76366.0,,,,,,76366.0,,,,,,,,76366.0,,,,,,1.0,,0.6574,,,,,,0.6574,,0.6574,,,,0,,,,,,,,,0.0714285714285714,,,,76366.0,,,,76366.0,,,,1.0,,,,0.6574,,
trial1_day0_plant5,trial1,0,5,2025-10-14,2025-10-11,2025-10-14,1,Lettuce_FW_EC_Tracker Data_Collection (per-plant),4.98,0,103.13,,103.13,,103.13,,,,,,0.0714285714285714,,76366.0,,,,,,76366.0,,,,,,,,76366.0,,,,,,1.0,,0.6574,,,,,,0.6574,,0.6574,,,,0,,,,,,,,,0.0714285714285714,,,,76366.0,,,,76366.0,,,,1.0,,,,0.6574,,
trial1_day0_plant6,trial1,0,6,2025-10-14,2025-10-11,2025-10-14,1,Lettuce_FW_EC_Tracker Data_Collection (per-plant),3.8800000000000026,0,103.13,,103.13,,103.13,,,,,,0.0714285714285714,,76366.0,,,,,,76366.0,,,,,,,,76366.0,,,,,,1.0,,0.6574,,,,,,0.6574,,0.6574,,,,0,,,,,,,,,0.0714285714285714,,,,76366.0,,,,76366.0,,,,1.0,,,,0.6574,,
trial1_day0_plant7,trial1,0,7,2025-10-14,2025-10-11,2025-10-14,1,Lettuce_FW_EC_Tracker Data_Collection (per-plant),5.18,0,103.13,,103.13,,103.13,,,,,,0.0714285714285714,,76366.0,,,,,,76366.0,,,,,,,,76366.0,,,,,,1.0,,0.6574,,,,,,0.6574,,0.6574,,,,0,,,,,,,,,0.0714285714285714,,,,76366.0,,,,76366.0,,,,1.0,,,,0.6574,,
trial1_day0_plant8,trial1,0,8,2025-10-14,2025-10-11,2025-10-14,1,Lettuce_FW_EC_Tracker Data_Collection (per-plant),4.580000000000002,0,103.13,,103.13,,103.13,,,,,,0.0714285714285714,,76366.0,,,,,,76366.0,,,,,,,,76366.0,,,,,,1.0,,0.6574,,,,,,0.6574,,0.6574,,,,0,,,,,,,,,0.0714285714285714,,,,76366.0,,,,76366.0,,,,1.0,,,,0.6574,,
trial1_day0_plant9,trial1,0,9,2025-10-14,2025-10-11,2025-10-14,1,Lettuce_FW_EC_Tracker Data_Collection (per-plant),4.380000000000003,0,103.13,,103.13,,103.13,,,,,,0.0714285714285714,,76366.0,,,,,,76366.0,,,,,,,,76366.0,,,,,,1.0,,0.6574,,,,,,0.6574,,0.6574,,,,0,,,,,,,,,0.0714285714285714,,,,76366.0,,,,76366.0,,,,1.0,,,,0.6574,,
trial1_day0_plant10,trial1,0,10,2025-10-14,2025-10-11,2025-10-14,1,Lettuce_FW_EC_Tracker Data_Collection (per-plant),5.880000000000003,0,103.13,,103.13,,103.13,,,,,,0.0714285714285714,,76366.0,,,,,,76366.0,,,,,,,,76366.0,,,,,,1.0,,0.6574,,,,,,0.6574,,0.6574,,,,0,,,,,,,,,0.0714285714285714,,,,76366.0,,,,76366.0,,,,1.0,,,,0.6574,,
trial1_day4_plant1,trial1,4,1,2025-10-18,2025-10-15,2025-10-18,4,Lettuce_FW_EC_Tracker Data_Collection (per-plant),12.880000000000003,0,113.3975,2.104113035620159,52.10333333333333,12.306364432908508,9.69,1.1660474547232915,0.0535714285714285,0.1071428571428571,0.6666666666666666,1.0540925533894598,0.1964285714285714,0.0683876505540241,77975.0,2888.5121891151275,-5745.1875,12803.727857826863,-0.0715249645424329,0.1826852286132796,57189.6875,4254.515617626171,21085.26286875297,2370.3003165808327,34293.75,64109.85061790427,0.4035840496159464,0.6282170357643214,154496.75,43545.093534365806,0.75,1.5,0.6666666666666666,1.0540925533894598,2.75,0.957427107756338,0.88375,0.0091903935352809,-0.0202249999999999,0.1417280765592519,-0.0177647175673849,0.1852906210117135,0.7028916666666667,0.1020774664980801,0.54505,0.163290589645168,0.1877138620031402,0.0489327680966361,0,,,,,,,,0.0714285714285714,0.2857142857142857,0.3333333333333333,0.0214285714285714,-313.75,53385.25,-0.0058427531238942,49.724999999996655,52444.0,213541.0,0.3255429958348076,16020.899999999998,1.0,4.0,0.3333333333333333,0.3,-0.0890666666666667,0.5765,-0.1338208043271398,-0.02359
trial1_day4_plant2,trial1,4,2,2025-10-18,2025-10-15,2025-10-18,4,Lettuce_FW_EC_Tracker Data_Collection (per-plant),11.079999999999998,1,113.3975,2.104113035620159,52.10333333333333,12.306364432908508,9.69,1.1660474547232915,0.0535714285714285,0.1071428571428571,0.6666666666666666,1.0540925533894598,0.1964285714285714,0.0683876505540241,77975.0,2888.5121891151275,-5745.1875,12803.727857826863,-0.0715249645424329,0.1826852286132796,57189.6875,4254.515617626171,21085.26286875297,2370.3003165808327,34293.75,64109.85061790427,0.4035840496159464,0.6282170357643214,154496.75,43545.093534365806,0.75,1.5,0.6666666666666666,1.0540925533894598,2.75,0.957427107756338,0.88375,0.0091903935352809,-0.0202249999999999,0.1417280765592519,-0.0177647175673849,0.1852906210117135,0.7028916666666667,0.1020774664980801,0.54505,0.163290589645168,0.1877138620031402,0.0489327680966361,1,8.08,,42183.0,42183.0,,0.3549,0.3549,0.0714285714285714,0.2857142857142857,0.3333333333333333,0.0214285714285714,-313.75,53385.25,-0.0058427531238942,49.724999999996655,52444.0,213541.0,0.3255429958348076,16020.899999999998,1.0,4.0,0.3333333333333333,0.3,-0.0890666666666667,0.5765,-0.1338208043271398,-0.02359
trial1_day4_plant3,trial1,4,3,2025-10-18,2025-10-15,2025-10-18,4,Lettuce_FW_EC_Tracker Data_Collection (per-plant),16.880000000000003,0,113.3975,2.104113035620159,52.10333333333333,12.306364432908508,9.69,1.1660474547232915,0.0535714285714285,0.1071428571428571,0.6666666666666666,1.0540925533894598,0.1964285714285714,0.0683876505540241,77975.0,2888.5121891151275,-5745.1875,12803.727857826863,-0.0715249645424329,0.1826852286132796,57189.6875,4254.515617626171,21085.26286875297,2370.3003165808327,34293.75,64109.85061790427,0.4035840496159464,0.6282170357643214,154496.75,43545.093534365806,0.75,1.5,0.6666666666666666,1.0540925533894598,2.75,0.957427107756338,0.88375,0.0091903935352809,-0.0202249999999999,0.1417280765592519,-0.0177647175673849,0.1852906210117135,0.7028916666666667,0.1020774664980801,0.54505,0.163290589645168,0.1877138620031402,0.0489327680966361,0,,,,,,,,0.0714285714285714,0.2857142857142857,0.3333333333333333,0.0214285714285714,-313.75,53385.25,-0.0058427531238942,49.724999999996655,52444.0,213541.0,0.3255429958348076,16020.899999999998,1.0,4.0,0.3333333333333333,0.3,-0.0890666666666667,0.5765,-0.1338208043271398,-0.02359
trial1_day4_plant4,trial1,4,4,2025-10-18,2025-10-15,2025-10-18,4,Lettuce_FW_EC_Tracker Data_Collection (per-plant),13.980000000000004,0,113.3975,2.104113035620159,52.10333333333333,12.306364432908508,9.69,1.1660474547232915,0.0535714285714285,0.1071428571428571,0.6666666666666666,1.0540925533894598,0.1964285714285714,0.0683876505540241,77975.0,2888.5121891151275,-5745.1875,12803.727857826863,-0.0715249645424329,0.1826852286132796,57189.6875,4254.515617626171,21085.26286875297,2370.3003165808327,34293.75,64109.85061790427,0.4035840496159464,0.6282170357643214,154496.75,43545.093534365806,0.75,1.5,0.6666666666666666,1.0540925533894598,2.75,0.957427107756338,0.88375,0.0091903935352809,-0.0202249999999999,0.1417280765592519,-0.0177647175673849,0.1852906210117135,0.7028916666666667,0.1020774664980801,0.54505,0.163290589645168,0.1877138620031402,0.0489327680966361,0,,,,,,,,0.0714285714285714,0.2857142857142857,0.3333333333333333,0.0214285714285714,-313.75,53385.25,-0.0058427531238942,49.724999999996655,52444.0,213541.0,0.3255429958348076,16020.899999999998,1.0,4.0,0.3333333333333333,0.3,-0.0890666666666667,0.5765,-0.1338208043271398,-0.02359
trial1_day4_plant5,trial1,4,5,2025-10-18,2025-10-15,2025-10-18,4,Lettuce_FW_EC_Tracker Data_Collection (per-plant),13.280000000000001,0,113.3975,2.104113035620159,52.10333333333333,12.306364432908508,9.69,1.1660474547232915,0.0535714285714285,0.1071428571428571,0.6666666666666666,1.0540925533894598,0.1964285714285714,0.0683876505540241,77975.0,2888.5121891151275,-5745.1875,12803.727857826863,-0.0715249645424329,0.1826852286132796,57189.6875,4254.515617626171,21085.26286875297,2370.3003165808327,34293.75,64109.85061790427,0.4035840496159464,0.6282170357643214,154496.75,43545.093534365806,0.75,1.5,0.6666666666666666,1.0540925533894598,2.75,0.957427107756338,0.88375,0.0091903935352809,-0.0202249999999999,0.1417280765592519,-0.0177647175673849,0.1852906210117135,0.7028916666666667,0.1020774664980801,0.54505,0.163290589645168,0.1877138620031402,0.0489327680966361,0,,,,,,,,0.0714285714285714,0.2857142857142857,0.3333333333333333,0.0214285714285714,-313.75,53385.25,-0.0058427531238942,49.724999999996655,52444.0,213541.0,0.3255429958348076,16020.899999999998,1.0,4.0,0.3333333333333333,0.3,-0.0890666666666667,0.5765,-0.1338208043271398,-0.02359
trial1_day4_plant6,trial1,4,6,2025-10-18,2025-10-15,2025-10-18,4,Lettuce_FW_EC_Tracker Data_Collection (per-plant),7.880000000000003,0,113.3975,2.104113035620159,52.10333333333333,12.306364432908508,9.69,1.1660474547232915,0.0535714285714285,0.1071428571428571,0.6666666666666666,1.0540925533894598,0.1964285714285714,0.0683876505540241,77975.0,2888.5121891151275,-5745.1875,12803.727857826863,-0.0715249645424329,0.1826852286132796,57189.6875,4254.515617626171,21085.26286875297,2370.3003165808327,34293.75,64109.85061790427,0.4035840496159464,0.6282170357643214,154496.75,43545.093534365806,0.75,1.5,0.6666666666666666,1.0540925533894598,2.75,0.957427107756338,0.88375,0.0091903935352809,-0.0202249999999999,0.1417280765592519,-0.0177647175673849,0.1852906210117135,0.7028916666666667,0.1020774664980801,0.54505,0.163290589645168,0.1877138620031402,0.0489327680966361,0,,,,,,,,0.0714285714285714,0.2857142857142857,0.3333333333333333,0.0214285714285714,-313.75,53385.25,-0.0058427531238942,49.724999999996655,52444.0,213541.0,0.3255429958348076,16020.899999999998,1.0,4.0,0.3333333333333333,0.3,-0.0890666666666667,0.5765,-0.1338208043271398,-0.02359
trial1_day4_plant7,trial1,4,7,2025-10-18,2025-10-15,2025-10-18,4,Lettuce_FW_EC_Tracker Data_Collection (per-plant),13.980000000000004,0,113.3975,2.104113035620159,52.10333333333333,12.306364432908508,9.69,1.1660474547232915,0.0535714285714285,0.1071428571428571,0.6666666666666666,1.0540925533894598,0.1964285714285714,0.0683876505540241,77975.0,2888.5121891151275,-5745.1875,12803.727857826863,-0.0715249645424329,0.1826852286132796,57189.6875,4254.515617626171,21085.26286875297,2370.3003165808327,34293.75,64109.85061790427,0.4035840496159464,0.6282170357643214,154496.75,43545.093534365806,0.75,1.5,0.6666666666666666,1.0540925533894598,2.75,0.957427107756338,0.88375,0.0091903935352809,-0.0202249999999999,0.1417280765592519,-0.0177647175673849,0.1852906210117135,0.7028916666666667,0.1020774664980801,0.54505,0.163290589645168,0.1877138620031402,0.0489327680966361,0,,,,,,,,0.0714285714285714,0.2857142857142857,0.3333333333333333,0.0214285714285714,-313.75,53385.25,-0.0058427531238942,49.724999999996655,52444.0,213541.0,0.3255429958348076,16020.899999999998,1.0,4.0,0.3333333333333333,0.3,-0.0890666666666667,0.5765,-0.1338208043271398,-0.02359
trial1_day4_plant8,trial1,4,8,2025-10-18,2025-10-15,2025-10-18,4,Lettuce_FW_EC_Tracker Data_Collection (per-plant),11.280000000000001,1,113.3975,2.104113035620159,52.10333333333333,12.306364432908508,9.69,1.1660474547232915,0.0535714285714285,0.1071428571428571,0.6666666666666666,1.0540925533894598,0.1964285714285714,0.0683876505540241,77975.0,2888.5121891151275,-5745.1875,12803.727857826863,-0.0715249645424329,0.1826852286132796,57189.6875,4254.515617626171,21085.26286875297,2370.3003165808327,34293.75,64109.85061790427,0.4035840496159464,0.6282170357643214,154496.75,43545.093534365806,0.75,1.5,0.6666666666666666,1.0540925533894598,2.75,0.957427107756338,0.88375,0.0091903935352809,-0.0202249999999999,0.1417280765592519,-0.0177647175673849,0.1852906210117135,0.7028916666666667,0.1020774664980801,0.54505,0.163290589645168,0.1877138620031402,0.0489327680966361,2,18.14,4345.0,44775.0,42602.5,3072.378964255549,0.398,0.43205000000000005,0.0714285714285714,0.2857142857142857,0.3333333333333333,0.0214285714285714,-313.75,53385.25,-0.0058427531238942,49.724999999996655,52444.0,213541.0,0.3255429958348076,16020.899999999998,1.0,4.0,0.3333333333333333,0.3,-0.0890666666666667,0.5765,-0.1338208043271398,-0.02359
trial1_day4_plant9,trial1,4,9,2025-10-18,2025-10-15,2025-10-18,4,Lettuce_FW_EC_Tracker Data_Collection (per-plant),11.68,0,113.3975,2.104113035620159,52.10333333333333,12.306364432908508,9.69,1.1660474547232915,0.0535714285714285,0.1071428571428571,0.6666666666666666,1.0540925533894598,0.1964285714285714,0.0683876505540241,77975.0,2888.5121891151275,-5745.1875,12803.727857826863,-0.0715249645424329,0.1826852286132796,57189.6875,4254.515617626171,21085.26286875297,2370.3003165808327,34293.75,64109.85061790427,0.4035840496159464,0.6282170357643214,154496.75,43545.093534365806,0.75,1.5,0.6666666666666666,1.0540925533894598,2.75,0.957427107756338,0.88375,0.0091903935352809,-0.0202249999999999,0.1417280765592519,-0.0177647175673849,0.1852906210117135,0.7028916666666667,0.1020774664980801,0.54505,0.163290589645168,0.1877138620031402,0.0489327680966361,0,,,,,,,,0.0714285714285714,0.2857142857142857,0.3333333333333333,0.0214285714285714,-313.75,53385.25,-0.0058427531238942,49.724999999996655,52444.0,213541.0,0.3255429958348076,16020.899999999998,1.0,4.0,0.3333333333333333,0.3,-0.0890666666666667,0.5765,-0.1338208043271398,-0.02359
trial1_day4_plant10,trial1,4,10,2025-10-18,2025-10-15,2025-10-18,4,Lettuce_FW_EC_Tracker Data_Collection (per-plant),14.68,0,113.3975,2.104113035620159,52.10333333333333,12.306364432908508,9.69,1.1660474547232915,0.0535714285714285,0.1071428571428571,0.6666666666666666,1.0540925533894598,0.1964285714285714,0.0683876505540241,77975.0,2888.5121891151275,-5745.1875,12803.727857826863,-0.0715249645424329,0.1826852286132796,57189.6875,4254.515617626171,21085.26286875297,2370.3003165808327,34293.75,64109.85061790427,0.4035840496159464,0.6282170357643214,154496.75,43545.093534365806,0.75,1.5,0.6666666666666666,1.0540925533894598,2.75,0.957427107756338,0.88375,0.0091903935352809,-0.0202249999999999,0.1417280765592519,-0.0177647175673849,0.1852906210117135,0.7028916666666667,0.1020774664980801,0.54505,0.163290589645168,0.1877138620031402,0.0489327680966361,0,,,,,,,,0.0714285714285714,0.2857142857142857,0.3333333333333333,0.0214285714285714,-313.75,53385.25,-0.0058427531238942,49.724999999996655,52444.0,213541.0,0.3255429958348076,16020.899999999998,1.0,4.0,0.3333333333333333,0.3,-0.0890666666666667,0.5765,-0.1338208043271398,-0.02359
trial1_day8_plant1,trial1,8,1,2025-10-22,2025-10-19,2025-10-22,4,Lettuce_FW_EC_Tracker Data_Collection (per-plant),19.08,1,104.37749999999998,63.890065151007626,29.312202380952375,11.530920764953756,10.4225,1.931948498278357,-0.0535714285714285,0.2632540998511426,-0.025297619047619,0.7589285714285715,0.3928571428571428,0.2220804536449717,50198.0,14300.534418918289,-3043.8125,5767.531513687055,-0.0571051881005783,0.1170594993068939,40375.65178571429,2168.7194892627285,7472.387307893218,4076.530344582528,-43082.75,134303.11433811454,-0.1393413753760468,0.5888303815343017,221773.5,128781.41114695086,-0.75,3.685557397915997,-0.025297619047619,0.7589285714285715,5.5,3.1091263510296048,0.975725,0.0286666327519179,0.0905,0.0995952838598777,0.1395821916420034,0.1824715320118926,0.8868427083333332,0.0539117057625629,0.7653500000000001,0.136557521457687,0.0987867644418208,0.0178181061138327,2,25.55,55.0,38662.0,38634.5,38.890872965260115,0.6851,0.6584000000000001,-0.5,0.0714285714285714,-0.875,-0.1571428571428572,-1790.75,41210.0,-0.0416446224775149,-433.41071428571325,-302796.0,41210.0,-0.8802055778096893,-94028.60000000003,-7.0,1.0,-0.875,-2.200000000000001,0.1255625,0.9385,0.1544552933036057,0.0402820833333333
trial1_day8_plant2,trial1,8,2,2025-10-22,2025-10-19,2025-10-22,4,Lettuce_FW_EC_Tracker Data_Collection (per-plant),18.18,1,104.37749999999998,63.890065151007626,29.312202380952375,11.530920764953756,10.4225,1.931948498278357,-0.0535714285714285,0.2632540998511426,-0.025297619047619,0.7589285714285715,0.3928571428571428,0.2220804536449717,50198.0,14300.534418918289,-3043.8125,5767.531513687055,-0.0571051881005783,0.1170594993068939,40375.65178571429,2168.7194892627285,7472.387307893218,4076.530344582528,-43082.75,134303.11433811454,-0.1393413753760468,0.5888303815343017,221773.5,128781.41114695086,-0.75,3.685557397915997,-0.025297619047619,0.7589285714285715,5.5,3.1091263510296048,0.975725,0.0286666327519179,0.0905,0.0995952838598777,0.1395821916420034,0.1824715320118926,0.8868427083333332,0.0539117057625629,0.7653500000000001,0.136557521457687,0.0987867644418208,0.0178181061138327,3,13.396666666666667,-3277.0,30959.0,32096.666666666668,1853.964490850171,0.9969,0.9678,-0.5,0.0714285714285714,-0.875,-0.1571428571428572,-1790.75,41210.0,-0.0416446224775149,-433.41071428571325,-302796.0,41210.0,-0.8802055778096893,-94028.60000000003,-7.0,1.0,-0.875,-2.200000000000001,0.1255625,0.9385,0.1544552933036057,0.0402820833333333
trial1_day8_plant3,trial1,8,3,2025-10-22,2025-10-19,2025-10-22,4,Lettuce_FW_EC_Tracker Data_Collection (per-plant),23.980000000000004,0,104.37749999999998,63.890065151007626,29.312202380952375,11.530920764953756,10.4225,1.931948498278357,-0.0535714285714285,0.2632540998511426,-0.025297619047619,0.7589285714285715,0.3928571428571428,0.2220804536449717,50198.0,14300.534418918289,-3043.8125,5767.531513687055,-0.0571051881005783,0.1170594993068939,40375.65178571429,2168.7194892627285,7472.387307893218,4076.530344582528,-43082.75,134303.11433811454,-0.1393413753760468,0.5888303815343017,221773.5,128781.41114695086,-0.75,3.685557397915997,-0.025297619047619,0.7589285714285715,5.5,3.1091263510296048,0.975725,0.0286666327519179,0.0905,0.0995952838598777,0.1395821916420034,0.1824715320118926,0.8868427083333332,0.0539117057625629,0.7653500000000001,0.136557521457687,0.0987867644418208,0.0178181061138327,0,,,,,,,,-0.5,0.0714285714285714,-0.875,-0.1571428571428572,-1790.75,41210.0,-0.0416446224775149,-433.41071428571325,-302796.0,41210.0,-0.8802055778096893,-94028.60000000003,-7.0,1.0,-0.875,-2.200000000000001,0.1255625,0.9385,0.1544552933036057,0.0402820833333333
trial1_day8_plant4,trial1,8,4,2025-10-22,2025-10-19,2025-10-22,4,Lettuce_FW_EC_Tracker Data_Collection (per-plant),20.78,0,104.37749999999998,63.890065151007626,29.312202380952375,11.530920764953756,10.4225,1.931948498278357,-0.0535714285714285,0.2632540998511426,-0.025297619047619,0.7589285714285715,0.3928571428571428,0.2220804536449717,50198.0,14300.534418918289,-3043.8125,5767.531513687055,-0.0571051881005783,0.1170594993068939,40375.65178571429,2168.7194892627285,7472.387307893218,4076.530344582528,-43082.75,134303.11433811454,-0.1393413753760468,0.5888303815343017,221773.5,128781.41114695086,-0.75,3.685557397915997,-0.025297619047619,0.7589285714285715,5.5,3.1091263510296048,0.975725,0.0286666327519179,0.0905,0.0995952838598777,0.1395821916420034,0.1824715320118926,0.8868427083333332,0.0539117057625629,0.7653500000000001,0.136557521457687,0.0987867644418208,0.0178181061138327,0,,,,,,,,-0.5,0.0714285714285714,-0.875,-0.1571428571428572,-1790.75,41210.0,-0.0416446224775149,-433.41071428571325,-302796.0,41210.0,-0.8802055778096893,-94028.60000000003,-7.0,1.0,-0.875,-2.200000000000001,0.1255625,0.9385,0.1544552933036057,0.0402820833333333
trial1_day8_plant5,trial1,8,5,2025-10-22,2025-10-19,2025-10-22,4,Lettuce_FW_EC_Tracker Data_Collection (per-plant),19.880000000000003,0,104.37749999999998,63.890065151007626,29.312202380952375,11.530920764953756,10.4225,1.931948498278357,-0.0535714285714285,0.2632540998511426,-0.025297619047619,0.7589285714285715,0.3928571428571428,0.2220804536449717,50198.0,14300.534418918289,-3043.8125,5767.531513687055,-0.0571051881005783,0.1170594993068939,40375.65178571429,2168.7194892627285,7472.387307893218,4076.530344582528,-43082.75,134303.11433811454,-0.1393413753760468,0.5888303815343017,221773.5,128781.41114695086,-0.75,3.685557397915997,-0.025297619047619,0.7589285714285715,5.5,3.1091263510296048,0.975725,0.0286666327519179,0.0905,0.0995952838598777,0.1395821916420034,0.1824715320118926,0.8868427083333332,0.0539117057625629,0.7653500000000001,0.136557521457687,0.0987867644418208,0.0178181061138327,0,,,,,,,,-0.5,0.0714285714285714,-0.875,-0.1571428571428572,-1790.75,41210.0,-0.0416446224775149,-433.41071428571325,-302796.0,41210.0,-0.8802055778096893,-94028.60000000003,-7.0,1.0,-0.875,-2.200000000000001,0.1255625,0.9385,0.1544552933036057,0.0402820833333333
trial1_day8_plant6,trial1,8,6,2025-10-22,2025-10-19,2025-10-22,4,Lettuce_FW_EC_Tracker Data_Collection (per-plant),17.330000000000002,1,104.37749999999998,63.890065151007626,29.312202380952375,11.530920764953756,10.4225,1.931948498278357,-0.0535714285714285,0.2632540998511426,-0.025297619047619,0.7589285714285715,0.3928571428571428,0.2220804536449717,50198.0,14300.534418918289,-3043.8125,5767.531513687055,-0.0571051881005783,0.1170594993068939,40375.65178571429,2168.7194892627285,7472.387307893218,4076.530344582528,-43082.75,134303.11433811454,-0.1393413753760468,0.5888303815343017,221773.5,128781.41114695086,-0.75,3.685557397915997,-0.025297619047619,0.7589285714285715,5.5,3.1091263510296048,0.975725,0.0286666327519179,0.0905,0.0995952838598777,0.1395821916420034,0.1824715320118926,0.8868427083333332,0.0539117057625629,0.7653500000000001,0.136557521457687,0.0987867644418208,0.0178181061138327,3,22.74,-437.0,33145.0,33157.333333333336,418.636278090341,0.8373,0.8555666666666667,-0.5,0.0714285714285714,-0.875,-0.1571428571428572,-1790.75,41210.0,-0.0416446224775149,-433.41071428571325,-302796.0,41210.0,-0.8802055778096893,-94028.60000000003,-7.0,1.0,-0.875,-2.200000000000001,0.1255625,0.9385,0.1544552933036057,0.0402820833333333
trial1_day8_plant7,trial1,8,7,2025-10-22,2025-10-19,2025-10-22,4,Lettuce_FW_EC_Tracker Data_Collection (per-plant),20.980000000000004,1,104.37749999999998,63.890065151007626,29.312202380952375,11.530920764953756,10.4225,1.931948498278357,-0.0535714285714285,0.2632540998511426,-0.025297619047619,0.7589285714285715,0.3928571428571428,0.2220804536449717,50198.0,14300.534418918289,-3043.8125,5767.531513687055,-0.0571051881005783,0.1170594993068939,40375.65178571429,2168.7194892627285,7472.387307893218,4076.530344582528,-43082.75,134303.11433811454,-0.1393413753760468,0.5888303815343017,221773.5,128781.41114695086,-0.75,3.685557397915997,-0.025297619047619,0.7589285714285715,5.5,3.1091263510296048,0.975725,0.0286666327519179,0.0905,0.0995952838598777,0.1395821916420034,0.1824715320118926,0.8868427083333332,0.0539117057625629,0.7653500000000001,0.136557521457687,0.0987867644418208,0.0178181061138327,3,9.536666666666667,-890.0,39992.0,40458.666666666664,446.579593503032,0.8061,0.8333,-0.5,0.0714285714285714,-0.875,-0.1571428571428572,-1790.75,41210.0,-0.0416446224775149,-433.41071428571325,-302796.0,41210.0,-0.8802055778096893,-94028.60000000003,-7.0,1.0,-0.875,-2.200000000000001,0.1255625,0.9385,0.1544552933036057,0.0402820833333333
trial1_day8_plant8,trial1,8,8,2025-10-22,2025-10-19,2025-10-22,4,Lettuce_FW_EC_Tracker Data_Collection (per-plant),18.380000000000003,1,104.37749999999998,63.890065151007626,29.312202380952375,11.530920764953756,10.4225,1.931948498278357,-0.0535714285714285,0.2632540998511426,-0.025297619047619,0.7589285714285715,0.3928571428571428,0.2220804536449717,50198.0,14300.534418918289,-3043.8125,5767.531513687055,-0.0571051881005783,0.1170594993068939,40375.65178571429,2168.7194892627285,7472.387307893218,4076.530344582528,-43082.75,134303.11433811454,-0.1393413753760468,0.5888303815343017,221773.5,128781.41114695086,-0.75,3.685557397915997,-0.025297619047619,0.7589285714285715,5.5,3.1091263510296048,0.975725,0.0286666327519179,0.0905,0.0995952838598777,0.1395821916420034,0.1824715320118926,0.8868427083333332,0.0539117057625629,0.7653500000000001,0.136557521457687,0.0987867644418208,0.0178181061138327,3,21.09333333333333,6657.0,44803.0,40694.333333333336,3592.338003770432,0.8973,0.8422666666666666,-0.5,0.0714285714285714,-0.875,-0.1571428571428572,-1790.75,41210.0,-0.0416446224775149,-433.41071428571325,-302796.0,41210.0,-0.8802055778096893,-94028.60000000003,-7.0,1.0,-0.875,-2.200000000000001,0.1255625,0.9385,0.1544552933036057,0.0402820833333333
trial1_day8_plant9,trial1,8,9,2025-10-22,2025-10-19,2025-10-22,4,Lettuce_FW_EC_Tracker Data_Collection (per-plant),21.58,1,104.37749999999998,63.890065151007626,29.312202380952375,11.530920764953756,10.4225,1.931948498278357,-0.0535714285714285,0.2632540998511426,-0.025297619047619,0.7589285714285715,0.3928571428571428,0.2220804536449717,50198.0,14300.534418918289,-3043.8125,5767.531513687055,-0.0571051881005783,0.1170594993068939,40375.65178571429,2168.7194892627285,7472.387307893218,4076.530344582528,-43082.75,134303.11433811454,-0.1393413753760468,0.5888303815343017,221773.5,128781.41114695086,-0.75,3.685557397915997,-0.025297619047619,0.7589285714285715,5.5,3.1091263510296048,0.975725,0.0286666327519179,0.0905,0.0995952838598777,0.1395821916420034,0.1824715320118926,0.8868427083333332,0.0539117057625629,0.7653500000000001,0.136557521457687,0.0987867644418208,0.0178181061138327,3,101.87666666666667,-1206.0,43164.0,43592.666666666664,674.3777378690176,0.9876,0.9072,-0.5,0.0714285714285714,-0.875,-0.1571428571428572,-1790.75,41210.0,-0.0416446224775149,-433.41071428571325,-302796.0,41210.0,-0.8802055778096893,-94028.60000000003,-7.0,1.0,-0.875,-2.200000000000001,0.1255625,0.9385,0.1544552933036057,0.0402820833333333
trial1_day12_plant1,trial1,12,1,2025-10-26,2025-10-23,2025-10-26,4,Lettuce_FW_EC_Tracker Data_Collection (per-plant),26.78,0,12.39,,11.0,,9.61,,0.0714285714285714,,0.25,0.5,0.1428571428571428,,44642.0,,745.0,,0.0045195340936665,0.0090390681873331,41955.0,,3799.9918420965055,,42700.0,,0.2590390681873331,0.5180781363746664,83910.0,,1.0,,0.25,0.5,2.0,,0.9397,,-0.0088,,-0.0023441662226957,0.0046883324453915,0.9297,,0.9197,,0.0141421356237309,,0,,,,,,,,,0.1428571428571428,,,,41955.0,,,,83910.0,,,,2.0,,,,0.9297,,
trial1_day12_plant2,trial1,12,2,2025-10-26,2025-10-23,2025-10-26,4,Lettuce_FW_EC_Tracker Data_Collection (per-plant),27.78,0,12.39,,11.0,,9.61,,0.0714285714285714,,0.25,0.5,0.1428571428571428,,44642.0,,745.0,,0.0045195340936665,0.0090390681873331,41955.0,,3799.9918420965055,,42700.0,,0.2590390681873331,0.5180781363746664,83910.0,,1.0,,0.25,0.5,2.0,,0.9397,,-0.0088,,-0.0023441662226957,0.0046883324453915,0.9297,,0.9197,,0.0141421356237309,,0,,,,,,,,,0.1428571428571428,,,,41955.0,,,,83910.0,,,,2.0,,,,0.9297,,
trial1_day12_plant3,trial1,12,3,2025-10-26,2025-10-23,2025-10-26,4,Lettuce_FW_EC_Tracker Data_Collection (per-plant),32.78,0,12.39,,11.0,,9.61,,0.0714285714285714,,0.25,0.5,0.1428571428571428,,44642.0,,745.0,,0.0045195340936665,0.0090390681873331,41955.0,,3799.9918420965055,,42700.0,,0.2590390681873331,0.5180781363746664,83910.0,,1.0,,0.25,0.5,2.0,,0.9397,,-0.0088,,-0.0023441662226957,0.0046883324453915,0.9297,,0.9197,,0.0141421356237309,,0,,,,,,,,,0.1428571428571428,,,,41955.0,,,,83910.0,,,,2.0,,,,0.9297,,
trial1_day12_plant4,trial1,12,4,2025-10-26,2025-10-23,2025-10-26,4,Lettuce_FW_EC_Tracker Data_Collection (per-plant),29.78,0,12.39,,11.0,,9.61,,0.0714285714285714,,0.25,0.5,0.1428571428571428,,44642.0,,745.0,,0.0045195340936665,0.0090390681873331,41955.0,,3799.9918420965055,,42700.0,,0.2590390681873331,0.5180781363746664,83910.0,,1.0,,0.25,0.5,2.0,,0.9397,,-0.0088,,-0.0023441662226957,0.0046883324453915,0.9297,,0.9197,,0.0141421356237309,,0,,,,,,,,,0.1428571428571428,,,,41955.0,,,,83910.0,,,,2.0,,,,0.9297,,
trial1_day12_plant5,trial1,12,5,2025-10-26,2025-10-23,2025-10-26,4,Lettuce_FW_EC_Tracker Data_Collection (per-plant),25.78,0,12.39,,11.0,,9.61,,0.0714285714285714,,0.25,0.5,0.1428571428571428,,44642.0,,745.0,,0.0045195340936665,0.0090390681873331,41955.0,,3799.9918420965055,,42700.0,,0.2590390681873331,0.5180781363746664,83910.0,,1.0,,0.25,0.5,2.0,,0.9397,,-0.0088,,-0.0023441662226957,0.0046883324453915,0.9297,,0.9197,,0.0141421356237309,,0,,,,,,,,,0.1428571428571428,,,,41955.0,,,,83910.0,,,,2.0,,,,0.9297,,
trial1_day12_plant6,trial1,12,6,2025-10-26,2025-10-23,2025-10-26,4,Lettuce_FW_EC_Tracker Data_Collection (per-plant),21.78,0,12.39,,11.0,,9.61,,0.0714285714285714,,0.25,0.5,0.1428571428571428,,44642.0,,745.0,,0.0045195340936665,0.0090390681873331,41955.0,,3799.9918420965055,,42700.0,,0.2590390681873331,0.5180781363746664,83910.0,,1.0,,0.25,0.5,2.0,,0.9397,,-0.0088,,-0.0023441662226957,0.0046883324453915,0.9297,,0.9197,,0.0141421356237309,,0,,,,,,,,,0.1428571428571428,,,,41955.0,,,,83910.0,,,,2.0,,,,0.9297,,
trial1_day12_plant7,trial1,12,7,2025-10-26,2025-10-23,2025-10-26,4,Lettuce_FW_EC_Tracker Data_Collection (per-plant),26.78,1,12.39,,11.0,,9.61,,0.0714285714285714,,0.25,0.5,0.1428571428571428,,44642.0,,745.0,,0.0045195340936665,0.0090390681873331,41955.0,,3799.9918420965055,,42700.0,,0.2590390681873331,0.5180781363746664,83910.0,,1.0,,0.25,0.5,2.0,,0.9397,,-0.0088,,-0.0023441662226957,0.0046883324453915,0.9297,,0.9197,,0.0141421356237309,,1,9.61,,44642.0,44642.0,,0.9197,0.9197,,0.1428571428571428,,,,41955.0,,,,83910.0,,,,2.0,,,,0.9297,,
trial1_day12_plant8,trial1,12,8,2025-10-26,2025-10-23,2025-10-26,4,Lettuce_FW_EC_Tracker Data_Collection (per-plant),26.78,0,12.39,,11.0,,9.61,,0.0714285714285714,,0.25,0.5,0.1428571428571428,,44642.0,,745.0,,0.0045195340936665,0.0090390681873331,41955.0,,3799.9918420965055,,42700.0,,0.2590390681873331,0.5180781363746664,83910.0,,1.0,,0.25,0.5,2.0,,0.9397,,-0.0088,,-0.0023441662226957,0.0046883324453915,0.9297,,0.9197,,0.0141421356237309,,0,,,,,,,,,0.1428571428571428,,,,41955.0,,,,83910.0,,,,2.0,,,,0.9297,,
trial1_day12_plant9,trial1,12,9,2025-10-26,2025-10-23,2025-10-26,4,Lettuce_FW_EC_Tracker Data_Collection (per-plant),27.78,0,12.39,,11.0,,9.61,,0.0714285714285714,,0.25,0.5,0.1428571428571428,,44642.0,,745.0,,0.0045195340936665,0.0090390681873331,41955.0,,3799.9918420965055,,42700.0,,0.2590390681873331,0.5180781363746664,83910.0,,1.0,,0.25,0.5,2.0,,0.9397,,-0.0088,,-0.0023441662226957,0.0046883324453915,0.9297,,0.9197,,0.0141421356237309,,0,,,,,,,,,0.1428571428571428,,,,41955.0,,,,83910.0,,,,2.0,,,,0.9297,,
trial1_day12_plant10,trial1,12,10,2025-10-26,2025-10-23,2025-10-26,4,Lettuce_FW_EC_Tracker Data_Collection (per-plant),29.78,0,12.39,,11.0,,9.61,,0.0714285714285714,,0.25,0.5,0.1428571428571428,,44642.0,,745.0,,0.0045195340936665,0.0090390681873331,41955.0,,3799.9918420965055,,42700.0,,0.2590390681873331,0.5180781363746664,83910.0,,1.0,,0.25,0.5,2.0,,0.9397,,-0.0088,,-0.0023441662226957,0.0046883324453915,0.9297,,0.9197,,0.0141421356237309,,0,,,,,,,,,0.1428571428571428,,,,41955.0,,,,83910.0,,,,2.0,,,,0.9297,,
trial1_day16_plant1,trial1,16,1,2025-10-30,2025-10-27,2025-10-30,4,Lettuce_FW_EC_Tracker Data_Collection (per-plant),40.78,0,83.82,,38.833333333333336,,11.59,,,,0.125,0.25,0.2142857142857142,,44023.0,,,,-0.022869741389584,0.0457394827791681,38117.0,,5144.232401437555,,,,0.0906953879156238,0.1813907758312477,114351.0,,,,0.125,0.25,3.0,,0.7337,,,,-0.0745222473199239,0.1490444946398479,0.6525666666666666,,0.556,,0.0898496707469389,,0,,,,,,,,,0.2142857142857142,,,,38117.0,,,,114351.0,,,,3.0,,,,0.6525666666666666,,
trial1_day16_plant2,trial1,16,2,2025-10-30,2025-10-27,2025-10-30,4,Lettuce_FW_EC_Tracker Data_Collection (per-plant),45.78,0,83.82,,38.833333333333336,,11.59,,,,0.125,0.25,0.2142857142857142,,44023.0,,,,-0.022869741389584,0.0457394827791681,38117.0,,5144.232401437555,,,,0.0906953879156238,0.1813907758312477,114351.0,,,,0.125,0.25,3.0,,0.7337,,,,-0.0745222473199239,0.1490444946398479,0.6525666666666666,,0.556,,0.0898496707469389,,0,,,,,,,,,0.2142857142857142,,,,38117.0,,,,114351.0,,,,3.0,,,,0.6525666666666666,,
trial1_day16_plant3,trial1,16,3,2025-10-30,2025-10-27,2025-10-30,4,Lettuce_FW_EC_Tracker Data_Collection (per-plant),49.78,0,83.82,,38.833333333333336,,11.59,,,,0.125,0.25,0.2142857142857142,,44023.0,,,,-0.022869741389584,0.0457394827791681,38117.0,,5144.232401437555,,,,0.0906953879156238,0.1813907758312477,114351.0,,,,0.125,0.25,3.0,,0.7337,,,,-0.0745222473199239,0.1490444946398479,0.6525666666666666,,0.556,,0.0898496707469389,,0,,,,,,,,,0.2142857142857142,,,,38117.0,,,,114351.0,,,,3.0,,,,0.6525666666666666,,
trial1_day16_plant4,trial1,16,4,2025-10-30,2025-10-27,2025-10-30,4,Lettuce_FW_EC_Tracker Data_Collection (per-plant),50.78,0,83.82,,38.833333333333336,,11.59,,,,0.125,0.25,0.2142857142857142,,44023.0,,,,-0.022869741389584,0.0457394827791681,38117.0,,5144.232401437555,,,,0.0906953879156238,0.1813907758312477,114351.0,,,,0.125,0.25,3.0,,0.7337,,,,-0.0745222473199239,0.1490444946398479,0.6525666666666666,,0.556,,0.0898496707469389,,0,,,,,,,,,0.2142857142857142,,,,38117.0,,,,114351.0,,,,3.0,,,,0.6525666666666666,,
trial1_day16_plant5,trial1,16,5,2025-10-30,2025-10-27,2025-10-30,4,Lettuce_FW_EC_Tracker Data_Collection (per-plant),36.78,0,83.82,,38.833333333333336,,11.59,,,,0.125,0.25,0.2142857142857142,,44023.0,,,,-0.022869741389584,0.0457394827791681,38117.0,,5144.232401437555,,,,0.0906953879156238,0.1813907758312477,114351.0,,,,0.125,0.25,3.0,,0.7337,,,,-0.0745222473199239,0.1490444946398479,0.6525666666666666,,0.556,,0.0898496707469389,,0,,,,,,,,,0.2142857142857142,,,,38117.0,,,,114351.0,,,,3.0,,,,0.6525666666666666,,
trial1_day16_plant6,trial1,16,6,2025-10-30,2025-10-27,2025-10-30,4,Lettuce_FW_EC_Tracker Data_Collection (per-plant),35.78,0,83.82,,38.833333333333336,,11.59,,,,0.125,0.25,0.2142857142857142,,44023.0,,,,-0.022869741389584,0.0457394827791681,38117.0,,5144.232401437555,,,,0.0906953879156238,0.1813907758312477,114351.0,,,,0.125,0.25,3.0,,0.7337,,,,-0.0745222473199239,0.1490444946398479,0.6525666666666666,,0.556,,0.0898496707469389,,0,,,,,,,,,0.2142857142857142,,,,38117.0,,,,114351.0,,,,3.0,,,,0.6525666666666666,,
trial1_day16_plant7,trial1,16,7,2025-10-30,2025-10-27,2025-10-30,4,Lettuce_FW_EC_Tracker Data_Collection (per-plant),40.78,1,83.82,,38.833333333333336,,11.59,,,,0.125,0.25,0.2142857142857142,,44023.0,,,,-0.022869741389584,0.0457394827791681,38117.0,,5144.232401437555,,,,0.0906953879156238,0.1813907758312477,114351.0,,,,0.125,0.25,3.0,,0.7337,,,,-0.0745222473199239,0.1490444946398479,0.6525666666666666,,0.556,,0.0898496707469389,,1,11.59,,35714.0,35714.0,,0.556,0.556,,0.2142857142857142,,,,38117.0,,,,114351.0,,,,3.0,,,,0.6525666666666666,,
trial1_day16_plant8,trial1,16,8,2025-10-30,2025-10-27,2025-10-30,4,Lettuce_FW_EC_Tracker Data_Collection (per-plant),42.78,0,83.82,,38.833333333333336,,11.59,,,,0.125,0.25,0.2142857142857142,,44023.0,,,,-0.022869741389584,0.0457394827791681,38117.0,,5144.232401437555,,,,0.0906953879156238,0.1813907758312477,114351.0,,,,0.125,0.25,3.0,,0.7337,,,,-0.0745222473199239,0.1490444946398479,0.6525666666666666,,0.556,,0.0898496707469389,,0,,,,,,,,,0.2142857142857142,,,,38117.0,,,,114351.0,,,,3.0,,,,0.6525666666666666,,
trial1_day16_plant9,trial1,16,9,2025-10-30,2025-10-27,2025-10-30,4,Lettuce_FW_EC_Tracker Data_Collection (per-plant),41.78,1,83.82,,38.833333333333336,,11.59,,,,0.125,0.25,0.2142857142857142,,44023.0,,,,-0.022869741389584,0.0457394827791681,38117.0,,5144.232401437555,,,,0.0906953879156238,0.1813907758312477,114351.0,,,,0.125,0.25,3.0,,0.7337,,,,-0.0745222473199239,0.1490444946398479,0.6525666666666666,,0.556,,0.0898496707469389,,1,21.09,,44023.0,44023.0,,0.7337,0.7337,,0.2142857142857142,,,,38117.0,,,,114351.0,,,,3.0,,,,0.6525666666666666,,
trial1_day16_plant10,trial1,16,10,2025-10-30,2025-10-27,2025-10-30,4,Lettuce_FW_EC_Tracker Data_Collection (per-plant),44.78,0,83.82,,38.833333333333336,,11.59,,,,0.125,0.25,0.2142857142857142,,44023.0,,,,-0.022869741389584,0.0457394827791681,38117.0,,5144.232401437555,,,,0.0906953879156238,0.1813907758312477,114351.0,,,,0.125,0.25,3.0,,0.7337,,,,-0.0745222473199239,0.1490444946398479,0.6525666666666666,,0.556,,0.0898496707469389,,0,,,,,,,,,0.2142857142857142,,,,38117.0,,,,114351.0,,,,3.0,,,,0.6525666666666666,,
trial1_day20_plant1,trial1,20,1,2025-11-03,2025-10-31,2025-11-03,4,Lettuce_FW_EC_Tracker Data_Collection (per-plant),78.78,1,117.765,96.41400961478575,53.09392857142856,41.45211474197223,9.89,1.8384776310850235,-0.0714285714285714,,0.2976190476190476,0.6937524897301651,0.4642857142857143,0.0505076272276105,42845.5,1160.3622279271244,818.0714285714275,,-0.0479492053221582,0.1149581195021627,30167.464285714286,578.4638546378227,9333.942009958506,3772.881519719972,-24850.0,,0.1755922978521104,0.4343695481973199,195884.0,17571.603512485704,-1.0,,0.2976190476190476,0.6937524897301651,6.5,0.7071067811865476,0.9453,0.0394565583902093,-0.0277880952380951,,0.0314526669091185,0.0890177859680387,0.744677380952381,0.0196491505791146,0.4047,0.0432749350086167,0.1971213526608705,0.0333168730713095,1,185.94,,28645.0,28645.0,,0.8877,0.8877,-0.0714285714285714,0.4285714285714285,-0.1428571428571429,-0.0714285714285715,818.0714285714275,30576.5,0.0274904108799907,818.071428571426,-24850.0,183459.0,-0.1192939335314364,-24849.999999999996,-1.0,6.0,-0.1428571428571428,-1.0000000000000024,-0.0277880952380951,0.7307833333333335,-0.0366321406151912,-0.0277880952380949
trial1_day20_plant2,trial1,20,2,2025-11-03,2025-10-31,2025-11-03,4,Lettuce_FW_EC_Tracker Data_Collection (per-plant),89.78,1,117.765,96.41400961478575,53.09392857142856,41.45211474197223,9.89,1.8384776310850235,-0.0714285714285714,,0.2976190476190476,0.6937524897301651,0.4642857142857143,0.0505076272276105,42845.5,1160.3622279271244,818.0714285714275,,-0.0479492053221582,0.1149581195021627,30167.464285714286,578.4638546378227,9333.942009958506,3772.881519719972,-24850.0,,0.1755922978521104,0.4343695481973199,195884.0,17571.603512485704,-1.0,,0.2976190476190476,0.6937524897301651,6.5,0.7071067811865476,0.9453,0.0394565583902093,-0.0277880952380951,,0.0314526669091185,0.0890177859680387,0.744677380952381,0.0196491505791146,0.4047,0.0432749350086167,0.1971213526608705,0.0333168730713095,1,66.94,,24715.0,24715.0,,0.6723,0.6723,-0.0714285714285714,0.4285714285714285,-0.1428571428571429,-0.0714285714285715,818.0714285714275,30576.5,0.0274904108799907,818.071428571426,-24850.0,183459.0,-0.1192939335314364,-24849.999999999996,-1.0,6.0,-0.1428571428571428,-1.0000000000000024,-0.0277880952380951,0.7307833333333335,-0.0366321406151912,-0.0277880952380949
trial1_day20_plant3,trial1,20,3,2025-11-03,2025-10-31,2025-11-03,4,Lettuce_FW_EC_Tracker Data_Collection (per-plant),93.78,1,117.765,96.41400961478575,53.09392857142856,41.45211474197223,9.89,1.8384776310850235,-0.0714285714285714,,0.2976190476190476,0.6937524897301651,0.4642857142857143,0.0505076272276105,42845.5,1160.3622279271244,818.0714285714275,,-0.0479492053221582,0.1149581195021627,30167.464285714286,578.4638546378227,9333.942009958506,3772.881519719972,-24850.0,,0.1755922978521104,0.4343695481973199,195884.0,17571.603512485704,-1.0,,0.2976190476190476,0.6937524897301651,6.5,0.7071067811865476,0.9453,0.0394565583902093,-0.0277880952380951,,0.0314526669091185,0.0890177859680387,0.744677380952381,0.0196491505791146,0.4047,0.0432749350086167,0.1971213526608705,0.0333168730713095,1,34.6,,14667.0,14667.0,,0.5314,0.5314,-0.0714285714285714,0.4285714285714285,-0.1428571428571429,-0.0714285714285715,818.0714285714275,30576.5,0.0274904108799907,818.071428571426,-24850.0,183459.0,-0.1192939335314364,-24849.999999999996,-1.0,6.0,-0.1428571428571428,-1.0000000000000024,-0.0277880952380951,0.7307833333333335,-0.0366321406151912,-0.0277880952380949
trial1_day20_plant4,trial1,20,4,2025-11-03,2025-10-31,2025-11-03,4,Lettuce_FW_EC_Tracker Data_Collection (per-plant),91.78,1,117.765,96.41400961478575,53.09392857142856,41.45211474197223,9.89,1.8384776310850235,-0.0714285714285714,,0.2976190476190476,0.6937524897301651,0.4642857142857143,0.0505076272276105,42845.5,1160.3622279271244,818.0714285714275,,-0.0479492053221582,0.1149581195021627,30167.464285714286,578.4638546378227,9333.942009958506,3772.881519719972,-24850.0,,0.1755922978521104,0.4343695481973199,195884.0,17571.603512485704,-1.0,,0.2976190476190476,0.6937524897301651,6.5,0.7071067811865476,0.9453,0.0394565583902093,-0.0277880952380951,,0.0314526669091185,0.0890177859680387,0.744677380952381,0.0196491505791146,0.4047,0.0432749350086167,0.1971213526608705,0.0333168730713095,2,38.28,13684.0,28069.0,21227.0,9676.049193756717,0.4353,0.4047,-0.0714285714285714,0.4285714285714285,-0.1428571428571429,-0.0714285714285715,818.0714285714275,30576.5,0.0274904108799907,818.071428571426,-24850.0,183459.0,-0.1192939335314364,-24849.999999999996,-1.0,6.0,-0.1428571428571428,-1.0000000000000024,-0.0277880952380951,0.7307833333333335,-0.0366321406151912,-0.0277880952380949
trial1_day20_plant5,trial1,20,5,2025-11-03,2025-10-31,2025-11-03,4,Lettuce_FW_EC_Tracker Data_Collection (per-plant),65.78,1,117.765,96.41400961478575,53.09392857142856,41.45211474197223,9.89,1.8384776310850235,-0.0714285714285714,,0.2976190476190476,0.6937524897301651,0.4642857142857143,0.0505076272276105,42845.5,1160.3622279271244,818.0714285714275,,-0.0479492053221582,0.1149581195021627,30167.464285714286,578.4638546378227,9333.942009958506,3772.881519719972,-24850.0,,0.1755922978521104,0.4343695481973199,195884.0,17571.603512485704,-1.0,,0.2976190476190476,0.6937524897301651,6.5,0.7071067811865476,0.9453,0.0394565583902093,-0.0277880952380951,,0.0314526669091185,0.0890177859680387,0.744677380952381,0.0196491505791146,0.4047,0.0432749350086167,0.1971213526608705,0.0333168730713095,2,9.89,4911.0,28045.0,25589.5,3472.601402407135,0.9174,0.8729,-0.0714285714285714,0.4285714285714285,-0.1428571428571429,-0.0714285714285715,818.0714285714275,30576.5,0.0274904108799907,818.071428571426,-24850.0,183459.0,-0.1192939335314364,-24849.999999999996,-1.0,6.0,-0.1428571428571428,-1.0000000000000024,-0.0277880952380951,0.7307833333333335,-0.0366321406151912,-0.0277880952380949
trial1_day20_plant6,trial1,20,6,2025-11-03,2025-10-31,2025-11-03,4,Lettuce_FW_EC_Tracker Data_Collection (per-plant),69.78,1,117.765,96.41400961478575,53.09392857142856,41.45211474197223,9.89,1.8384776310850235,-0.0714285714285714,,0.2976190476190476,0.6937524897301651,0.4642857142857143,0.0505076272276105,42845.5,1160.3622279271244,818.0714285714275,,-0.0479492053221582,0.1149581195021627,30167.464285714286,578.4638546378227,9333.942009958506,3772.881519719972,-24850.0,,0.1755922978521104,0.4343695481973199,195884.0,17571.603512485704,-1.0,,0.2976190476190476,0.6937524897301651,6.5,0.7071067811865476,0.9453,0.0394565583902093,-0.0277880952380951,,0.0314526669091185,0.0890177859680387,0.744677380952381,0.0196491505791146,0.4047,0.0432749350086167,0.1971213526608705,0.0333168730713095,1,58.22,,30319.0,30319.0,,0.7221,0.7221,-0.0714285714285714,0.4285714285714285,-0.1428571428571429,-0.0714285714285715,818.0714285714275,30576.5,0.0274904108799907,818.071428571426,-24850.0,183459.0,-0.1192939335314364,-24849.999999999996,-1.0,6.0,-0.1428571428571428,-1.0000000000000024,-0.0277880952380951,0.7307833333333335,-0.0366321406151912,-0.0277880952380949
trial1_day20_plant7,trial1,20,7,2025-11-03,2025-10-31,2025-11-03,4,Lettuce_FW_EC_Tracker Data_Collection (per-plant),76.78,1,117.765,96.41400961478575,53.09392857142856,41.45211474197223,9.89,1.8384776310850235,-0.0714285714285714,,0.2976190476190476,0.6937524897301651,0.4642857142857143,0.0505076272276105,42845.5,1160.3622279271244,818.0714285714275,,-0.0479492053221582,0.1149581195021627,30167.464285714286,578.4638546378227,9333.942009958506,3772.881519719972,-24850.0,,0.1755922978521104,0.4343695481973199,195884.0,17571.603512485704,-1.0,,0.2976190476190476,0.6937524897301651,6.5,0.7071067811865476,0.9453,0.0394565583902093,-0.0277880952380951,,0.0314526669091185,0.0890177859680387,0.744677380952381,0.0196491505791146,0.4047,0.0432749350086167,0.1971213526608705,0.0333168730713095,1,8.7,,37889.0,37889.0,,0.8334,0.8334,-0.0714285714285714,0.4285714285714285,-0.1428571428571429,-0.0714285714285715,818.0714285714275,30576.5,0.0274904108799907,818.071428571426,-24850.0,183459.0,-0.1192939335314364,-24849.999999999996,-1.0,6.0,-0.1428571428571428,-1.0000000000000024,-0.0277880952380951,0.7307833333333335,-0.0366321406151912,-0.0277880952380949
trial1_day20_plant8,trial1,20,8,2025-11-03,2025-10-31,2025-11-03,4,Lettuce_FW_EC_Tracker Data_Collection (per-plant),78.78,0,117.765,96.41400961478575,53.09392857142856,41.45211474197223,9.89,1.8384776310850235,-0.0714285714285714,,0.2976190476190476,0.6937524897301651,0.4642857142857143,0.0505076272276105,42845.5,1160.3622279271244,818.0714285714275,,-0.0479492053221582,0.1149581195021627,30167.464285714286,578.4638546378227,9333.942009958506,3772.881519719972,-24850.0,,0.1755922978521104,0.4343695481973199,195884.0,17571.603512485704,-1.0,,0.2976190476190476,0.6937524897301651,6.5,0.7071067811865476,0.9453,0.0394565583902093,-0.0277880952380951,,0.0314526669091185,0.0890177859680387,0.744677380952381,0.0196491505791146,0.4047,0.0432749350086167,0.1971213526608705,0.0333168730713095,0,,,,,,,,-0.0714285714285714,0.4285714285714285,-0.1428571428571429,-0.0714285714285715,818.0714285714275,30576.5,0.0274904108799907,818.071428571426,-24850.0,183459.0,-0.1192939335314364,-24849.999999999996,-1.0,6.0,-0.1428571428571428,-1.0000000000000024,-0.0277880952380951,0.7307833333333335,-0.0366321406151912,-0.0277880952380949
trial1_day20_plant9,trial1,20,9,2025-11-03,2025-10-31,2025-11-03,4,Lettuce_FW_EC_Tracker Data_Collection (per-plant),83.78,1,117.765,96.41400961478575,53.09392857142856,41.45211474197223,9.89,1.8384776310850235,-0.0714285714285714,,0.2976190476190476,0.6937524897301651,0.4642857142857143,0.0505076272276105,42845.5,1160.3622279271244,818.0714285714275,,-0.0479492053221582,0.1149581195021627,30167.464285714286,578.4638546378227,9333.942009958506,3772.881519719972,-24850.0,,0.1755922978521104,0.4343695481973199,195884.0,17571.603512485704,-1.0,,0.2976190476190476,0.6937524897301651,6.5,0.7071067811865476,0.9453,0.0394565583902093,-0.0277880952380951,,0.0314526669091185,0.0890177859680387,0.744677380952381,0.0196491505791146,0.4047,0.0432749350086167,0.1971213526608705,0.0333168730713095,1,9.07,,37663.0,37663.0,,0.8379,0.8379,-0.0714285714285714,0.4285714285714285,-0.1428571428571429,-0.0714285714285715,818.0714285714275,30576.5,0.0274904108799907,818.071428571426,-24850.0,183459.0,-0.1192939335314364,-24849.999999999996,-1.0,6.0,-0.1428571428571428,-1.0000000000000024,-0.0277880952380951,0.7307833333333335,-0.0366321406151912,-0.0277880952380949
trial1_day20_plant10,trial1,20,10,2025-11-03,2025-10-31,2025-11-03,4,Lettuce_FW_EC_Tracker Data_Collection (per-plant),82.78,1,117.765,96.41400961478575,53.09392857142856,41.45211474197223,9.89,1.8384776310850235,-0.0714285714285714,,0.2976190476190476,0.6937524897301651,0.4642857142857143,0.0505076272276105,42845.5,1160.3622279271244,818.0714285714275,,-0.0479492053221582,0.1149581195021627,30167.464285714286,578.4638546378227,9333.942009958506,3772.881519719972,-24850.0,,0.1755922978521104,0.4343695481973199,195884.0,17571.603512485704,-1.0,,0.2976190476190476,0.6937524897301651,6.5,0.7071067811865476,0.9453,0.0394565583902093,-0.0277880952380951,,0.0314526669091185,0.0890177859680387,0.744677380952381,0.0196491505791146,0.4047,0.0432749350086167,0.1971213526608705,0.0333168730713095,1,145.17,,43666.0,43666.0,,0.7499,0.7499,-0.0714285714285714,0.4285714285714285,-0.1428571428571429,-0.0714285714285715,818.0714285714275,30576.5,0.0274904108799907,818.071428571426,-24850.0,183459.0,-0.1192939335314364,-24849.999999999996,-1.0,6.0,-0.1428571428571428,-1.0000000000000024,-0.0277880952380951,0.7307833333333335,-0.0366321406151912,-0.0277880952380949
trial1_day24_plant1,trial1,24,1,2025-11-07,2025-11-04,2025-11-07,4,Lettuce_FW_EC_Tracker Data_Collection (per-plant),135.78,1,232.7025,17.86464175403471,92.54381944444444,34.37380980234708,15.9925,2.344943140746346,-0.0714285714285714,0.0714285714285714,0.0347222222222222,0.3266104448973569,0.5714285714285714,0.1010152544552211,42705.0,1504.5936328457594,-204.01851851851825,3018.206894321789,0.0599336908616415,0.1425090508920042,36746.42013888889,1585.4854869139897,3832.6441087009352,1251.003970694563,-39414.66666666666,25607.546472345475,0.1225254513851002,0.5061872253219131,293371.25,49863.34866663088,-1.0,1.0,0.0347222222222222,0.3266104448973568,8.0,1.4142135623730951,0.9241,0.052762549849933,0.0172166666666666,0.0206442603672573,0.0082662011113015,0.0397107948248037,0.71745625,0.0256084543467148,0.4711999999999999,0.1101988808170633,0.1659834969908062,0.0468471572621064,3,16.353333333333335,-5513.0,33013.0,37818.0,4493.0333851419355,0.7883,0.7585000000000001,-0.2142857142857143,0.4285714285714285,-0.3333333333333334,-0.0714285714285712,-612.0555555555547,37578.5,-0.0160263590474666,24.8458333333364,-118244.0,225471.0,-0.3440175726983111,-37262.09999999993,-3.0,6.0,-0.3333333333333333,-0.999999999999998,0.05165,0.7534833333333334,0.0735929707907861,0.0175791666666667
trial1_day24_plant2,trial1,24,2,2025-11-07,2025-11-04,2025-11-07,4,Lettuce_FW_EC_Tracker Data_Collection (per-plant),153.78,1,232.7025,17.86464175403471,92.54381944444444,34.37380980234708,15.9925,2.344943140746346,-0.0714285714285714,0.0714285714285714,0.0347222222222222,0.3266104448973569,0.5714285714285714,0.1010152544552211,42705.0,1504.5936328457594,-204.01851851851825,3018.206894321789,0.0599336908616415,0.1425090508920042,36746.42013888889,1585.4854869139897,3832.6441087009352,1251.003970694563,-39414.66666666666,25607.546472345475,0.1225254513851002,0.5061872253219131,293371.25,49863.34866663088,-1.0,1.0,0.0347222222222222,0.3266104448973568,8.0,1.4142135623730951,0.9241,0.052762549849933,0.0172166666666666,0.0206442603672573,0.0082662011113015,0.0397107948248037,0.71745625,0.0256084543467148,0.4711999999999999,0.1101988808170633,0.1659834969908062,0.0468471572621064,3,36.48666666666667,-2176.0,37662.0,37729.333333333336,2075.819195723301,0.8292,0.6746333333333333,-0.2142857142857143,0.4285714285714285,-0.3333333333333334,-0.0714285714285712,-612.0555555555547,37578.5,-0.0160263590474666,24.8458333333364,-118244.0,225471.0,-0.3440175726983111,-37262.09999999993,-3.0,6.0,-0.3333333333333333,-0.999999999999998,0.05165,0.7534833333333334,0.0735929707907861,0.0175791666666667
trial1_day24_plant3,trial1,24,3,2025-11-07,2025-11-04,2025-11-07,4,Lettuce_FW_EC_Tracker Data_Collection (per-plant),157.78,0,232.7025,17.86464175403471,92.54381944444444,34.37380980234708,15.9925,2.344943140746346,-0.0714285714285714,0.0714285714285714,0.0347222222222222,0.3266104448973569,0.5714285714285714,0.1010152544552211,42705.0,1504.5936328457594,-204.01851851851825,3018.206894321789,0.0599336908616415,0.1425090508920042,36746.42013888889,1585.4854869139897,3832.6441087009352,1251.003970694563,-39414.66666666666,25607.546472345475,0.1225254513851002,0.5061872253219131,293371.25,49863.34866663088,-1.0,1.0,0.0347222222222222,0.3266104448973568,8.0,1.4142135623730951,0.9241,0.052762549849933,0.0172166666666666,0.0206442603672573,0.0082662011113015,0.0397107948248037,0.71745625,0.0256084543467148,0.4711999999999999,0.1101988808170633,0.1659834969908062,0.0468471572621064,0,,,,,,,,-0.2142857142857143,0.4285714285714285,-0.3333333333333334,-0.0714285714285712,-612.0555555555547,37578.5,-0.0160263590474666,24.8458333333364,-118244.0,225471.0,-0.3440175726983111,-37262.09999999993,-3.0,6.0,-0.3333333333333333,-0.999999999999998,0.05165,0.7534833333333334,0.0735929707907861,0.0175791666666667
trial1_day24_plant4,trial1,24,4,2025-11-07,2025-11-04,2025-11-07,4,Lettuce_FW_EC_Tracker Data_Collection (per-plant),140.78,1,232.7025,17.86464175403471,92.54381944444444,34.37380980234708,15.9925,2.344943140746346,-0.0714285714285714,0.0714285714285714,0.0347222222222222,0.3266104448973569,0.5714285714285714,0.1010152544552211,42705.0,1504.5936328457594,-204.01851851851825,3018.206894321789,0.0599336908616415,0.1425090508920042,36746.42013888889,1585.4854869139897,3832.6441087009352,1251.003970694563,-39414.66666666666,25607.546472345475,0.1225254513851002,0.5061872253219131,293371.25,49863.34866663088,-1.0,1.0,0.0347222222222222,0.3266104448973568,8.0,1.4142135623730951,0.9241,0.052762549849933,0.0172166666666666,0.0206442603672573,0.0082662011113015,0.0397107948248037,0.71745625,0.0256084543467148,0.4711999999999999,0.1101988808170633,0.1659834969908062,0.0468471572621064,3,19.793333333333333,-1865.0,31875.0,31183.333333333332,2963.66467963792,0.598,0.6359666666666666,-0.2142857142857143,0.4285714285714285,-0.3333333333333334,-0.0714285714285712,-612.0555555555547,37578.5,-0.0160263590474666,24.8458333333364,-118244.0,225471.0,-0.3440175726983111,-37262.09999999993,-3.0,6.0,-0.3333333333333333,-0.999999999999998,0.05165,0.7534833333333334,0.0735929707907861,0.0175791666666667
trial1_day24_plant5,trial1,24,5,2025-11-07,2025-11-04,2025-11-07,4,Lettuce_FW_EC_Tracker Data_Collection (per-plant),123.78,1,232.7025,17.86464175403471,92.54381944444444,34.37380980234708,15.9925,2.344943140746346,-0.0714285714285714,0.0714285714285714,0.0347222222222222,0.3266104448973569,0.5714285714285714,0.1010152544552211,42705.0,1504.5936328457594,-204.01851851851825,3018.206894321789,0.0599336908616415,0.1425090508920042,36746.42013888889,1585.4854869139897,3832.6441087009352,1251.003970694563,-39414.66666666666,25607.546472345475,0.1225254513851002,0.5061872253219131,293371.25,49863.34866663088,-1.0,1.0,0.0347222222222222,0.3266104448973568,8.0,1.4142135623730951,0.9241,0.052762549849933,0.0172166666666666,0.0206442603672573,0.0082662011113015,0.0397107948248037,0.71745625,0.0256084543467148,0.4711999999999999,0.1101988808170633,0.1659834969908062,0.0468471572621064,2,54.66,299.0,32578.0,32428.5,211.4249275747777,0.4467,0.63175,-0.2142857142857143,0.4285714285714285,-0.3333333333333334,-0.0714285714285712,-612.0555555555547,37578.5,-0.0160263590474666,24.8458333333364,-118244.0,225471.0,-0.3440175726983111,-37262.09999999993,-3.0,6.0,-0.3333333333333333,-0.999999999999998,0.05165,0.7534833333333334,0.0735929707907861,0.0175791666666667
trial1_day24_plant6,trial1,24,6,2025-11-07,2025-11-04,2025-11-07,4,Lettuce_FW_EC_Tracker Data_Collection (per-plant),125.78,1,232.7025,17.86464175403471,92.54381944444444,34.37380980234708,15.9925,2.344943140746346,-0.0714285714285714,0.0714285714285714,0.0347222222222222,0.3266104448973569,0.5714285714285714,0.1010152544552211,42705.0,1504.5936328457594,-204.01851851851825,3018.206894321789,0.0599336908616415,0.1425090508920042,36746.42013888889,1585.4854869139897,3832.6441087009352,1251.003970694563,-39414.66666666666,25607.546472345475,0.1225254513851002,0.5061872253219131,293371.25,49863.34866663088,-1.0,1.0,0.0347222222222222,0.3266104448973568,8.0,1.4142135623730951,0.9241,0.052762549849933,0.0172166666666666,0.0206442603672573,0.0082662011113015,0.0397107948248037,0.71745625,0.0256084543467148,0.4711999999999999,0.1101988808170633,0.1659834969908062,0.0468471572621064,4,176.5675,-6597.0,34630.0,34819.5,4552.986162948445,0.8651,0.744275,-0.2142857142857143,0.4285714285714285,-0.3333333333333334,-0.0714285714285712,-612.0555555555547,37578.5,-0.0160263590474666,24.8458333333364,-118244.0,225471.0,-0.3440175726983111,-37262.09999999993,-3.0,6.0,-0.3333333333333333,-0.999999999999998,0.05165,0.7534833333333334,0.0735929707907861,0.0175791666666667
trial1_day24_plant7,trial1,24,7,2025-11-07,2025-11-04,2025-11-07,4,Lettuce_FW_EC_Tracker Data_Collection (per-plant),135.78,1,232.7025,17.86464175403471,92.54381944444444,34.37380980234708,15.9925,2.344943140746346,-0.0714285714285714,0.0714285714285714,0.0347222222222222,0.3266104448973569,0.5714285714285714,0.1010152544552211,42705.0,1504.5936328457594,-204.01851851851825,3018.206894321789,0.0599336908616415,0.1425090508920042,36746.42013888889,1585.4854869139897,3832.6441087009352,1251.003970694563,-39414.66666666666,25607.546472345475,0.1225254513851002,0.5061872253219131,293371.25,49863.34866663088,-1.0,1.0,0.0347222222222222,0.3266104448973568,8.0,1.4142135623730951,0.9241,0.052762549849933,0.0172166666666666,0.0206442603672573,0.0082662011113015,0.0397107948248037,0.71745625,0.0256084543467148,0.4711999999999999,0.1101988808170633,0.1659834969908062,0.0468471572621064,4,53.31250000000001,2433.0,37461.0,34259.75,2682.479123870305,0.6749,0.716475,-0.2142857142857143,0.4285714285714285,-0.3333333333333334,-0.0714285714285712,-612.0555555555547,37578.5,-0.0160263590474666,24.8458333333364,-118244.0,225471.0,-0.3440175726983111,-37262.09999999993,-3.0,6.0,-0.3333333333333333,-0.999999999999998,0.05165,0.7534833333333334,0.0735929707907861,0.0175791666666667
trial1_day24_plant8,trial1,24,8,2025-11-07,2025-11-04,2025-11-07,4,Lettuce_FW_EC_Tracker Data_Collection (per-plant),137.78,1,232.7025,17.86464175403471,92.54381944444444,34.37380980234708,15.9925,2.344943140746346,-0.0714285714285714,0.0714285714285714,0.0347222222222222,0.3266104448973569,0.5714285714285714,0.1010152544552211,42705.0,1504.5936328457594,-204.01851851851825,3018.206894321789,0.0599336908616415,0.1425090508920042,36746.42013888889,1585.4854869139897,3832.6441087009352,1251.003970694563,-39414.66666666666,25607.546472345475,0.1225254513851002,0.5061872253219131,293371.25,49863.34866663088,-1.0,1.0,0.0347222222222222,0.3266104448973568,8.0,1.4142135623730951,0.9241,0.052762549849933,0.0172166666666666,0.0206442603672573,0.0082662011113015,0.0397107948248037,0.71745625,0.0256084543467148,0.4711999999999999,0.1101988808170633,0.1659834969908062,0.0468471572621064,3,143.44,-2842.0,36748.0,39640.666666666664,2918.329887681194,0.8313,0.7319333333333334,-0.2142857142857143,0.4285714285714285,-0.3333333333333334,-0.0714285714285712,-612.0555555555547,37578.5,-0.0160263590474666,24.8458333333364,-118244.0,225471.0,-0.3440175726983111,-37262.09999999993,-3.0,6.0,-0.3333333333333333,-0.999999999999998,0.05165,0.7534833333333334,0.0735929707907861,0.0175791666666667
trial1_day24_plant9,trial1,24,9,2025-11-07,2025-11-04,2025-11-07,4,Lettuce_FW_EC_Tracker Data_Collection (per-plant),152.78,1,232.7025,17.86464175403471,92.54381944444444,34.37380980234708,15.9925,2.344943140746346,-0.0714285714285714,0.0714285714285714,0.0347222222222222,0.3266104448973569,0.5714285714285714,0.1010152544552211,42705.0,1504.5936328457594,-204.01851851851825,3018.206894321789,0.0599336908616415,0.1425090508920042,36746.42013888889,1585.4854869139897,3832.6441087009352,1251.003970694563,-39414.66666666666,25607.546472345475,0.1225254513851002,0.5061872253219131,293371.25,49863.34866663088,-1.0,1.0,0.0347222222222222,0.3266104448973568,8.0,1.4142135623730951,0.9241,0.052762549849933,0.0172166666666666,0.0206442603672573,0.0082662011113015,0.0397107948248037,0.71745625,0.0256084543467148,0.4711999999999999,0.1101988808170633,0.1659834969908062,0.0468471572621064,4,131.38,-5227.0,37714.0,39123.0,2758.060067027789,0.6987,0.61975,-0.2142857142857143,0.4285714285714285,-0.3333333333333334,-0.0714285714285712,-612.0555555555547,37578.5,-0.0160263590474666,24.8458333333364,-118244.0,225471.0,-0.3440175726983111,-37262.09999999993,-3.0,6.0,-0.3333333333333333,-0.999999999999998,0.05165,0.7534833333333334,0.0735929707907861,0.0175791666666667
trial1_day24_plant10,trial1,24,10,2025-11-07,2025-11-04,2025-11-07,4,Lettuce_FW_EC_Tracker Data_Collection (per-plant),141.78,0,232.7025,17.86464175403471,92.54381944444444,34.37380980234708,15.9925,2.344943140746346,-0.0714285714285714,0.0714285714285714,0.0347222222222222,0.3266104448973569,0.5714285714285714,0.1010152544552211,42705.0,1504.5936328457594,-204.01851851851825,3018.206894321789,0.0599336908616415,0.1425090508920042,36746.42013888889,1585.4854869139897,3832.6441087009352,1251.003970694563,-39414.66666666666,25607.546472345475,0.1225254513851002,0.5061872253219131,293371.25,49863.34866663088,-1.0,1.0,0.0347222222222222,0.3266104448973568,8.0,1.4142135623730951,0.9241,0.052762549849933,0.0172166666666666,0.0206442603672573,0.0082662011113015,0.0397107948248037,0.71745625,0.0256084543467148,0.4711999999999999,0.1101988808170633,0.1659834969908062,0.0468471572621064,0,,,,,,,,-0.2142857142857143,0.4285714285714285,-0.3333333333333334,-0.0714285714285712,-612.0555555555547,37578.5,-0.0160263590474666,24.8458333333364,-118244.0,225471.0,-0.3440175726983111,-37262.09999999993,-3.0,6.0,-0.3333333333333333,-0.999999999999998,0.05165,0.7534833333333334,0.0735929707907861,0.0175791666666667
trial1_day28_plant1,trial1,28,1,2025-11-11,2025-11-08,2025-11-11,3,Lettuce_FW_EC_Tracker Data_Collection (per-plant),213.78,1,246.78,124.1516117495057,83.95551515151514,24.254704017529495,10.296666666666669,2.843700640597272,0.0952380952380952,0.1797579627445416,0.2252525252525252,0.3940132020988911,0.7380952380952381,0.0412393049421161,44147.333333333336,259.1087287864562,-1789.7333333333336,5844.897104738991,-0.038741426093002,0.1864044441530089,30274.342424242423,2523.005350215816,8594.24634882653,982.2200490908112,32207.33333333333,49437.68374765684,0.1394271162178691,0.2172735729692293,311883.6666666667,10232.57867467108,1.3333333333333333,2.516611478423583,0.2252525252525253,0.3940132020988911,10.333333333333334,0.5773502691896257,0.9094666666666668,0.0767329351278402,-0.0198977777777777,0.0740125709499168,-0.0234531461787646,0.1033066649985254,0.6646457575757575,0.0257791481873862,0.4347666666666667,0.0986678434614506,0.1586906325119836,0.0561830380521861,1,109.22,,31691.0,31691.0,,0.6053,0.6053,0.0,0.7142857142857143,0.0,-4.238921459681816e-16,1016.2999999999992,32209.3,0.0325810277946975,508.15000000002544,10163.0,322093.0,0.0325810277946975,5081.500000000104,0.0,10.0,0.0,-6.295942965431736e-15,0.03847,0.69379,0.058704144540072,0.0192350000000002
trial1_day28_plant2,trial1,28,2,2025-11-11,2025-11-08,2025-11-11,3,Lettuce_FW_EC_Tracker Data_Collection (per-plant),217.78,1,246.78,124.1516117495057,83.95551515151514,24.254704017529495,10.296666666666669,2.843700640597272,0.0952380952380952,0.1797579627445416,0.2252525252525252,0.3940132020988911,0.7380952380952381,0.0412393049421161,44147.333333333336,259.1087287864562,-1789.7333333333336,5844.897104738991,-0.038741426093002,0.1864044441530089,30274.342424242423,2523.005350215816,8594.24634882653,982.2200490908112,32207.33333333333,49437.68374765684,0.1394271162178691,0.2172735729692293,311883.6666666667,10232.57867467108,1.3333333333333333,2.516611478423583,0.2252525252525253,0.3940132020988911,10.333333333333334,0.5773502691896257,0.9094666666666668,0.0767329351278402,-0.0198977777777777,0.0740125709499168,-0.0234531461787646,0.1033066649985254,0.6646457575757575,0.0257791481873862,0.4347666666666667,0.0986678434614506,0.1586906325119836,0.0561830380521861,3,37.54333333333334,-2275.0,29755.0,31864.333333333332,2031.5723795457875,0.8264,0.5933,0.0,0.7142857142857143,0.0,-4.238921459681816e-16,1016.2999999999992,32209.3,0.0325810277946975,508.15000000002544,10163.0,322093.0,0.0325810277946975,5081.500000000104,0.0,10.0,0.0,-6.295942965431736e-15,0.03847,0.69379,0.058704144540072,0.0192350000000002
trial1_day28_plant3,trial1,28,3,2025-11-11,2025-11-08,2025-11-11,3,Lettuce_FW_EC_Tracker Data_Collection (per-plant),232.78,1,246.78,124.1516117495057,83.95551515151514,24.254704017529495,10.296666666666669,2.843700640597272,0.0952380952380952,0.1797579627445416,0.2252525252525252,0.3940132020988911,0.7380952380952381,0.0412393049421161,44147.333333333336,259.1087287864562,-1789.7333333333336,5844.897104738991,-0.038741426093002,0.1864044441530089,30274.342424242423,2523.005350215816,8594.24634882653,982.2200490908112,32207.33333333333,49437.68374765684,0.1394271162178691,0.2172735729692293,311883.6666666667,10232.57867467108,1.3333333333333333,2.516611478423583,0.2252525252525253,0.3940132020988911,10.333333333333334,0.5773502691896257,0.9094666666666668,0.0767329351278402,-0.0198977777777777,0.0740125709499168,-0.0234531461787646,0.1033066649985254,0.6646457575757575,0.0257791481873862,0.4347666666666667,0.0986678434614506,0.1586906325119836,0.0561830380521861,3,53.300000000000004,3975.0,23023.0,20666.0,2088.000718390681,0.7719,0.7152666666666666,0.0,0.7142857142857143,0.0,-4.238921459681816e-16,1016.2999999999992,32209.3,0.0325810277946975,508.15000000002544,10163.0,322093.0,0.0325810277946975,5081.500000000104,0.0,10.0,0.0,-6.295942965431736e-15,0.03847,0.69379,0.058704144540072,0.0192350000000002
trial1_day28_plant4,trial1,28,4,2025-11-11,2025-11-08,2025-11-11,3,Lettuce_FW_EC_Tracker Data_Collection (per-plant),220.78,1,246.78,124.1516117495057,83.95551515151514,24.254704017529495,10.296666666666669,2.843700640597272,0.0952380952380952,0.1797579627445416,0.2252525252525252,0.3940132020988911,0.7380952380952381,0.0412393049421161,44147.333333333336,259.1087287864562,-1789.7333333333336,5844.897104738991,-0.038741426093002,0.1864044441530089,30274.342424242423,2523.005350215816,8594.24634882653,982.2200490908112,32207.33333333333,49437.68374765684,0.1394271162178691,0.2172735729692293,311883.6666666667,10232.57867467108,1.3333333333333333,2.516611478423583,0.2252525252525253,0.3940132020988911,10.333333333333334,0.5773502691896257,0.9094666666666668,0.0767329351278402,-0.0198977777777777,0.0740125709499168,-0.0234531461787646,0.1033066649985254,0.6646457575757575,0.0257791481873862,0.4347666666666667,0.0986678434614506,0.1586906325119836,0.0561830380521861,3,65.71333333333334,8698.0,27892.0,22327.666666666668,4831.656686203329,0.6903,0.7041333333333334,0.0,0.7142857142857143,0.0,-4.238921459681816e-16,1016.2999999999992,32209.3,0.0325810277946975,508.15000000002544,10163.0,322093.0,0.0325810277946975,5081.500000000104,0.0,10.0,0.0,-6.295942965431736e-15,0.03847,0.69379,0.058704144540072,0.0192350000000002
trial1_day28_plant5,trial1,28,5,2025-11-11,2025-11-08,2025-11-11,3,Lettuce_FW_EC_Tracker Data_Collection (per-plant),185.78,1,246.78,124.1516117495057,83.95551515151514,24.254704017529495,10.296666666666669,2.843700640597272,0.0952380952380952,0.1797579627445416,0.2252525252525252,0.3940132020988911,0.7380952380952381,0.0412393049421161,44147.333333333336,259.1087287864562,-1789.7333333333336,5844.897104738991,-0.038741426093002,0.1864044441530089,30274.342424242423,2523.005350215816,8594.24634882653,982.2200490908112,32207.33333333333,49437.68374765684,0.1394271162178691,0.2172735729692293,311883.6666666667,10232.57867467108,1.3333333333333333,2.516611478423583,0.2252525252525253,0.3940132020988911,10.333333333333334,0.5773502691896257,0.9094666666666668,0.0767329351278402,-0.0198977777777777,0.0740125709499168,-0.0234531461787646,0.1033066649985254,0.6646457575757575,0.0257791481873862,0.4347666666666667,0.0986678434614506,0.1586906325119836,0.0561830380521861,3,170.73666666666668,-4631.0,18550.0,18670.333333333332,4451.719929794925,0.7801,0.7147333333333332,0.0,0.7142857142857143,0.0,-4.238921459681816e-16,1016.2999999999992,32209.3,0.0325810277946975,508.15000000002544,10163.0,322093.0,0.0325810277946975,5081.500000000104,0.0,10.0,0.0,-6.295942965431736e-15,0.03847,0.69379,0.058704144540072,0.0192350000000002
trial1_day28_plant6,trial1,28,6,2025-11-11,2025-11-08,2025-11-11,3,Lettuce_FW_EC_Tracker Data_Collection (per-plant),195.78,1,246.78,124.1516117495057,83.95551515151514,24.254704017529495,10.296666666666669,2.843700640597272,0.0952380952380952,0.1797579627445416,0.2252525252525252,0.3940132020988911,0.7380952380952381,0.0412393049421161,44147.333333333336,259.1087287864562,-1789.7333333333336,5844.897104738991,-0.038741426093002,0.1864044441530089,30274.342424242423,2523.005350215816,8594.24634882653,982.2200490908112,32207.33333333333,49437.68374765684,0.1394271162178691,0.2172735729692293,311883.6666666667,10232.57867467108,1.3333333333333333,2.516611478423583,0.2252525252525253,0.3940132020988911,10.333333333333334,0.5773502691896257,0.9094666666666668,0.0767329351278402,-0.0198977777777777,0.0740125709499168,-0.0234531461787646,0.1033066649985254,0.6646457575757575,0.0257791481873862,0.4347666666666667,0.0986678434614506,0.1586906325119836,0.0561830380521861,3,13.556666666666667,-2330.0,33385.0,37817.333333333336,5777.8565518134255,0.7817,0.5801333333333333,0.0,0.7142857142857143,0.0,-4.238921459681816e-16,1016.2999999999992,32209.3,0.0325810277946975,508.15000000002544,10163.0,322093.0,0.0325810277946975,5081.500000000104,0.0,10.0,0.0,-6.295942965431736e-15,0.03847,0.69379,0.058704144540072,0.0192350000000002
trial1_day28_plant7,trial1,28,7,2025-11-11,2025-11-08,2025-11-11,3,Lettuce_FW_EC_Tracker Data_Collection (per-plant),218.78,1,246.78,124.1516117495057,83.95551515151514,24.254704017529495,10.296666666666669,2.843700640597272,0.0952380952380952,0.1797579627445416,0.2252525252525252,0.3940132020988911,0.7380952380952381,0.0412393049421161,44147.333333333336,259.1087287864562,-1789.7333333333336,5844.897104738991,-0.038741426093002,0.1864044441530089,30274.342424242423,2523.005350215816,8594.24634882653,982.2200490908112,32207.33333333333,49437.68374765684,0.1394271162178691,0.2172735729692293,311883.6666666667,10232.57867467108,1.3333333333333333,2.516611478423583,0.2252525252525253,0.3940132020988911,10.333333333333334,0.5773502691896257,0.9094666666666668,0.0767329351278402,-0.0198977777777777,0.0740125709499168,-0.0234531461787646,0.1033066649985254,0.6646457575757575,0.0257791481873862,0.4347666666666667,0.0986678434614506,0.1586906325119836,0.0561830380521861,3,185.9333333333333,4997.0,34065.0,27228.333333333332,7918.432441672615,0.6584,0.8256333333333333,0.0,0.7142857142857143,0.0,-4.238921459681816e-16,1016.2999999999992,32209.3,0.0325810277946975,508.15000000002544,10163.0,322093.0,0.0325810277946975,5081.500000000104,0.0,10.0,0.0,-6.295942965431736e-15,0.03847,0.69379,0.058704144540072,0.0192350000000002
trial1_day28_plant8,trial1,28,8,2025-11-11,2025-11-08,2025-11-11,3,Lettuce_FW_EC_Tracker Data_Collection (per-plant),214.78,1,246.78,124.1516117495057,83.95551515151514,24.254704017529495,10.296666666666669,2.843700640597272,0.0952380952380952,0.1797579627445416,0.2252525252525252,0.3940132020988911,0.7380952380952381,0.0412393049421161,44147.333333333336,259.1087287864562,-1789.7333333333336,5844.897104738991,-0.038741426093002,0.1864044441530089,30274.342424242423,2523.005350215816,8594.24634882653,982.2200490908112,32207.33333333333,49437.68374765684,0.1394271162178691,0.2172735729692293,311883.6666666667,10232.57867467108,1.3333333333333333,2.516611478423583,0.2252525252525253,0.3940132020988911,10.333333333333334,0.5773502691896257,0.9094666666666668,0.0767329351278402,-0.0198977777777777,0.0740125709499168,-0.0234531461787646,0.1033066649985254,0.6646457575757575,0.0257791481873862,0.4347666666666667,0.0986678434614506,0.1586906325119836,0.0561830380521861,3,126.97666666666667,-10823.0,33411.0,36920.666666666664,6335.238143379721,0.5587,0.5867,0.0,0.7142857142857143,0.0,-4.238921459681816e-16,1016.2999999999992,32209.3,0.0325810277946975,508.15000000002544,10163.0,322093.0,0.0325810277946975,5081.500000000104,0.0,10.0,0.0,-6.295942965431736e-15,0.03847,0.69379,0.058704144540072,0.0192350000000002
trial1_day28_plant9,trial1,28,9,2025-11-11,2025-11-08,2025-11-11,3,Lettuce_FW_EC_Tracker Data_Collection (per-plant),222.78,1,246.78,124.1516117495057,83.95551515151514,24.254704017529495,10.296666666666669,2.843700640597272,0.0952380952380952,0.1797579627445416,0.2252525252525252,0.3940132020988911,0.7380952380952381,0.0412393049421161,44147.333333333336,259.1087287864562,-1789.7333333333336,5844.897104738991,-0.038741426093002,0.1864044441530089,30274.342424242423,2523.005350215816,8594.24634882653,982.2200490908112,32207.33333333333,49437.68374765684,0.1394271162178691,0.2172735729692293,311883.6666666667,10232.57867467108,1.3333333333333333,2.516611478423583,0.2252525252525253,0.3940132020988911,10.333333333333334,0.5773502691896257,0.9094666666666668,0.0767329351278402,-0.0198977777777777,0.0740125709499168,-0.0234531461787646,0.1033066649985254,0.6646457575757575,0.0257791481873862,0.4347666666666667,0.0986678434614506,0.1586906325119836,0.0561830380521861,3,20.89,3024.0,38813.0,36874.333333333336,1682.9371150858053,0.5481,0.645,0.0,0.7142857142857143,0.0,-4.238921459681816e-16,1016.2999999999992,32209.3,0.0325810277946975,508.15000000002544,10163.0,322093.0,0.0325810277946975,5081.500000000104,0.0,10.0,0.0,-6.295942965431736e-15,0.03847,0.69379,0.058704144540072,0.0192350000000002
trial1_day28_plant10,trial1,28,10,2025-11-11,2025-11-08,2025-11-11,3,Lettuce_FW_EC_Tracker Data_Collection (per-plant),220.78,1,246.78,124.1516117495057,83.95551515151514,24.254704017529495,10.296666666666669,2.843700640597272,0.0952380952380952,0.1797579627445416,0.2252525252525252,0.3940132020988911,0.7380952380952381,0.0412393049421161,44147.333333333336,259.1087287864562,-1789.7333333333336,5844.897104738991,-0.038741426093002,0.1864044441530089,30274.342424242423,2523.005350215816,8594.24634882653,982.2200490908112,32207.33333333333,49437.68374765684,0.1394271162178691,0.2172735729692293,311883.6666666667,10232.57867467108,1.3333333333333333,2.516611478423583,0.2252525252525253,0.3940132020988911,10.333333333333334,0.5773502691896257,0.9094666666666668,0.0767329351278402,-0.0198977777777777,0.0740125709499168,-0.0234531461787646,0.1033066649985254,0.6646457575757575,0.0257791481873862,0.4347666666666667,0.0986678434614506,0.1586906325119836,0.0561830380521861,1,75.23,,43856.0,43856.0,,0.6721,0.6721,0.0,0.7142857142857143,0.0,-4.238921459681816e-16,1016.2999999999992,32209.3,0.0325810277946975,508.15000000002544,10163.0,322093.0,0.0325810277946975,5081.500000000104,0.0,10.0,0.0,-6.295942965431736e-15,0.03847,0.69379,0.058704144540072,0.0192350000000002
