sample_id,trial,day,plant_id,date,split,target_fw_g,model,pred_fw_g,abs_error_g
trial1_day0_plant1,trial1,0,1,2025-10-14,loo,4.48,MeanBaseline,69.47679487179485,64.99679487179485
trial1_day0_plant1,trial1,0,1,2025-10-14,loo,4.48,Ridge,6.54752076094271,2.0675207609427098
trial1_day0_plant1,trial1,0,1,2025-10-14,loo,4.48,ElasticNet,6.368952558968928,1.8889525589689278
trial1_day0_plant1,trial1,0,1,2025-10-14,loo,4.48,SVR-RBF,11.64657136189416,7.16657136189416
trial1_day0_plant1,trial1,0,1,2025-10-14,loo,4.48,RandomForest,6.325170914981975,1.8451709149819742
trial1_day0_plant1,trial1,0,1,2025-10-14,loo,4.48,GradBoost,2.6717414479021793,1.8082585520978212
trial1_day0_plant1,trial1,0,1,2025-10-14,loo,4.48,XGBoost,4.941584587097168,0.46158458709716754
trial1_day0_plant2,trial1,0,2,2025-10-14,loo,4.880000000000003,MeanBaseline,69.47166666666665,64.59166666666664
trial1_day0_plant2,trial1,0,2,2025-10-14,loo,4.880000000000003,Ridge,6.2349947701981066,1.354994770198104
trial1_day0_plant2,trial1,0,2,2025-10-14,loo,4.880000000000003,ElasticNet,6.00819761741392,1.1281976174139174
trial1_day0_plant2,trial1,0,2,2025-10-14,loo,4.880000000000003,SVR-RBF,10.746551082339394,5.866551082339392
trial1_day0_plant2,trial1,0,2,2025-10-14,loo,4.880000000000003,RandomForest,6.2703960380455355,1.390396038045533
trial1_day0_plant2,trial1,0,2,2025-10-14,loo,4.880000000000003,GradBoost,6.858407477638689,1.9784074776386866
trial1_day0_plant2,trial1,0,2,2025-10-14,loo,4.880000000000003,XGBoost,5.22564697265625,0.34564697265624744
trial1_day0_plant3,trial1,0,3,2025-10-14,loo,6.580000000000002,MeanBaseline,69.44987179487177,62.86987179487177
trial1_day0_plant3,trial1,0,3,2025-10-14,loo,6.580000000000002,Ridge,5.789285032852135,0.790714967147867
trial1_day0_plant3,trial1,0,3,2025-10-14,loo,6.580000000000002,ElasticNet,5.5130510803106745,1.0669489196893274
trial1_day0_plant3,trial1,0,3,2025-10-14,loo,6.580000000000002,SVR-RBF,9.44166527868829,2.861665278688289
trial1_day0_plant3,trial1,0,3,2025-10-14,loo,6.580000000000002,RandomForest,6.014137716162124,0.5658622838378777
trial1_day0_plant3,trial1,0,3,2025-10-14,loo,6.580000000000002,GradBoost,10.013244965403677,3.4332449654036754
trial1_day0_plant3,trial1,0,3,2025-10-14,loo,6.580000000000002,XGBoost,9.132352828979492,2.5523528289794903
trial1_day0_plant4,trial1,0,4,2025-10-14,loo,4.080000000000002,MeanBaseline,69.48192307692305,65.40192307692305
trial1_day0_plant4,trial1,0,4,2025-10-14,loo,4.080000000000002,Ridge,5.858563064536945,1.778563064536943
trial1_day0_plant4,trial1,0,4,2025-10-14,loo,4.080000000000002,ElasticNet,5.547923113969226,1.4679231139692241
trial1_day0_plant4,trial1,0,4,2025-10-14,loo,4.080000000000002,SVR-RBF,9.584604019667843,5.504604019667841
trial1_day0_plant4,trial1,0,4,2025-10-14,loo,4.080000000000002,RandomForest,6.34015677116788,2.2601567711678783
trial1_day0_plant4,trial1,0,4,2025-10-14,loo,4.080000000000002,GradBoost,6.510535697900351,2.430535697900349
trial1_day0_plant4,trial1,0,4,2025-10-14,loo,4.080000000000002,XGBoost,7.870913028717041,3.790913028717039
trial1_day0_plant5,trial1,0,5,2025-10-14,loo,4.98,MeanBaseline,69.4703846153846,64.4903846153846
trial1_day0_plant5,trial1,0,5,2025-10-14,loo,4.98,Ridge,5.534342846487192,0.5543428464871916
trial1_day0_plant5,trial1,0,5,2025-10-14,loo,4.98,ElasticNet,5.179020271306143,0.19902027130614286
trial1_day0_plant5,trial1,0,5,2025-10-14,loo,4.98,SVR-RBF,9.033676049929028,4.053676049929027
trial1_day0_plant5,trial1,0,5,2025-10-14,loo,4.98,RandomForest,6.2349939892973225,1.254993989297322
trial1_day0_plant5,trial1,0,5,2025-10-14,loo,4.98,GradBoost,1.327887464981425,3.6521125350185755
trial1_day0_plant5,trial1,0,5,2025-10-14,loo,4.98,XGBoost,3.109848976135254,1.8701510238647465
trial1_day0_plant6,trial1,0,6,2025-10-14,loo,3.8800000000000026,MeanBaseline,69.48448717948716,65.60448717948717
trial1_day0_plant6,trial1,0,6,2025-10-14,loo,3.8800000000000026,Ridge,5.435592590077121,1.5555925900771186
trial1_day0_plant6,trial1,0,6,2025-10-14,loo,3.8800000000000026,ElasticNet,5.038558369047578,1.1585583690475758
trial1_day0_plant6,trial1,0,6,2025-10-14,loo,3.8800000000000026,SVR-RBF,9.212069179035403,5.3320691790354005
trial1_day0_plant6,trial1,0,6,2025-10-14,loo,3.8800000000000026,RandomForest,6.409858383538758,2.5298583835387554
trial1_day0_plant6,trial1,0,6,2025-10-14,loo,3.8800000000000026,GradBoost,0.7870041353989584,3.0929958646010443
trial1_day0_plant6,trial1,0,6,2025-10-14,loo,3.8800000000000026,XGBoost,2.2497355937957764,1.6302644062042262
trial1_day0_plant7,trial1,0,7,2025-10-14,loo,5.18,MeanBaseline,69.46782051282048,64.28782051282047
trial1_day0_plant7,trial1,0,7,2025-10-14,loo,5.18,Ridge,5.0738427056249975,0.10615729437500221
trial1_day0_plant7,trial1,0,7,2025-10-14,loo,5.18,ElasticNet,4.629174127493968,0.5508258725060315
trial1_day0_plant7,trial1,0,7,2025-10-14,loo,5.18,SVR-RBF,9.242344368065105,4.062344368065105
trial1_day0_plant7,trial1,0,7,2025-10-14,loo,5.18,RandomForest,6.20211328558912,1.0221132855891204
trial1_day0_plant7,trial1,0,7,2025-10-14,loo,5.18,GradBoost,4.882209611735538,0.29779038826446147
trial1_day0_plant7,trial1,0,7,2025-10-14,loo,5.18,XGBoost,4.705214977264404,0.4747850227355954
trial1_day0_plant8,trial1,0,8,2025-10-14,loo,4.580000000000002,MeanBaseline,69.4755128205128,64.8955128205128
trial1_day0_plant8,trial1,0,8,2025-10-14,loo,4.580000000000002,Ridge,4.9241229338384755,0.3441229338384737
trial1_day0_plant8,trial1,0,8,2025-10-14,loo,4.580000000000002,ElasticNet,4.433379684481807,0.1466203155181951
trial1_day0_plant8,trial1,0,8,2025-10-14,loo,4.580000000000002,SVR-RBF,9.712562203320928,5.132562203320926
trial1_day0_plant8,trial1,0,8,2025-10-14,loo,4.580000000000002,RandomForest,6.302541662051741,1.7225416620517393
trial1_day0_plant8,trial1,0,8,2025-10-14,loo,4.580000000000002,GradBoost,5.412776610581365,0.8327766105813632
trial1_day0_plant8,trial1,0,8,2025-10-14,loo,4.580000000000002,XGBoost,4.886511325836182,0.3065113258361798
trial1_day0_plant9,trial1,0,9,2025-10-14,loo,4.380000000000003,MeanBaseline,69.4780769230769,65.09807692307689
trial1_day0_plant9,trial1,0,9,2025-10-14,loo,4.380000000000003,Ridge,4.729648948505158,0.3496489485051555
trial1_day0_plant9,trial1,0,9,2025-10-14,loo,4.380000000000003,ElasticNet,4.189257525523047,0.1907424744769557
trial1_day0_plant9,trial1,0,9,2025-10-14,loo,4.380000000000003,SVR-RBF,10.215650275298017,5.835650275298015
trial1_day0_plant9,trial1,0,9,2025-10-14,loo,4.380000000000003,RandomForest,6.367692393723798,1.9876923937237958
trial1_day0_plant9,trial1,0,9,2025-10-14,loo,4.380000000000003,GradBoost,6.60092693433207,2.2209269343320672
trial1_day0_plant9,trial1,0,9,2025-10-14,loo,4.380000000000003,XGBoost,5.4204254150390625,1.04042541503906
trial1_day0_plant10,trial1,0,10,2025-10-14,loo,5.880000000000003,MeanBaseline,69.45884615384612,63.57884615384612
trial1_day0_plant10,trial1,0,10,2025-10-14,loo,5.880000000000003,Ridge,4.275262180521423,1.6047378194785793
trial1_day0_plant10,trial1,0,10,2025-10-14,loo,5.880000000000003,ElasticNet,3.6676822997464598,2.212317700253543
trial1_day0_plant10,trial1,0,10,2025-10-14,loo,5.880000000000003,SVR-RBF,10.739334662681244,4.859334662681242
trial1_day0_plant10,trial1,0,10,2025-10-14,loo,5.880000000000003,RandomForest,6.145554010983981,0.265554010983978
trial1_day0_plant10,trial1,0,10,2025-10-14,loo,5.880000000000003,GradBoost,6.278810403858292,0.39881040385828914
trial1_day0_plant10,trial1,0,10,2025-10-14,loo,5.880000000000003,XGBoost,6.212792873382568,0.3327928733825658
trial1_day4_plant1,trial1,4,1,2025-10-18,loo,12.880000000000004,MeanBaseline,69.36910256410253,56.48910256410253
trial1_day4_plant1,trial1,4,1,2025-10-18,loo,12.880000000000004,Ridge,13.128726658224792,0.248726658224788
trial1_day4_plant1,trial1,4,1,2025-10-18,loo,12.880000000000004,ElasticNet,13.35828412428021,0.47828412428020606
trial1_day4_plant1,trial1,4,1,2025-10-18,loo,12.880000000000004,SVR-RBF,19.981965745197414,7.101965745197409
trial1_day4_plant1,trial1,4,1,2025-10-18,loo,12.880000000000004,RandomForest,12.884181617485321,0.004181617485317091
trial1_day4_plant1,trial1,4,1,2025-10-18,loo,12.880000000000004,GradBoost,11.657968816643516,1.2220311833564885
trial1_day4_plant1,trial1,4,1,2025-10-18,loo,12.880000000000004,XGBoost,12.317880630493164,0.5621193695068403
trial1_day4_plant2,trial1,4,2,2025-10-18,loo,11.079999999999998,MeanBaseline,69.39217948717946,58.31217948717946
trial1_day4_plant2,trial1,4,2,2025-10-18,loo,11.079999999999998,Ridge,18.28270680062272,7.202706800622721
trial1_day4_plant2,trial1,4,2,2025-10-18,loo,11.079999999999998,ElasticNet,17.347497892035648,6.267497892035649
trial1_day4_plant2,trial1,4,2,2025-10-18,loo,11.079999999999998,SVR-RBF,31.68264928404508,20.602649284045082
trial1_day4_plant2,trial1,4,2,2025-10-18,loo,11.079999999999998,RandomForest,13.546003001668412,2.4660030016684136
trial1_day4_plant2,trial1,4,2,2025-10-18,loo,11.079999999999998,GradBoost,15.738566075662852,4.658566075662854
trial1_day4_plant2,trial1,4,2,2025-10-18,loo,11.079999999999998,XGBoost,13.270188331604004,2.1901883316040056
trial1_day4_plant3,trial1,4,3,2025-10-18,loo,16.880000000000003,MeanBaseline,69.31782051282049,52.43782051282049
trial1_day4_plant3,trial1,4,3,2025-10-18,loo,16.880000000000003,Ridge,12.135231879834969,4.744768120165034
trial1_day4_plant3,trial1,4,3,2025-10-18,loo,16.880000000000003,ElasticNet,12.25437599289151,4.625624007108492
trial1_day4_plant3,trial1,4,3,2025-10-18,loo,16.880000000000003,SVR-RBF,16.9539952958636,0.07399529586359677
trial1_day4_plant3,trial1,4,3,2025-10-18,loo,16.880000000000003,RandomForest,12.192127749520946,4.687872250479057
trial1_day4_plant3,trial1,4,3,2025-10-18,loo,16.880000000000003,GradBoost,18.701655279359805,1.8216552793598026
trial1_day4_plant3,trial1,4,3,2025-10-18,loo,16.880000000000003,XGBoost,15.611498832702637,1.2685011672973658
trial1_day4_plant4,trial1,4,4,2025-10-18,loo,13.980000000000004,MeanBaseline,69.35499999999999,55.374999999999986
trial1_day4_plant4,trial1,4,4,2025-10-18,loo,13.980000000000004,Ridge,12.312902796074567,1.6670972039254366
trial1_day4_plant4,trial1,4,4,2025-10-18,loo,13.980000000000004,ElasticNet,12.39829154916842,1.5817084508315844
trial1_day4_plant4,trial1,4,4,2025-10-18,loo,13.980000000000004,SVR-RBF,16.69138942382665,2.7113894238266454
trial1_day4_plant4,trial1,4,4,2025-10-18,loo,13.980000000000004,RandomForest,12.792797198894048,1.1872028011059559
trial1_day4_plant4,trial1,4,4,2025-10-18,loo,13.980000000000004,GradBoost,15.447476446775077,1.4674764467750734
trial1_day4_plant4,trial1,4,4,2025-10-18,loo,13.980000000000004,XGBoost,14.838518142700195,0.8585181427001913
trial1_day4_plant5,trial1,4,5,2025-10-18,loo,13.28,MeanBaseline,69.36397435897435,56.083974358974345
trial1_day4_plant5,trial1,4,5,2025-10-18,loo,13.28,Ridge,12.18320988505996,1.09679011494004
trial1_day4_plant5,trial1,4,5,2025-10-18,loo,13.28,ElasticNet,12.2259579559081,1.054042044091899
trial1_day4_plant5,trial1,4,5,2025-10-18,loo,13.28,SVR-RBF,16.558798275339583,3.278798275339584
trial1_day4_plant5,trial1,4,5,2025-10-18,loo,13.28,RandomForest,12.97631083311514,0.30368916688486003
trial1_day4_plant5,trial1,4,5,2025-10-18,loo,13.28,GradBoost,9.87430640125382,3.405693598746179
trial1_day4_plant5,trial1,4,5,2025-10-18,loo,13.28,XGBoost,10.453824043273926,2.8261759567260736
trial1_day4_plant6,trial1,4,6,2025-10-18,loo,7.880000000000003,MeanBaseline,69.4332051282051,61.5532051282051
trial1_day4_plant6,trial1,4,6,2025-10-18,loo,7.880000000000003,Ridge,12.632024228073597,4.752024228073594
trial1_day4_plant6,trial1,4,6,2025-10-18,loo,7.880000000000003,ElasticNet,12.640673525594302,4.760673525594299
trial1_day4_plant6,trial1,4,6,2025-10-18,loo,7.880000000000003,SVR-RBF,18.308727855995485,10.428727855995483
trial1_day4_plant6,trial1,4,6,2025-10-18,loo,7.880000000000003,RandomForest,14.442396103005015,6.562396103005012
trial1_day4_plant6,trial1,4,6,2025-10-18,loo,7.880000000000003,GradBoost,9.848422000001163,1.9684220000011603
trial1_day4_plant6,trial1,4,6,2025-10-18,loo,7.880000000000003,XGBoost,11.271580696105957,3.3915806961059545
trial1_day4_plant7,trial1,4,7,2025-10-18,loo,13.980000000000004,MeanBaseline,69.35499999999999,55.374999999999986
trial1_day4_plant7,trial1,4,7,2025-10-18,loo,13.980000000000004,Ridge,11.642192349364265,2.337807650635739
trial1_day4_plant7,trial1,4,7,2025-10-18,loo,13.980000000000004,ElasticNet,11.59274384368755,2.3872561563124535
trial1_day4_plant7,trial1,4,7,2025-10-18,loo,13.980000000000004,SVR-RBF,16.682806814850423,2.702806814850419
trial1_day4_plant7,trial1,4,7,2025-10-18,loo,13.980000000000004,RandomForest,12.892046864303914,1.0879531356960896
trial1_day4_plant7,trial1,4,7,2025-10-18,loo,13.980000000000004,GradBoost,11.85636656144892,2.1236334385510833
trial1_day4_plant7,trial1,4,7,2025-10-18,loo,13.980000000000004,XGBoost,11.954434394836426,2.025565605163578
trial1_day4_plant8,trial1,4,8,2025-10-18,loo,11.28,MeanBaseline,69.38961538461538,58.10961538461538
trial1_day4_plant8,trial1,4,8,2025-10-18,loo,11.28,Ridge,19.069912262320884,7.789912262320884
trial1_day4_plant8,trial1,4,8,2025-10-18,loo,11.28,ElasticNet,17.872215148964557,6.5922151489645575
trial1_day4_plant8,trial1,4,8,2025-10-18,loo,11.28,SVR-RBF,30.52819505742342,19.248195057423423
trial1_day4_plant8,trial1,4,8,2025-10-18,loo,11.28,RandomForest,13.367283873513443,2.087283873513444
trial1_day4_plant8,trial1,4,8,2025-10-18,loo,11.28,GradBoost,12.786412865290375,1.5064128652903754
trial1_day4_plant8,trial1,4,8,2025-10-18,loo,11.28,XGBoost,12.872979164123535,1.5929791641235358
trial1_day4_plant9,trial1,4,9,2025-10-18,loo,11.68,MeanBaseline,69.38448717948717,57.70448717948717
trial1_day4_plant9,trial1,4,9,2025-10-18,loo,11.68,Ridge,11.489784418250231,0.1902155817497686
trial1_day4_plant9,trial1,4,9,2025-10-18,loo,11.68,ElasticNet,11.354061502371998,0.32593849762800176
trial1_day4_plant9,trial1,4,9,2025-10-18,loo,11.68,SVR-RBF,19.121613866435936,7.441613866435937
trial1_day4_plant9,trial1,4,9,2025-10-18,loo,11.68,RandomForest,13.274805388483077,1.5948053884830777
trial1_day4_plant9,trial1,4,9,2025-10-18,loo,11.68,GradBoost,14.162069321423784,2.4820693214237846
trial1_day4_plant9,trial1,4,9,2025-10-18,loo,11.68,XGBoost,13.740777969360352,2.060777969360352
trial1_day4_plant10,trial1,4,10,2025-10-18,loo,14.68,MeanBaseline,69.34602564102563,54.666025641025634
trial1_day4_plant10,trial1,4,10,2025-10-18,loo,14.68,Ridge,10.73364968670667,3.9463503132933297
trial1_day4_plant10,trial1,4,10,2025-10-18,loo,14.68,ElasticNet,10.519151246990766,4.160848753009233
trial1_day4_plant10,trial1,4,10,2025-10-18,loo,14.68,SVR-RBF,17.865344959345464,3.185344959345464
trial1_day4_plant10,trial1,4,10,2025-10-18,loo,14.68,RandomForest,12.625344796797703,2.054655203202296
trial1_day4_plant10,trial1,4,10,2025-10-18,loo,14.68,GradBoost,14.233112176833277,0.4468878231667226
trial1_day4_plant10,trial1,4,10,2025-10-18,loo,14.68,XGBoost,13.154529571533203,1.5254704284667966
trial1_day8_plant1,trial1,8,1,2025-10-22,loo,19.08,MeanBaseline,69.28961538461536,50.20961538461536
trial1_day8_plant1,trial1,8,1,2025-10-22,loo,19.08,Ridge,23.889443777627278,4.80944377762728
trial1_day8_plant1,trial1,8,1,2025-10-22,loo,19.08,ElasticNet,24.162921366701532,5.082921366701534
trial1_day8_plant1,trial1,8,1,2025-10-22,loo,19.08,SVR-RBF,27.28888094156583,8.20888094156583
trial1_day8_plant1,trial1,8,1,2025-10-22,loo,19.08,RandomForest,19.04282794670862,0.037172053291378404
trial1_day8_plant1,trial1,8,1,2025-10-22,loo,19.08,GradBoost,10.859003702663085,8.220996297336914
trial1_day8_plant1,trial1,8,1,2025-10-22,loo,19.08,XGBoost,19.1884822845459,0.10848228454590014
trial1_day8_plant2,trial1,8,2,2025-10-22,loo,18.18,MeanBaseline,69.30115384615382,51.121153846153824
trial1_day8_plant2,trial1,8,2,2025-10-22,loo,18.18,Ridge,14.887172294154801,3.2928277058451982
trial1_day8_plant2,trial1,8,2,2025-10-22,loo,18.18,ElasticNet,13.022491945177507,5.157508054822493
trial1_day8_plant2,trial1,8,2,2025-10-22,loo,18.18,SVR-RBF,27.994002991442905,9.814002991442905
trial1_day8_plant2,trial1,8,2,2025-10-22,loo,18.18,RandomForest,19.19558910213452,1.0155891021345198
trial1_day8_plant2,trial1,8,2,2025-10-22,loo,18.18,GradBoost,21.408013255341594,3.228013255341594
trial1_day8_plant2,trial1,8,2,2025-10-22,loo,18.18,XGBoost,20.68671417236328,2.5067141723632815
trial1_day8_plant3,trial1,8,3,2025-10-22,loo,23.980000000000004,MeanBaseline,69.22679487179485,45.24679487179485
trial1_day8_plant3,trial1,8,3,2025-10-22,loo,23.980000000000004,Ridge,20.95142627760417,3.0285737223958336
trial1_day8_plant3,trial1,8,3,2025-10-22,loo,23.980000000000004,ElasticNet,22.25567142341672,1.7243285765832823
trial1_day8_plant3,trial1,8,3,2025-10-22,loo,23.980000000000004,SVR-RBF,24.962602487062185,0.9826024870621808
trial1_day8_plant3,trial1,8,3,2025-10-22,loo,23.980000000000004,RandomForest,17.94347128113408,6.036528718865924
trial1_day8_plant3,trial1,8,3,2025-10-22,loo,23.980000000000004,GradBoost,25.931617484995147,1.9516174849951433
trial1_day8_plant3,trial1,8,3,2025-10-22,loo,23.980000000000004,XGBoost,22.27623748779297,1.7037625122070352
trial1_day8_plant4,trial1,8,4,2025-10-22,loo,20.78,MeanBaseline,69.26782051282049,48.48782051282049
trial1_day8_plant4,trial1,8,4,2025-10-22,loo,20.78,Ridge,21.459949358804927,0.6799493588049259
trial1_day8_plant4,trial1,8,4,2025-10-22,loo,20.78,ElasticNet,22.761111986343586,1.9811119863435849
trial1_day8_plant4,trial1,8,4,2025-10-22,loo,20.78,SVR-RBF,24.86752739413499,4.0875273941349874
trial1_day8_plant4,trial1,8,4,2025-10-22,loo,20.78,RandomForest,18.900920329234395,1.8790796707656057
trial1_day8_plant4,trial1,8,4,2025-10-22,loo,20.78,GradBoost,23.66114206618436,2.88114206618436
trial1_day8_plant4,trial1,8,4,2025-10-22,loo,20.78,XGBoost,22.65233612060547,1.8723361206054676
trial1_day8_plant5,trial1,8,5,2025-10-22,loo,19.880000000000003,MeanBaseline,69.27935897435896,49.399358974358954
trial1_day8_plant5,trial1,8,5,2025-10-22,loo,19.880000000000003,Ridge,21.426934086146204,1.5469340861462015
trial1_day8_plant5,trial1,8,5,2025-10-22,loo,19.880000000000003,ElasticNet,22.694220377723674,2.8142203777236716
trial1_day8_plant5,trial1,8,5,2025-10-22,loo,19.880000000000003,SVR-RBF,25.796865707241302,5.9168657072413
trial1_day8_plant5,trial1,8,5,2025-10-22,loo,19.880000000000003,RandomForest,19.0728210076535,0.807178992346504
trial1_day8_plant5,trial1,8,5,2025-10-22,loo,19.880000000000003,GradBoost,16.826701240271657,3.053298759728346
trial1_day8_plant5,trial1,8,5,2025-10-22,loo,19.880000000000003,XGBoost,18.001394271850586,1.8786057281494166
trial1_day8_plant6,trial1,8,6,2025-10-22,loo,17.330000000000002,MeanBaseline,69.31205128205126,51.98205128205126
trial1_day8_plant6,trial1,8,6,2025-10-22,loo,17.330000000000002,Ridge,18.98536428822787,1.6553642882278687
trial1_day8_plant6,trial1,8,6,2025-10-22,loo,17.330000000000002,ElasticNet,17.77644630577042,0.44644630577041866
trial1_day8_plant6,trial1,8,6,2025-10-22,loo,17.330000000000002,SVR-RBF,23.568382658564452,6.238382658564451
trial1_day8_plant6,trial1,8,6,2025-10-22,loo,17.330000000000002,RandomForest,19.267075323655526,1.9370753236555238
trial1_day8_plant6,trial1,8,6,2025-10-22,loo,17.330000000000002,GradBoost,12.01901397575949,5.310986024240512
trial1_day8_plant6,trial1,8,6,2025-10-22,loo,17.330000000000002,XGBoost,17.445985794067383,0.11598579406738097
trial1_day8_plant7,trial1,8,7,2025-10-22,loo,20.980000000000004,MeanBaseline,69.2652564102564,48.285256410256395
trial1_day8_plant7,trial1,8,7,2025-10-22,loo,20.980000000000004,Ridge,18.90175717466945,2.0782428253305554
trial1_day8_plant7,trial1,8,7,2025-10-22,loo,20.980000000000004,ElasticNet,18.1403729298765,2.8396270701235053
trial1_day8_plant7,trial1,8,7,2025-10-22,loo,20.980000000000004,SVR-RBF,22.48358053776034,1.5035805377603353
trial1_day8_plant7,trial1,8,7,2025-10-22,loo,20.980000000000004,RandomForest,18.59939988538395,2.3806001146160547
trial1_day8_plant7,trial1,8,7,2025-10-22,loo,20.980000000000004,GradBoost,20.73257963739907,0.24742036260093414
trial1_day8_plant7,trial1,8,7,2025-10-22,loo,20.980000000000004,XGBoost,19.614641189575195,1.3653588104248087
trial1_day8_plant8,trial1,8,8,2025-10-22,loo,18.380000000000003,MeanBaseline,69.29858974358973,50.91858974358973
trial1_day8_plant8,trial1,8,8,2025-10-22,loo,18.380000000000003,Ridge,22.995378885546053,4.6153788855460505
trial1_day8_plant8,trial1,8,8,2025-10-22,loo,18.380000000000003,ElasticNet,23.123557117347964,4.743557117347962
trial1_day8_plant8,trial1,8,8,2025-10-22,loo,18.380000000000003,SVR-RBF,28.870412897642442,10.49041289764244
trial1_day8_plant8,trial1,8,8,2025-10-22,loo,18.380000000000003,RandomForest,19.287381199293485,0.9073811992934822
trial1_day8_plant8,trial1,8,8,2025-10-22,loo,18.380000000000003,GradBoost,15.617606288853057,2.762393711146945
trial1_day8_plant8,trial1,8,8,2025-10-22,loo,18.380000000000003,XGBoost,20.88165283203125,2.5016528320312474
trial1_day8_plant9,trial1,8,9,2025-10-22,loo,21.58,MeanBaseline,69.25756410256407,47.67756410256408
trial1_day8_plant9,trial1,8,9,2025-10-22,loo,21.58,Ridge,17.01075537555655,4.569244624443449
trial1_day8_plant9,trial1,8,9,2025-10-22,loo,21.58,ElasticNet,16.151529012979985,5.428470987020013
trial1_day8_plant9,trial1,8,9,2025-10-22,loo,21.58,SVR-RBF,27.567287835599004,5.987287835599005
trial1_day8_plant9,trial1,8,9,2025-10-22,loo,21.58,RandomForest,18.4089021341957,3.171097865804299
trial1_day8_plant9,trial1,8,9,2025-10-22,loo,21.58,GradBoost,25.066956582239392,3.4869565822393938
trial1_day8_plant9,trial1,8,9,2025-10-22,loo,21.58,XGBoost,21.6610164642334,0.08101646423340014
trial1_day12_plant1,trial1,12,1,2025-10-26,loo,26.78,MeanBaseline,69.19089743589741,42.41089743589741
trial1_day12_plant1,trial1,12,1,2025-10-26,loo,26.78,Ridge,29.22240725916494,2.4424072591649377
trial1_day12_plant1,trial1,12,1,2025-10-26,loo,26.78,ElasticNet,29.435053516130147,2.6550535161301454
trial1_day12_plant1,trial1,12,1,2025-10-26,loo,26.78,SVR-RBF,32.02764389172435,5.247643891724351
trial1_day12_plant1,trial1,12,1,2025-10-26,loo,26.78,RandomForest,27.180926847467482,0.4009268474674812
trial1_day12_plant1,trial1,12,1,2025-10-26,loo,26.78,GradBoost,26.094275342853724,0.6857246571462774
trial1_day12_plant1,trial1,12,1,2025-10-26,loo,26.78,XGBoost,27.434375762939453,0.654375762939452
trial1_day12_plant2,trial1,12,2,2025-10-26,loo,27.78,MeanBaseline,69.1780769230769,41.3980769230769
trial1_day12_plant2,trial1,12,2,2025-10-26,loo,27.78,Ridge,28.82668899413961,1.0466889941396076
trial1_day12_plant2,trial1,12,2,2025-10-26,loo,27.78,ElasticNet,28.979238746072134,1.1992387460721332
trial1_day12_plant2,trial1,12,2,2025-10-26,loo,27.78,SVR-RBF,31.396634059577888,3.616634059577887
trial1_day12_plant2,trial1,12,2,2025-10-26,loo,27.78,RandomForest,26.993377080614113,0.7866229193858878
trial1_day12_plant2,trial1,12,2,2025-10-26,loo,27.78,GradBoost,29.788353511726008,2.008353511726007
trial1_day12_plant2,trial1,12,2,2025-10-26,loo,27.78,XGBoost,27.758464813232422,0.021535186767579262
trial1_day12_plant3,trial1,12,3,2025-10-26,loo,32.78,MeanBaseline,69.11397435897435,36.333974358974345
trial1_day12_plant3,trial1,12,3,2025-10-26,loo,32.78,Ridge,27.98290661029329,4.79709338970671
trial1_day12_plant3,trial1,12,3,2025-10-26,loo,32.78,ElasticNet,28.06561516551492,4.714384834485081
trial1_day12_plant3,trial1,12,3,2025-10-26,loo,32.78,SVR-RBF,31.101775153473014,1.6782248465269873
trial1_day12_plant3,trial1,12,3,2025-10-26,loo,32.78,RandomForest,26.168507228915097,6.6114927710849045
trial1_day12_plant3,trial1,12,3,2025-10-26,loo,32.78,GradBoost,32.8600835520044,0.0800835520043961
trial1_day12_plant3,trial1,12,3,2025-10-26,loo,32.78,XGBoost,30.181249618530273,2.5987503814697277
trial1_day12_plant4,trial1,12,4,2025-10-26,loo,29.78,MeanBaseline,69.15243589743588,39.37243589743588
trial1_day12_plant4,trial1,12,4,2025-10-26,loo,29.78,Ridge,28.13819961970978,1.6418003802902206
trial1_day12_plant4,trial1,12,4,2025-10-26,loo,29.78,ElasticNet,28.191417971769845,1.5885820282301566
trial1_day12_plant4,trial1,12,4,2025-10-26,loo,29.78,SVR-RBF,30.89582845254893,1.1158284525489286
trial1_day12_plant4,trial1,12,4,2025-10-26,loo,29.78,RandomForest,26.695946657516988,3.0840533424830134
trial1_day12_plant4,trial1,12,4,2025-10-26,loo,29.78,GradBoost,29.54487182780185,0.23512817219815219
trial1_day12_plant4,trial1,12,4,2025-10-26,loo,29.78,XGBoost,29.80729103088379,0.027291030883787926
trial1_day12_plant5,trial1,12,5,2025-10-26,loo,25.78,MeanBaseline,69.20371794871792,43.42371794871792
trial1_day12_plant5,trial1,12,5,2025-10-26,loo,25.78,Ridge,28.368710422323375,2.5887104223233735
trial1_day12_plant5,trial1,12,5,2025-10-26,loo,25.78,ElasticNet,28.389066954033282,2.609066954033281
trial1_day12_plant5,trial1,12,5,2025-10-26,loo,25.78,SVR-RBF,30.850599123355646,5.070599123355645
trial1_day12_plant5,trial1,12,5,2025-10-26,loo,25.78,RandomForest,27.36710107513725,1.587101075137248
trial1_day12_plant5,trial1,12,5,2025-10-26,loo,25.78,GradBoost,24.714770071311538,1.0652299286884634
trial1_day12_plant5,trial1,12,5,2025-10-26,loo,25.78,XGBoost,25.110660552978516,0.6693394470214855
trial1_day12_plant6,trial1,12,6,2025-10-26,loo,21.78,MeanBaseline,69.25499999999998,47.47499999999998
trial1_day12_plant6,trial1,12,6,2025-10-26,loo,21.78,Ridge,28.600599108768584,6.820599108768583
trial1_day12_plant6,trial1,12,6,2025-10-26,loo,21.78,ElasticNet,28.58736306617395,6.807363066173949
trial1_day12_plant6,trial1,12,6,2025-10-26,loo,21.78,SVR-RBF,30.97008238914297,9.190082389142969
trial1_day12_plant6,trial1,12,6,2025-10-26,loo,21.78,RandomForest,27.970373058091592,6.190373058091591
trial1_day12_plant6,trial1,12,6,2025-10-26,loo,21.78,GradBoost,24.32573817596823,2.5457381759682285
trial1_day12_plant6,trial1,12,6,2025-10-26,loo,21.78,XGBoost,25.62904167175293,3.8490416717529286
trial1_day12_plant7,trial1,12,7,2025-10-26,loo,26.78,MeanBaseline,69.19089743589741,42.41089743589741
trial1_day12_plant7,trial1,12,7,2025-10-26,loo,26.78,Ridge,23.70649703417528,3.073502965824723
trial1_day12_plant7,trial1,12,7,2025-10-26,loo,26.78,ElasticNet,22.199009708734877,4.580990291265124
trial1_day12_plant7,trial1,12,7,2025-10-26,loo,26.78,SVR-RBF,37.23756948503973,10.457569485039727
trial1_day12_plant7,trial1,12,7,2025-10-26,loo,26.78,RandomForest,26.91964968768012,0.13964968768011943
trial1_day12_plant7,trial1,12,7,2025-10-26,loo,26.78,GradBoost,24.81654069193063,1.9634593080693712
trial1_day12_plant7,trial1,12,7,2025-10-26,loo,26.78,XGBoost,26.498838424682617,0.28116157531738395
trial1_day12_plant8,trial1,12,8,2025-10-26,loo,26.78,MeanBaseline,69.19089743589741,42.41089743589741
trial1_day12_plant8,trial1,12,8,2025-10-26,loo,26.78,Ridge,27.610567376987703,0.8305673769877018
trial1_day12_plant8,trial1,12,8,2025-10-26,loo,26.78,ElasticNet,27.497469824111988,0.717469824111987
trial1_day12_plant8,trial1,12,8,2025-10-26,loo,26.78,SVR-RBF,30.98783053860705,4.207830538607048
trial1_day12_plant8,trial1,12,8,2025-10-26,loo,26.78,RandomForest,27.06882259602178,0.2888225960217774
trial1_day12_plant8,trial1,12,8,2025-10-26,loo,26.78,GradBoost,26.897398181980574,0.1173981819805725
trial1_day12_plant8,trial1,12,8,2025-10-26,loo,26.78,XGBoost,26.734941482543945,0.045058517456055824
trial1_day12_plant9,trial1,12,9,2025-10-26,loo,27.78,MeanBaseline,69.1780769230769,41.3980769230769
trial1_day12_plant9,trial1,12,9,2025-10-26,loo,27.78,Ridge,27.25318084888095,0.5268191511190494
trial1_day12_plant9,trial1,12,9,2025-10-26,loo,27.78,ElasticNet,27.08825441163537,0.6917455883646326
trial1_day12_plant9,trial1,12,9,2025-10-26,loo,27.78,SVR-RBF,31.254382269186554,3.4743822691865525
trial1_day12_plant9,trial1,12,9,2025-10-26,loo,27.78,RandomForest,26.9457999290517,0.8342000709483024
trial1_day12_plant9,trial1,12,9,2025-10-26,loo,27.78,GradBoost,27.234819827935212,0.5451801720647893
trial1_day12_plant9,trial1,12,9,2025-10-26,loo,27.78,XGBoost,27.6237735748291,0.15622642517089957
trial1_day12_plant10,trial1,12,10,2025-10-26,loo,29.78,MeanBaseline,69.15243589743588,39.37243589743588
trial1_day12_plant10,trial1,12,10,2025-10-26,loo,29.78,Ridge,26.69185317979892,3.088146820201082
trial1_day12_plant10,trial1,12,10,2025-10-26,loo,29.78,ElasticNet,26.457516760152572,3.322483239847429
trial1_day12_plant10,trial1,12,10,2025-10-26,loo,29.78,SVR-RBF,31.624306746796698,1.844306746796697
trial1_day12_plant10,trial1,12,10,2025-10-26,loo,29.78,RandomForest,26.65448187065061,3.125518129349391
trial1_day12_plant10,trial1,12,10,2025-10-26,loo,29.78,GradBoost,28.648189260125648,1.1318107398743535
trial1_day12_plant10,trial1,12,10,2025-10-26,loo,29.78,XGBoost,27.49268341064453,2.28731658935547
trial1_day16_plant1,trial1,16,1,2025-10-30,loo,40.78,MeanBaseline,69.01141025641024,28.231410256410243
trial1_day16_plant1,trial1,16,1,2025-10-30,loo,40.78,Ridge,45.943683286307596,5.163683286307595
trial1_day16_plant1,trial1,16,1,2025-10-30,loo,40.78,ElasticNet,45.47954636796918,4.699546367969177
trial1_day16_plant1,trial1,16,1,2025-10-30,loo,40.78,SVR-RBF,45.28654137835935,4.506541378359351
trial1_day16_plant1,trial1,16,1,2025-10-30,loo,40.78,RandomForest,45.03654372996288,4.256543729962878
trial1_day16_plant1,trial1,16,1,2025-10-30,loo,40.78,GradBoost,44.86776145337066,4.0877614533706605
trial1_day16_plant1,trial1,16,1,2025-10-30,loo,40.78,XGBoost,46.247501373291016,5.4675013732910145
trial1_day16_plant2,trial1,16,2,2025-10-30,loo,45.78,MeanBaseline,68.94730769230767,23.167307692307674
trial1_day16_plant2,trial1,16,2,2025-10-30,loo,45.78,Ridge,44.960105623627356,0.8198943763726447
trial1_day16_plant2,trial1,16,2,2025-10-30,loo,45.78,ElasticNet,44.39275967299063,1.3872403270093727
trial1_day16_plant2,trial1,16,2,2025-10-30,loo,45.78,SVR-RBF,45.008884726127874,0.7711152738721267
trial1_day16_plant2,trial1,16,2,2025-10-30,loo,45.78,RandomForest,43.84664530730713,1.9333546926928733
trial1_day16_plant2,trial1,16,2,2025-10-30,loo,45.78,GradBoost,44.13225075147099,1.64774924852901
trial1_day16_plant2,trial1,16,2,2025-10-30,loo,45.78,XGBoost,45.04966735839844,0.7303326416015636
trial1_day16_plant3,trial1,16,3,2025-10-30,loo,49.78,MeanBaseline,68.89602564102562,19.116025641025615
trial1_day16_plant3,trial1,16,3,2025-10-30,loo,49.78,Ridge,44.25375616884354,5.526243831156464
trial1_day16_plant3,trial1,16,3,2025-10-30,loo,49.78,ElasticNet,43.61832866439688,6.161671335603124
trial1_day16_plant3,trial1,16,3,2025-10-30,loo,49.78,SVR-RBF,44.42521636275788,5.354783637242122
trial1_day16_plant3,trial1,16,3,2025-10-30,loo,49.78,RandomForest,43.021117234073216,6.758882765926785
trial1_day16_plant3,trial1,16,3,2025-10-30,loo,49.78,GradBoost,50.249547968060156,0.4695479680601551
trial1_day16_plant3,trial1,16,3,2025-10-30,loo,49.78,XGBoost,47.768463134765625,2.011536865234376
trial1_day16_plant4,trial1,16,4,2025-10-30,loo,50.78,MeanBaseline,68.8832051282051,18.103205128205104
trial1_day16_plant4,trial1,16,4,2025-10-30,loo,50.78,Ridge,43.958031618769134,6.821968381230867
trial1_day16_plant4,trial1,16,4,2025-10-30,loo,50.78,ElasticNet,43.28478288121498,7.495217118785021
trial1_day16_plant4,trial1,16,4,2025-10-30,loo,50.78,SVR-RBF,44.30678964173765,6.4732103582623495
trial1_day16_plant4,trial1,16,4,2025-10-30,loo,50.78,RandomForest,42.66639266432104,8.113607335678964
trial1_day16_plant4,trial1,16,4,2025-10-30,loo,50.78,GradBoost,44.199633638427414,6.580366361572587
trial1_day16_plant4,trial1,16,4,2025-10-30,loo,50.78,XGBoost,44.738319396972656,6.041680603027345
trial1_day16_plant5,trial1,16,5,2025-10-30,loo,36.78,MeanBaseline,69.06269230769229,32.28269230769229
trial1_day16_plant5,trial1,16,5,2025-10-30,loo,36.78,Ridge,45.319440913535274,8.539440913535273
trial1_day16_plant5,trial1,16,5,2025-10-30,loo,36.78,ElasticNet,44.68634151798367,7.90634151798367
trial1_day16_plant5,trial1,16,5,2025-10-30,loo,36.78,SVR-RBF,45.10087261790048,8.320872617900477
trial1_day16_plant5,trial1,16,5,2025-10-30,loo,36.78,RandomForest,44.61062888194328,7.8306288819432766
trial1_day16_plant5,trial1,16,5,2025-10-30,loo,36.78,GradBoost,41.80877027933987,5.0287702793398665
trial1_day16_plant5,trial1,16,5,2025-10-30,loo,36.78,XGBoost,41.5750732421875,4.795073242187499
trial1_day16_plant6,trial1,16,6,2025-10-30,loo,35.78,MeanBaseline,69.0755128205128,33.2955128205128
trial1_day16_plant6,trial1,16,6,2025-10-30,loo,35.78,Ridge,45.21503299206778,9.435032992067782
trial1_day16_plant6,trial1,16,6,2025-10-30,loo,35.78,ElasticNet,44.54046690270124,8.76046690270124
trial1_day16_plant6,trial1,16,6,2025-10-30,loo,35.78,SVR-RBF,45.10773353275798,9.327733532757982
trial1_day16_plant6,trial1,16,6,2025-10-30,loo,35.78,RandomForest,43.113376638679995,7.333376638679994
trial1_day16_plant6,trial1,16,6,2025-10-30,loo,35.78,GradBoost,39.56703260942488,3.7870326094248767
trial1_day16_plant6,trial1,16,6,2025-10-30,loo,35.78,XGBoost,40.301761627197266,4.5217616271972645
trial1_day16_plant7,trial1,16,7,2025-10-30,loo,40.78,MeanBaseline,69.01141025641024,28.231410256410243
trial1_day16_plant7,trial1,16,7,2025-10-30,loo,40.78,Ridge,44.9057204974662,4.125720497466197
trial1_day16_plant7,trial1,16,7,2025-10-30,loo,40.78,ElasticNet,42.37288539679409,1.5928853967940881
trial1_day16_plant7,trial1,16,7,2025-10-30,loo,40.78,SVR-RBF,52.409777089788115,11.629777089788114
trial1_day16_plant7,trial1,16,7,2025-10-30,loo,40.78,RandomForest,42.2461749376033,1.4661749376032986
trial1_day16_plant7,trial1,16,7,2025-10-30,loo,40.78,GradBoost,39.28907820223163,1.4909217977683724
trial1_day16_plant7,trial1,16,7,2025-10-30,loo,40.78,XGBoost,41.56924819946289,0.7892481994628895
trial1_day16_plant8,trial1,16,8,2025-10-30,loo,42.78,MeanBaseline,68.98576923076921,26.205769230769207
trial1_day16_plant8,trial1,16,8,2025-10-30,loo,42.78,Ridge,44.008703679222236,1.2287036792222352
trial1_day16_plant8,trial1,16,8,2025-10-30,loo,42.78,ElasticNet,43.199914447040726,0.4199144470407248
trial1_day16_plant8,trial1,16,8,2025-10-30,loo,42.78,SVR-RBF,44.37104223396997,1.5910422339699721
trial1_day16_plant8,trial1,16,8,2025-10-30,loo,42.78,RandomForest,42.07227757108093,0.7077224289190696
trial1_day16_plant8,trial1,16,8,2025-10-30,loo,42.78,GradBoost,41.2476809418845,1.5323190581155046
trial1_day16_plant8,trial1,16,8,2025-10-30,loo,42.78,XGBoost,40.725242614746094,2.0547573852539074
trial1_day16_plant9,trial1,16,9,2025-10-30,loo,41.78,MeanBaseline,68.99858974358972,27.218589743589718
trial1_day16_plant9,trial1,16,9,2025-10-30,loo,41.78,Ridge,42.7540503429845,0.9740503429844978
trial1_day16_plant9,trial1,16,9,2025-10-30,loo,41.78,ElasticNet,40.71768318752702,1.0623168124729787
trial1_day16_plant9,trial1,16,9,2025-10-30,loo,41.78,SVR-RBF,48.46467350188541,6.684673501885406
trial1_day16_plant9,trial1,16,9,2025-10-30,loo,41.78,RandomForest,42.178255764048096,0.3982557640480948
trial1_day16_plant9,trial1,16,9,2025-10-30,loo,41.78,GradBoost,46.2364421774702,4.456442177470201
trial1_day16_plant9,trial1,16,9,2025-10-30,loo,41.78,XGBoost,43.590782165527344,1.8107821655273426
trial1_day16_plant10,trial1,16,10,2025-10-30,loo,44.78,MeanBaseline,68.96012820512819,24.180128205128185
trial1_day16_plant10,trial1,16,10,2025-10-30,loo,44.78,Ridge,43.268257120585574,1.5117428794144274
trial1_day16_plant10,trial1,16,10,2025-10-30,loo,44.78,ElasticNet,42.32217855674445,2.457821443255554
trial1_day16_plant10,trial1,16,10,2025-10-30,loo,44.78,SVR-RBF,44.57486690043832,0.20513309956167802
trial1_day16_plant10,trial1,16,10,2025-10-30,loo,44.78,RandomForest,41.75129092333327,3.028709076666729
trial1_day16_plant10,trial1,16,10,2025-10-30,loo,44.78,GradBoost,42.69811121966707,2.081888780332932
trial1_day16_plant10,trial1,16,10,2025-10-30,loo,44.78,XGBoost,41.3912467956543,3.3887532043457043
trial1_day20_plant1,trial1,20,1,2025-11-03,loo,78.78,MeanBaseline,68.52423076923075,10.255769230769246
trial1_day20_plant1,trial1,20,1,2025-11-03,loo,78.78,Ridge,80.3359879480087,1.555987948008692
trial1_day20_plant1,trial1,20,1,2025-11-03,loo,78.78,ElasticNet,78.77767565979008,0.002324340209924003
trial1_day20_plant1,trial1,20,1,2025-11-03,loo,78.78,SVR-RBF,78.57633383195142,0.20366616804858495
trial1_day20_plant1,trial1,20,1,2025-11-03,loo,78.78,RandomForest,77.13772745310216,1.6422725468978427
trial1_day20_plant1,trial1,20,1,2025-11-03,loo,78.78,GradBoost,76.48432684186326,2.2956731581367364
trial1_day20_plant1,trial1,20,1,2025-11-03,loo,78.78,XGBoost,76.2660140991211,2.5139859008789074
trial1_day20_plant2,trial1,20,2,2025-11-03,loo,89.78,MeanBaseline,68.3832051282051,21.396794871794896
trial1_day20_plant2,trial1,20,2,2025-11-03,loo,89.78,Ridge,80.10863386546167,9.671366134538331
trial1_day20_plant2,trial1,20,2,2025-11-03,loo,89.78,ElasticNet,79.00636674810266,10.773633251897337
trial1_day20_plant2,trial1,20,2,2025-11-03,loo,89.78,SVR-RBF,83.3153036008531,6.464696399146902
trial1_day20_plant2,trial1,20,2,2025-11-03,loo,89.78,RandomForest,78.04541278860006,11.73458721139994
trial1_day20_plant2,trial1,20,2,2025-11-03,loo,89.78,GradBoost,84.72940574659115,5.050594253408846
trial1_day20_plant2,trial1,20,2,2025-11-03,loo,89.78,XGBoost,84.6867904663086,5.093209533691407
trial1_day20_plant3,trial1,20,3,2025-11-03,loo,93.78,MeanBaseline,68.33192307692306,25.44807692307694
trial1_day20_plant3,trial1,20,3,2025-11-03,loo,93.78,Ridge,75.28362063512365,18.496379364876347
trial1_day20_plant3,trial1,20,3,2025-11-03,loo,93.78,ElasticNet,72.22603006449121,21.55396993550879
trial1_day20_plant3,trial1,20,3,2025-11-03,loo,93.78,SVR-RBF,79.1530230962195,14.626976903780502
trial1_day20_plant3,trial1,20,3,2025-11-03,loo,93.78,RandomForest,85.43996221139932,8.340037788600682
trial1_day20_plant3,trial1,20,3,2025-11-03,loo,93.78,GradBoost,88.49344592141325,5.286554078586747
trial1_day20_plant3,trial1,20,3,2025-11-03,loo,93.78,XGBoost,92.79740142822266,0.9825985717773449
trial1_day20_plant4,trial1,20,4,2025-11-03,loo,91.78,MeanBaseline,68.35756410256408,23.422435897435918
trial1_day20_plant4,trial1,20,4,2025-11-03,loo,91.78,Ridge,84.56563476899885,7.214365231001153
trial1_day20_plant4,trial1,20,4,2025-11-03,loo,91.78,ElasticNet,81.12130803850877,10.658691961491229
trial1_day20_plant4,trial1,20,4,2025-11-03,loo,91.78,SVR-RBF,69.38352430055276,22.396475699447237
trial1_day20_plant4,trial1,20,4,2025-11-03,loo,91.78,RandomForest,81.58722709235172,10.192772907648276
trial1_day20_plant4,trial1,20,4,2025-11-03,loo,91.78,GradBoost,84.45679575555835,7.323204244441655
trial1_day20_plant4,trial1,20,4,2025-11-03,loo,91.78,XGBoost,76.26948547363281,15.510514526367189
trial1_day20_plant5,trial1,20,5,2025-11-03,loo,65.78,MeanBaseline,68.69089743589741,2.910897435897411
trial1_day20_plant5,trial1,20,5,2025-11-03,loo,65.78,Ridge,85.91097575434674,20.130975754346736
trial1_day20_plant5,trial1,20,5,2025-11-03,loo,65.78,ElasticNet,85.59705871832264,19.81705871832264
trial1_day20_plant5,trial1,20,5,2025-11-03,loo,65.78,SVR-RBF,82.11926821833941,16.339268218339413
trial1_day20_plant5,trial1,20,5,2025-11-03,loo,65.78,RandomForest,83.45005456349179,17.67005456349179
trial1_day20_plant5,trial1,20,5,2025-11-03,loo,65.78,GradBoost,81.81421540572528,16.034215405725277
trial1_day20_plant5,trial1,20,5,2025-11-03,loo,65.78,XGBoost,82.72469329833984,16.944693298339843
trial1_day20_plant6,trial1,20,6,2025-11-03,loo,69.78,MeanBaseline,68.63961538461537,1.140384615384633
trial1_day20_plant6,trial1,20,6,2025-11-03,loo,69.78,Ridge,82.12582302800166,12.34582302800166
trial1_day20_plant6,trial1,20,6,2025-11-03,loo,69.78,ElasticNet,81.49045631612277,11.710456316122773
trial1_day20_plant6,trial1,20,6,2025-11-03,loo,69.78,SVR-RBF,85.97073730271757,16.190737302717565
trial1_day20_plant6,trial1,20,6,2025-11-03,loo,69.78,RandomForest,80.80585948773428,11.02585948773428
trial1_day20_plant6,trial1,20,6,2025-11-03,loo,69.78,GradBoost,73.8671458381,4.0871458381
trial1_day20_plant6,trial1,20,6,2025-11-03,loo,69.78,XGBoost,77.93741607666016,8.157416076660155
trial1_day20_plant7,trial1,20,7,2025-11-03,loo,76.78,MeanBaseline,68.54987179487178,8.230128205128224
trial1_day20_plant7,trial1,20,7,2025-11-03,loo,76.78,Ridge,80.7634804958428,3.983480495842798
trial1_day20_plant7,trial1,20,7,2025-11-03,loo,76.78,ElasticNet,80.93789574587986,4.1578957458798556
trial1_day20_plant7,trial1,20,7,2025-11-03,loo,76.78,SVR-RBF,78.30307600118256,1.5230760011825595
trial1_day20_plant7,trial1,20,7,2025-11-03,loo,76.78,RandomForest,78.15062599206331,1.3706259920633102
trial1_day20_plant7,trial1,20,7,2025-11-03,loo,76.78,GradBoost,82.21915964577322,5.439159645773216
trial1_day20_plant7,trial1,20,7,2025-11-03,loo,76.78,XGBoost,81.09588623046875,4.315886230468749
trial1_day20_plant8,trial1,20,8,2025-11-03,loo,78.78,MeanBaseline,68.52423076923075,10.255769230769246
trial1_day20_plant8,trial1,20,8,2025-11-03,loo,78.78,Ridge,83.91677326644682,5.1367732664468235
trial1_day20_plant8,trial1,20,8,2025-11-03,loo,78.78,ElasticNet,86.06790405736159,7.287904057361587
trial1_day20_plant8,trial1,20,8,2025-11-03,loo,78.78,SVR-RBF,78.20849743049594,0.5715025695040623
trial1_day20_plant8,trial1,20,8,2025-11-03,loo,78.78,RandomForest,77.76622600316337,1.0137739968366333
trial1_day20_plant8,trial1,20,8,2025-11-03,loo,78.78,GradBoost,82.79971678062695,4.0197167806269505
trial1_day20_plant8,trial1,20,8,2025-11-03,loo,78.78,XGBoost,78.78873443603516,0.008734436035155113
trial1_day20_plant9,trial1,20,9,2025-11-03,loo,83.78,MeanBaseline,68.46012820512819,15.319871794871815
trial1_day20_plant9,trial1,20,9,2025-11-03,loo,83.78,Ridge,78.62268819746512,5.157311802534878
trial1_day20_plant9,trial1,20,9,2025-11-03,loo,83.78,ElasticNet,78.59384076775814,5.186159232241863
trial1_day20_plant9,trial1,20,9,2025-11-03,loo,83.78,SVR-RBF,75.05168647707208,8.72831352292792
trial1_day20_plant9,trial1,20,9,2025-11-03,loo,83.78,RandomForest,76.35389060245294,7.426109397547066
trial1_day20_plant9,trial1,20,9,2025-11-03,loo,83.78,GradBoost,76.87762447798119,6.902375522018815
trial1_day20_plant9,trial1,20,9,2025-11-03,loo,83.78,XGBoost,74.97811126708984,8.801888732910157
trial1_day20_plant10,trial1,20,10,2025-11-03,loo,82.78,MeanBaseline,68.4729487179487,14.307051282051304
trial1_day20_plant10,trial1,20,10,2025-11-03,loo,82.78,Ridge,80.62296173494724,2.157038265052762
trial1_day20_plant10,trial1,20,10,2025-11-03,loo,82.78,ElasticNet,80.33598060510485,2.4440193948951503
trial1_day20_plant10,trial1,20,10,2025-11-03,loo,82.78,SVR-RBF,78.70896205270641,4.07103794729359
trial1_day20_plant10,trial1,20,10,2025-11-03,loo,82.78,RandomForest,77.91054581529565,4.869454184704352
trial1_day20_plant10,trial1,20,10,2025-11-03,loo,82.78,GradBoost,82.94502118248006,0.1650211824800607
trial1_day20_plant10,trial1,20,10,2025-11-03,loo,82.78,XGBoost,78.67005920410156,4.109940795898439
trial1_day24_plant1,trial1,24,1,2025-11-07,loo,135.78,MeanBaseline,67.79346153846151,67.98653846153849
trial1_day24_plant1,trial1,24,1,2025-11-07,loo,135.78,Ridge,137.05299378737607,1.2729937873760662
trial1_day24_plant1,trial1,24,1,2025-11-07,loo,135.78,ElasticNet,136.17319183769115,0.3931918376911483
trial1_day24_plant1,trial1,24,1,2025-11-07,loo,135.78,SVR-RBF,120.53638872546932,15.243611274530679
trial1_day24_plant1,trial1,24,1,2025-11-07,loo,135.78,RandomForest,146.06927777777716,10.289277777777158
trial1_day24_plant1,trial1,24,1,2025-11-07,loo,135.78,GradBoost,141.14459499984167,5.364594999841671
trial1_day24_plant1,trial1,24,1,2025-11-07,loo,135.78,XGBoost,135.43222045898438,0.34777954101562614
trial1_day24_plant2,trial1,24,2,2025-11-07,loo,153.78,MeanBaseline,67.56269230769229,86.21730769230771
trial1_day24_plant2,trial1,24,2,2025-11-07,loo,153.78,Ridge,138.23159943353437,15.54840056646563
trial1_day24_plant2,trial1,24,2,2025-11-07,loo,153.78,ElasticNet,139.0409706707389,14.739029329261115
trial1_day24_plant2,trial1,24,2,2025-11-07,loo,153.78,SVR-RBF,123.37330446564278,30.406695534357226
trial1_day24_plant2,trial1,24,2,2025-11-07,loo,153.78,RandomForest,144.69735218253908,9.082647817460924
trial1_day24_plant2,trial1,24,2,2025-11-07,loo,153.78,GradBoost,148.03980045818776,5.740199541812245
trial1_day24_plant2,trial1,24,2,2025-11-07,loo,153.78,XGBoost,145.41688537597656,8.363114624023439
trial1_day24_plant3,trial1,24,3,2025-11-07,loo,157.78,MeanBaseline,67.51141025641024,90.26858974358976
trial1_day24_plant3,trial1,24,3,2025-11-07,loo,157.78,Ridge,137.99279687612716,19.787203123872843
trial1_day24_plant3,trial1,24,3,2025-11-07,loo,157.78,ElasticNet,140.97942226558285,16.800577734417146
trial1_day24_plant3,trial1,24,3,2025-11-07,loo,157.78,SVR-RBF,117.24115855723224,40.53884144276776
trial1_day24_plant3,trial1,24,3,2025-11-07,loo,157.78,RandomForest,137.93133892496337,19.84866107503663
trial1_day24_plant3,trial1,24,3,2025-11-07,loo,157.78,GradBoost,144.2793886215696,13.500611378430392
trial1_day24_plant3,trial1,24,3,2025-11-07,loo,157.78,XGBoost,143.3159637451172,14.464036254882814
trial1_day24_plant4,trial1,24,4,2025-11-07,loo,140.78,MeanBaseline,67.72935897435896,73.05064102564104
trial1_day24_plant4,trial1,24,4,2025-11-07,loo,140.78,Ridge,140.3455302142912,0.43446978570881356
trial1_day24_plant4,trial1,24,4,2025-11-07,loo,140.78,ElasticNet,140.41335796444685,0.36664203555315567
trial1_day24_plant4,trial1,24,4,2025-11-07,loo,140.78,SVR-RBF,125.54076631311716,15.23923368688284
trial1_day24_plant4,trial1,24,4,2025-11-07,loo,140.78,RandomForest,138.0891249999993,2.6908750000006876
trial1_day24_plant4,trial1,24,4,2025-11-07,loo,140.78,GradBoost,147.39484910591284,6.614849105912839
trial1_day24_plant4,trial1,24,4,2025-11-07,loo,140.78,XGBoost,137.54270935058594,3.2372906494140636
trial1_day24_plant5,trial1,24,5,2025-11-07,loo,123.78,MeanBaseline,67.94730769230767,55.83269230769233
trial1_day24_plant5,trial1,24,5,2025-11-07,loo,123.78,Ridge,151.15486864428442,27.37486864428442
trial1_day24_plant5,trial1,24,5,2025-11-07,loo,123.78,ElasticNet,153.75604712543702,29.97604712543702
trial1_day24_plant5,trial1,24,5,2025-11-07,loo,123.78,SVR-RBF,120.89690225909771,2.8830977409022864
trial1_day24_plant5,trial1,24,5,2025-11-07,loo,123.78,RandomForest,146.09657341269786,22.316573412697863
trial1_day24_plant5,trial1,24,5,2025-11-07,loo,123.78,GradBoost,148.11956741180106,24.339567411801056
trial1_day24_plant5,trial1,24,5,2025-11-07,loo,123.78,XGBoost,144.6794891357422,20.899489135742186
trial1_day24_plant6,trial1,24,6,2025-11-07,loo,125.78,MeanBaseline,67.92166666666665,57.85833333333335
trial1_day24_plant6,trial1,24,6,2025-11-07,loo,125.78,Ridge,139.56393039013457,13.783930390134572
trial1_day24_plant6,trial1,24,6,2025-11-07,loo,125.78,ElasticNet,138.73159796385363,12.95159796385363
trial1_day24_plant6,trial1,24,6,2025-11-07,loo,125.78,SVR-RBF,121.93186605674222,3.8481339432577784
trial1_day24_plant6,trial1,24,6,2025-11-07,loo,125.78,RandomForest,140.16357738095184,14.383577380951834
trial1_day24_plant6,trial1,24,6,2025-11-07,loo,125.78,GradBoost,134.99117241658985,9.211172416589847
trial1_day24_plant6,trial1,24,6,2025-11-07,loo,125.78,XGBoost,137.73695373535156,11.956953735351561
trial1_day24_plant7,trial1,24,7,2025-11-07,loo,135.78,MeanBaseline,67.79346153846151,67.98653846153849
trial1_day24_plant7,trial1,24,7,2025-11-07,loo,135.78,Ridge,143.24956984070377,7.46956984070377
trial1_day24_plant7,trial1,24,7,2025-11-07,loo,135.78,ElasticNet,143.82683184523552,8.046831845235516
trial1_day24_plant7,trial1,24,7,2025-11-07,loo,135.78,SVR-RBF,124.60761834684122,11.17238165315878
trial1_day24_plant7,trial1,24,7,2025-11-07,loo,135.78,RandomForest,140.68694642857088,4.906946428570876
trial1_day24_plant7,trial1,24,7,2025-11-07,loo,135.78,GradBoost,153.6945538409724,17.91455384097239
trial1_day24_plant7,trial1,24,7,2025-11-07,loo,135.78,XGBoost,137.06690979003906,1.2869097900390614
trial1_day24_plant8,trial1,24,8,2025-11-07,loo,137.78,MeanBaseline,67.76782051282049,70.01217948717951
trial1_day24_plant8,trial1,24,8,2025-11-07,loo,137.78,Ridge,138.50561585590265,0.725615855902646
trial1_day24_plant8,trial1,24,8,2025-11-07,loo,137.78,ElasticNet,138.06564087476465,0.2856408747646526
trial1_day24_plant8,trial1,24,8,2025-11-07,loo,137.78,SVR-RBF,124.03666302472979,13.74333697527021
trial1_day24_plant8,trial1,24,8,2025-11-07,loo,137.78,RandomForest,140.68772619047564,2.9077261904756426
trial1_day24_plant8,trial1,24,8,2025-11-07,loo,137.78,GradBoost,138.47065006790825,0.6906500679082512
trial1_day24_plant8,trial1,24,8,2025-11-07,loo,137.78,XGBoost,140.9070587158203,3.1270587158203114
trial1_day24_plant9,trial1,24,9,2025-11-07,loo,152.78,MeanBaseline,67.5755128205128,85.2044871794872
trial1_day24_plant9,trial1,24,9,2025-11-07,loo,152.78,Ridge,134.8972209077179,17.882779092282107
trial1_day24_plant9,trial1,24,9,2025-11-07,loo,152.78,ElasticNet,133.58441550934842,19.195584490651584
trial1_day24_plant9,trial1,24,9,2025-11-07,loo,152.78,SVR-RBF,123.3991943921443,29.380805607855706
trial1_day24_plant9,trial1,24,9,2025-11-07,loo,152.78,RandomForest,137.51628400072093,15.263715999279071
trial1_day24_plant9,trial1,24,9,2025-11-07,loo,152.78,GradBoost,134.62361367501822,18.15638632498178
trial1_day24_plant9,trial1,24,9,2025-11-07,loo,152.78,XGBoost,138.90023803710938,13.879761962890626
trial1_day24_plant10,trial1,24,10,2025-11-07,loo,141.78,MeanBaseline,67.71653846153845,74.06346153846155
trial1_day24_plant10,trial1,24,10,2025-11-07,loo,141.78,Ridge,140.63959647205238,1.1404035279476261
trial1_day24_plant10,trial1,24,10,2025-11-07,loo,141.78,ElasticNet,143.827841041449,2.0478410414490043
trial1_day24_plant10,trial1,24,10,2025-11-07,loo,141.78,SVR-RBF,115.38252246545298,26.397477534547022
trial1_day24_plant10,trial1,24,10,2025-11-07,loo,141.78,RandomForest,147.54752480158672,5.767524801586717
trial1_day24_plant10,trial1,24,10,2025-11-07,loo,141.78,GradBoost,152.1541157511956,10.374115751195603
trial1_day24_plant10,trial1,24,10,2025-11-07,loo,141.78,XGBoost,152.02285766601562,10.242857666015624
trial1_day28_plant1,trial1,28,1,2025-11-11,loo,213.78,MeanBaseline,66.79346153846151,146.9865384615385
trial1_day28_plant1,trial1,28,1,2025-11-11,loo,213.78,Ridge,214.69835892149263,0.9183589214926258
trial1_day28_plant1,trial1,28,1,2025-11-11,loo,213.78,ElasticNet,217.15306662061698,3.3730666206169815
trial1_day28_plant1,trial1,28,1,2025-11-11,loo,213.78,SVR-RBF,131.66683785083302,82.11316214916698
trial1_day28_plant1,trial1,28,1,2025-11-11,loo,213.78,RandomForest,217.98472904872847,4.204729048728467
trial1_day28_plant1,trial1,28,1,2025-11-11,loo,213.78,GradBoost,221.52967029060449,7.7496702906044845
trial1_day28_plant1,trial1,28,1,2025-11-11,loo,213.78,XGBoost,219.25445556640625,5.474455566406249
trial1_day28_plant2,trial1,28,2,2025-11-11,loo,217.78,MeanBaseline,66.74217948717947,151.03782051282053
trial1_day28_plant2,trial1,28,2,2025-11-11,loo,217.78,Ridge,211.88061846044423,5.899381539555776
trial1_day28_plant2,trial1,28,2,2025-11-11,loo,217.78,ElasticNet,213.99140767026728,3.7885923297327224
trial1_day28_plant2,trial1,28,2,2025-11-11,loo,217.78,SVR-RBF,130.60986677931328,87.17013322068672
trial1_day28_plant2,trial1,28,2,2025-11-11,loo,217.78,RandomForest,207.29488789682466,10.48511210317534
trial1_day28_plant2,trial1,28,2,2025-11-11,loo,217.78,GradBoost,202.52614825926614,15.253851740733865
trial1_day28_plant2,trial1,28,2,2025-11-11,loo,217.78,XGBoost,203.04795837402344,14.732041625976564
trial1_day28_plant3,trial1,28,3,2025-11-11,loo,232.78,MeanBaseline,66.54987179487178,166.2301282051282
trial1_day28_plant3,trial1,28,3,2025-11-11,loo,232.78,Ridge,208.9492727568414,23.830727243158606
trial1_day28_plant3,trial1,28,3,2025-11-11,loo,232.78,ElasticNet,210.21692106640765,22.56307893359235
trial1_day28_plant3,trial1,28,3,2025-11-11,loo,232.78,SVR-RBF,125.87032958607307,106.90967041392693
trial1_day28_plant3,trial1,28,3,2025-11-11,loo,232.78,RandomForest,208.6868382936499,24.093161706350088
trial1_day28_plant3,trial1,28,3,2025-11-11,loo,232.78,GradBoost,210.24822260733163,22.531777392668374
trial1_day28_plant3,trial1,28,3,2025-11-11,loo,232.78,XGBoost,195.4002227783203,37.37977722167969
trial1_day28_plant4,trial1,28,4,2025-11-11,loo,220.78,MeanBaseline,66.70371794871792,154.07628205128208
trial1_day28_plant4,trial1,28,4,2025-11-11,loo,220.78,Ridge,215.21575480966186,5.564245190338141
trial1_day28_plant4,trial1,28,4,2025-11-11,loo,220.78,ElasticNet,216.9762554523184,3.803744547681589
trial1_day28_plant4,trial1,28,4,2025-11-11,loo,220.78,SVR-RBF,124.62224821571444,96.15775178428557
trial1_day28_plant4,trial1,28,4,2025-11-11,loo,220.78,RandomForest,220.17183655233592,0.6081634476640829
trial1_day28_plant4,trial1,28,4,2025-11-11,loo,220.78,GradBoost,214.44790178519435,6.332098214805654
trial1_day28_plant4,trial1,28,4,2025-11-11,loo,220.78,XGBoost,220.1553497314453,0.6246502685546886
trial1_day28_plant5,trial1,28,5,2025-11-11,loo,185.78,MeanBaseline,67.15243589743588,118.62756410256412
trial1_day28_plant5,trial1,28,5,2025-11-11,loo,185.78,Ridge,217.54665662570335,31.766656625703348
trial1_day28_plant5,trial1,28,5,2025-11-11,loo,185.78,ElasticNet,217.83376961721154,32.05376961721154
trial1_day28_plant5,trial1,28,5,2025-11-11,loo,185.78,SVR-RBF,119.26224136289719,66.51775863710282
trial1_day28_plant5,trial1,28,5,2025-11-11,loo,185.78,RandomForest,223.69446825396747,37.91446825396747
trial1_day28_plant5,trial1,28,5,2025-11-11,loo,185.78,GradBoost,216.21196059099418,30.43196059099418
trial1_day28_plant5,trial1,28,5,2025-11-11,loo,185.78,XGBoost,223.72390747070312,37.943907470703124
trial1_day28_plant6,trial1,28,6,2025-11-11,loo,195.78,MeanBaseline,67.02423076923075,128.75576923076926
trial1_day28_plant6,trial1,28,6,2025-11-11,loo,195.78,Ridge,217.384459779136,21.604459779135993
trial1_day28_plant6,trial1,28,6,2025-11-11,loo,195.78,ElasticNet,220.33493805992703,24.554938059927025
trial1_day28_plant6,trial1,28,6,2025-11-11,loo,195.78,SVR-RBF,129.15280247782147,66.62719752217853
trial1_day28_plant6,trial1,28,6,2025-11-11,loo,195.78,RandomForest,216.49399398518094,20.713993985180934
trial1_day28_plant6,trial1,28,6,2025-11-11,loo,195.78,GradBoost,210.13130800034108,14.351308000341078
trial1_day28_plant6,trial1,28,6,2025-11-11,loo,195.78,XGBoost,210.58741760253906,14.807417602539061
trial1_day28_plant7,trial1,28,7,2025-11-11,loo,218.78,MeanBaseline,66.72935897435896,152.05064102564103
trial1_day28_plant7,trial1,28,7,2025-11-11,loo,218.78,Ridge,207.75521396441133,11.024786035588676
trial1_day28_plant7,trial1,28,7,2025-11-11,loo,218.78,ElasticNet,207.32422317327632,11.455776826723678
trial1_day28_plant7,trial1,28,7,2025-11-11,loo,218.78,SVR-RBF,116.05167419144504,102.72832580855496
trial1_day28_plant7,trial1,28,7,2025-11-11,loo,218.78,RandomForest,215.58567559523752,3.194324404762483
trial1_day28_plant7,trial1,28,7,2025-11-11,loo,218.78,GradBoost,211.84137612528303,6.938623874716967
trial1_day28_plant7,trial1,28,7,2025-11-11,loo,218.78,XGBoost,190.09756469726562,28.682435302734376
trial1_day28_plant8,trial1,28,8,2025-11-11,loo,214.78,MeanBaseline,66.780641025641,147.99935897435898
trial1_day28_plant8,trial1,28,8,2025-11-11,loo,214.78,Ridge,200.36718338619517,14.412816613804836
trial1_day28_plant8,trial1,28,8,2025-11-11,loo,214.78,ElasticNet,197.9872939155606,16.792706084439402
trial1_day28_plant8,trial1,28,8,2025-11-11,loo,214.78,SVR-RBF,117.0647437659608,97.7152562340392
trial1_day28_plant8,trial1,28,8,2025-11-11,loo,214.78,RandomForest,204.17847222222156,10.601527777778443
trial1_day28_plant8,trial1,28,8,2025-11-11,loo,214.78,GradBoost,197.3068442217053,17.47315577829471
trial1_day28_plant8,trial1,28,8,2025-11-11,loo,214.78,XGBoost,180.19778442382812,34.582215576171876
trial1_day28_plant9,trial1,28,9,2025-11-11,loo,222.78,MeanBaseline,66.6780769230769,156.1019230769231
trial1_day28_plant9,trial1,28,9,2025-11-11,loo,222.78,Ridge,213.4146807382778,9.365319261722192
trial1_day28_plant9,trial1,28,9,2025-11-11,loo,222.78,ElasticNet,215.61922083353318,7.160779166466824
trial1_day28_plant9,trial1,28,9,2025-11-11,loo,222.78,SVR-RBF,124.49440302291339,98.28559697708661
trial1_day28_plant9,trial1,28,9,2025-11-11,loo,222.78,RandomForest,216.2581837051831,6.521816294816915
trial1_day28_plant9,trial1,28,9,2025-11-11,loo,222.78,GradBoost,218.9585592090685,3.82144079093149
trial1_day28_plant9,trial1,28,9,2025-11-11,loo,222.78,XGBoost,214.17550659179688,8.604493408203126
trial1_day28_plant10,trial1,28,10,2025-11-11,loo,220.78,MeanBaseline,66.70371794871792,154.07628205128208
trial1_day28_plant10,trial1,28,10,2025-11-11,loo,220.78,Ridge,210.7984720183934,9.981527981606604
trial1_day28_plant10,trial1,28,10,2025-11-11,loo,220.78,ElasticNet,213.7969071263617,6.983092873638299
trial1_day28_plant10,trial1,28,10,2025-11-11,loo,220.78,SVR-RBF,121.00358311215962,99.77641688784038
trial1_day28_plant10,trial1,28,10,2025-11-11,loo,220.78,RandomForest,215.32072835497777,5.459271645022227
trial1_day28_plant10,trial1,28,10,2025-11-11,loo,220.78,GradBoost,210.56533794747074,10.214662052529263
trial1_day28_plant10,trial1,28,10,2025-11-11,loo,220.78,XGBoost,212.9105987548828,7.869401245117189
