seed,route,model,split,n_rows,n_features,mae_g,rmse_g,r2,mae_vs_persist,canopy_mae_px,consistency_mae_g
42,persist,Persist,lodo_target_day,68,0,30.585294117647063,40.103171174301096,0.6758788805992126,0.0,10135.649115896358,
42,grow_mean,GrowMean,lodo_target_day,68,0,27.349515247361364,30.207039609224868,0.8161065637003895,3.2357788702856993,,
42,direct_fw,ElasticNet,lodo_target_day,68,12,21.355901773218505,30.082081833660624,0.8176248446361893,9.229392344428557,,4.457374710674367
42,phenotype_bridge,ElasticNet←RandomForest,lodo_target_day,68,14,19.05186755888762,27.7010951666716,0.8453521891065752,11.533426558759444,8420.400720825855,4.457374710674367
42,canopy_only,RandomForest,lodo_target_day,68,19,,,,,8420.400720825855,
43,persist,Persist,lodo_target_day,68,0,30.585294117647063,40.103171174301096,0.6758788805992126,0.0,10135.649115896358,
43,grow_mean,GrowMean,lodo_target_day,68,0,27.349515247361364,30.207039609224868,0.8161065637003895,3.2357788702856993,,
43,direct_fw,ElasticNet,lodo_target_day,68,12,20.918353050075236,29.76541886050218,0.8214442275564544,9.666941067571827,,4.888268290373195
43,phenotype_bridge,ElasticNet←RandomForest,lodo_target_day,68,14,18.317023879573444,27.43606267337794,0.848297244013643,12.268270238073619,7877.708587562989,4.888268290373195
43,canopy_only,RandomForest,lodo_target_day,68,19,,,,,7877.708587562989,
44,persist,Persist,lodo_target_day,68,0,30.585294117647063,40.103171174301096,0.6758788805992126,0.0,10135.649115896358,
44,grow_mean,GrowMean,lodo_target_day,68,0,27.349515247361364,30.207039609224868,0.8161065637003895,3.2357788702856993,,
44,direct_fw,ElasticNet,lodo_target_day,68,12,22.21052064425907,31.116623090615516,0.8048651598802659,8.374773473387993,,6.112696094059127
44,phenotype_bridge,ElasticNet←RandomForest,lodo_target_day,68,14,19.521807599175517,28.306219316086352,0.8385218992789552,11.063486518471546,7797.669217326959,6.112696094059127
44,canopy_only,RandomForest,lodo_target_day,68,19,,,,,7797.669217326959,
45,persist,Persist,lodo_target_day,68,0,30.585294117647063,40.103171174301096,0.6758788805992126,0.0,10135.649115896358,
45,grow_mean,GrowMean,lodo_target_day,68,0,27.349515247361364,30.207039609224868,0.8161065637003895,3.2357788702856993,,
45,direct_fw,ElasticNet,lodo_target_day,68,12,19.61230154585658,28.595757226019558,0.8352015582993362,10.972992571790481,,3.3889421216952083
45,phenotype_bridge,ElasticNet←RandomForest,lodo_target_day,68,14,18.50943222750181,27.420093135586953,0.8484737939700313,12.075861890145251,8316.939032055838,3.3889421216952083
45,canopy_only,RandomForest,lodo_target_day,68,19,,,,,8316.939032055838,
46,persist,Persist,lodo_target_day,68,0,30.585294117647063,40.103171174301096,0.6758788805992126,0.0,10135.649115896358,
46,grow_mean,GrowMean,lodo_target_day,68,0,27.349515247361364,30.207039609224868,0.8161065637003895,3.2357788702856993,,
46,direct_fw,ElasticNet,lodo_target_day,68,12,19.98728218549896,28.834744007870817,0.8324354677936167,10.598011932148104,,7.803780596317942
46,phenotype_bridge,ElasticNet←RandomForest,lodo_target_day,68,14,21.269125478483456,28.6324979987876,0.8347778092956775,9.316168639163607,8072.259603409904,7.803780596317942
46,canopy_only,RandomForest,lodo_target_day,68,19,,,,,8072.259603409904,
