plant_id,day_t,target_fw_g,actual_days,pred_days,abs_err_days,pred_4d_fw
1,0,12.880000000000004,4.0,11.4,7.4,11.95
1,4,19.08,4.0,2.9,1.1,20.63
1,8,26.78,4.0,3.2,0.7999999999999998,27.13
1,12,40.78,4.0,2.9,1.1,42.18
1,16,78.78,4.0,4.6,0.5999999999999996,78.49
1,20,135.78,4.0,4.0,0.0,137.28
1,24,213.78,4.0,4.1,0.09999999999999964,207.71
2,0,11.079999999999998,4.0,10.2,6.199999999999999,12.4
2,4,18.18,4.0,3.9,0.10000000000000009,18.01
2,8,27.78,4.0,3.7,0.2999999999999998,26.35
2,12,45.78,4.0,3.3,0.7000000000000002,43.81
2,16,89.78,4.0,4.9,0.9000000000000004,85.2
2,20,153.78,4.0,4.1,0.09999999999999964,151.31
2,24,217.78,4.0,3.1,0.8999999999999999,229.92
3,0,16.880000000000003,4.0,11.3,7.300000000000001,14.33
3,4,23.980000000000004,4.0,2.8,1.2000000000000002,25.65
3,8,32.78,4.0,3.2,0.7999999999999998,32.91
3,12,49.78,4.0,3.1,0.8999999999999999,49.26
3,16,93.78,4.0,4.8,0.7999999999999998,89.47
3,20,157.78,4.0,4.1,0.09999999999999964,155.84
3,24,232.78,4.0,3.6,0.3999999999999999,234.45
4,0,13.980000000000004,4.0,12.2,8.2,11.5
4,4,20.78,4.0,2.8,1.2000000000000002,22.27
4,8,29.78,4.0,3.5,0.5,29.21
4,12,50.78,4.0,3.7,0.2999999999999998,45.92
4,16,91.78,4.0,4.4,0.40000000000000036,91.65
4,20,140.78,4.0,3.3,0.7000000000000002,152.78
4,24,220.78,4.0,4.3,0.2999999999999998,211.26
5,0,13.28,4.0,11.2,7.199999999999999,12.52
5,4,19.880000000000003,4.0,3.1,0.8999999999999999,21.05
5,8,25.78,4.0,2.5,1.5,28.14
5,12,36.78,4.0,2.5,1.5,40.58
5,16,65.78,4.0,4.0,0.0,73.18
5,20,123.78,4.0,4.6,0.5999999999999996,120.2
5,24,185.78,4.0,3.4,0.6000000000000001,194.39
6,0,7.880000000000003,4.0,9.3,5.300000000000001,11.27
6,4,17.330000000000002,4.0,6.0,2.0,13.81
6,8,21.78,4.0,1.7,2.3,26.0
6,12,35.78,4.0,3.2,0.7999999999999998,35.67
6,16,69.78,4.0,4.4,0.40000000000000036,72.83
6,20,125.78,4.0,4.2,0.20000000000000018,126.04
6,24,195.78,4.0,3.8,0.20000000000000018,196.13
7,0,13.980000000000004,4.0,11.3,7.300000000000001,12.74
7,4,20.980000000000004,4.0,3.1,0.8999999999999999,21.98
7,8,26.78,4.0,2.4,1.6,29.49
7,12,40.78,4.0,3.0,1.0,41.68
7,16,76.78,4.0,4.4,0.40000000000000036,78.49
7,20,135.78,4.0,4.3,0.2999999999999998,134.49
7,24,218.78,4.0,4.2,0.20000000000000018,208.23
8,0,11.28,4.0,10.6,6.6,12.07
8,4,18.380000000000003,4.0,3.7,0.2999999999999998,18.37
8,8,26.78,4.0,3.4,0.6000000000000001,26.57
8,12,42.78,4.0,3.2,0.7999999999999998,42.37
8,16,78.78,4.0,4.3,0.2999999999999998,81.28
8,20,137.78,4.0,4.2,0.20000000000000018,136.75
8,24,214.78,4.0,4.0,0.0,210.5
9,0,11.68,4.0,11.0,7.0,11.84
9,4,21.58,4.0,4.8,0.7999999999999998,18.98
9,8,27.78,4.0,2.2,1.7999999999999998,30.93
9,12,41.78,4.0,3.0,1.0,42.92
9,16,83.78,4.0,5.0,1.0,79.63
9,20,152.78,4.0,4.6,0.5999999999999996,143.99
9,24,222.78,4.0,3.3,0.7000000000000002,230.1
10,0,14.68,4.0,11.0,7.0,13.54
10,12,44.78,4.0,2.9,1.1,47.23
10,16,82.78,4.0,4.5,0.5,83.28
10,20,141.78,4.0,4.1,0.09999999999999964,141.81
10,24,220.78,4.0,4.0,0.0,215.02
