seed,plant_id,day_t,day_future,fw_t,fw_future_true,fw_future_pred,abs_err
42,1,0,4,4.48,12.880000000000004,9.41373800736304,3.466261992636964
42,1,4,8,12.880000000000004,19.08,20.42128838787734,1.3412883878773414
42,1,8,12,19.08,26.78,35.88533907102264,9.105339071022641
42,1,12,16,26.78,40.78,43.414662279054724,2.634662279054723
42,1,16,20,40.78,78.78,81.28096309349206,2.500963093492061
42,1,20,24,78.78,135.78,126.9738729186823,8.806127081317698
42,1,24,28,135.78,213.78,177.0941388554873,36.6858611445127
42,2,0,4,4.880000000000003,11.079999999999998,9.868020806408225,1.2119791935917732
42,2,4,8,11.079999999999998,18.18,17.79339687298352,0.38660312701647825
42,2,8,12,18.18,27.78,35.04841854723852,7.268418547238518
42,2,12,16,27.78,45.78,44.99435355765195,0.7856464423480531
42,2,16,20,45.78,89.78,87.76004258883727,2.0199574111627356
42,2,20,24,89.78,153.78,140.50346812291542,13.27653187708458
42,2,24,28,153.78,217.78,199.50154778814778,18.278452211852226
42,3,0,4,6.580000000000002,16.880000000000003,11.798722702350247,5.0812772976497556
42,3,4,8,16.880000000000003,23.980000000000004,25.4587378101852,1.4787378101851978
42,3,8,12,23.980000000000004,32.78,41.55617683169979,8.776176831699786
42,3,12,16,32.78,49.78,50.41271476699846,0.6327147669984612
42,3,16,20,49.78,93.78,92.02540797194355,1.7545920280564502
42,3,20,24,93.78,157.78,145.0578985167932,12.722101483206814
42,3,24,28,157.78,232.78,203.86299724592,28.917002754079988
42,4,0,4,4.080000000000002,13.980000000000004,8.95945520831786,5.020544791682145
42,4,4,8,13.980000000000004,20.78,22.06897797616518,1.288977976165178
42,4,8,12,20.78,29.78,37.90805482314258,8.128054823142577
42,4,12,16,29.78,50.78,47.09427797814599,3.685722021854012
42,4,16,20,50.78,91.78,94.0205748905706,2.240574890570599
42,4,20,24,91.78,140.78,142.27822750931966,1.498227509319662
42,4,24,28,140.78,220.78,179.36779482320497,41.41220517679503
42,5,0,4,4.98,13.28,9.981591506169519,3.2984084938304807
42,5,4,8,13.28,19.880000000000003,20.847188430696946,0.9671884306969432
42,5,8,12,19.880000000000003,25.78,36.859807142294486,11.079807142294484
42,5,12,16,25.78,36.78,41.859049594473426,5.079049594473425
42,5,16,20,36.78,65.78,76.14140893593827,10.361408935938272
42,5,20,24,65.78,123.78,110.66460670697565,13.115393293024354
42,5,24,28,123.78,185.78,164.40705996398282,21.372940036017184
42,6,0,4,3.8800000000000026,7.880000000000003,8.732313808795269,0.852313808795266
42,6,4,8,7.880000000000003,17.330000000000002,13.580904467552415,3.749095532447587
42,6,8,12,17.330000000000002,21.78,34.546167004105385,12.766167004105384
42,6,12,16,21.78,35.78,37.021118012063525,1.2411180120635237
42,6,16,20,35.78,69.78,75.67607237259436,5.896072372594361
42,6,20,24,69.78,125.78,116.05646345174449,9.72353654825551
42,6,24,28,125.78,195.78,165.79324572924452,29.986754270755483
42,7,0,4,5.18,13.980000000000004,10.20873290569211,3.7712670943078948
42,7,4,8,13.980000000000004,20.980000000000004,21.773704219777972,0.7937042197779682
42,7,8,12,20.980000000000004,26.78,38.170883400693626,11.390883400693625
42,7,12,16,26.78,40.78,42.95716899275227,2.1771689927522715
42,7,16,20,40.78,76.78,81.28096309349206,4.500963093492061
42,7,20,24,76.78,135.78,124.361687181387,11.418312818613003
42,7,24,28,135.78,218.78,177.8886778191117,40.891322180888295
42,8,0,4,4.580000000000002,11.28,9.527308707124337,1.752691292875662
42,8,4,8,11.28,18.380000000000003,18.153983772586933,0.22601622741306926
42,8,8,12,18.380000000000003,26.78,35.27282400532339,8.492824005323392
42,8,12,16,26.78,42.78,43.583212437166154,0.8032124371661524
42,8,16,20,42.78,78.78,83.96001376907489,5.18001376907489
42,8,20,24,78.78,137.78,126.63890237832588,11.14109762167412
42,8,24,28,137.78,214.78,180.0694025479978,34.71059745200219
42,9,0,4,4.380000000000003,11.68,9.300167307601747,2.379832692398253
42,9,4,8,11.68,21.58,18.767785296743863,2.812214703256135
42,9,8,12,21.58,27.78,39.40123500720779,11.621235007207787
42,9,12,16,27.78,41.78,44.17568136111072,2.395681361110718
42,9,16,20,41.78,83.78,82.40194123767161,1.3780587623283935
42,9,20,24,83.78,152.78,133.33685199174238,19.443148008257623
42,9,24,28,152.78,222.78,200.39753283276573,22.382467167234267
42,10,0,4,5.880000000000003,14.68,11.003727804021182,3.676272195978818
42,10,12,16,29.78,44.78,48.659386589180684,3.879386589180683
42,10,16,20,44.78,82.78,85.9834228638221,3.203422863822098
42,10,20,24,82.78,141.78,131.52830331256007,10.251696687439932
42,10,24,28,141.78,220.78,184.43085200577008,36.349147994229924
43,1,0,4,4.48,12.880000000000004,9.41373800736304,3.466261992636964
43,1,4,8,12.880000000000004,19.08,20.42128838787734,1.3412883878773414
43,1,8,12,19.08,26.78,35.88533907102264,9.105339071022641
43,1,12,16,26.78,40.78,43.414662279054724,2.634662279054723
43,1,16,20,40.78,78.78,81.28096309349206,2.500963093492061
43,1,20,24,78.78,135.78,126.9738729186823,8.806127081317698
43,1,24,28,135.78,213.78,177.0941388554873,36.6858611445127
43,2,0,4,4.880000000000003,11.079999999999998,9.868020806408225,1.2119791935917732
43,2,4,8,11.079999999999998,18.18,17.79339687298352,0.38660312701647825
43,2,8,12,18.18,27.78,35.04841854723852,7.268418547238518
43,2,12,16,27.78,45.78,44.99435355765195,0.7856464423480531
43,2,16,20,45.78,89.78,87.76004258883727,2.0199574111627356
43,2,20,24,89.78,153.78,140.50346812291542,13.27653187708458
43,2,24,28,153.78,217.78,199.50154778814778,18.278452211852226
43,3,0,4,6.580000000000002,16.880000000000003,11.798722702350247,5.0812772976497556
43,3,4,8,16.880000000000003,23.980000000000004,25.4587378101852,1.4787378101851978
43,3,8,12,23.980000000000004,32.78,41.55617683169979,8.776176831699786
43,3,12,16,32.78,49.78,50.41271476699846,0.6327147669984612
43,3,16,20,49.78,93.78,92.02540797194355,1.7545920280564502
43,3,20,24,93.78,157.78,145.0578985167932,12.722101483206814
43,3,24,28,157.78,232.78,203.86299724592,28.917002754079988
43,4,0,4,4.080000000000002,13.980000000000004,8.95945520831786,5.020544791682145
43,4,4,8,13.980000000000004,20.78,22.06897797616518,1.288977976165178
43,4,8,12,20.78,29.78,37.90805482314258,8.128054823142577
43,4,12,16,29.78,50.78,47.09427797814599,3.685722021854012
43,4,16,20,50.78,91.78,94.0205748905706,2.240574890570599
43,4,20,24,91.78,140.78,142.27822750931966,1.498227509319662
43,4,24,28,140.78,220.78,179.36779482320497,41.41220517679503
43,5,0,4,4.98,13.28,9.981591506169519,3.2984084938304807
43,5,4,8,13.28,19.880000000000003,20.847188430696946,0.9671884306969432
43,5,8,12,19.880000000000003,25.78,36.859807142294486,11.079807142294484
43,5,12,16,25.78,36.78,41.859049594473426,5.079049594473425
43,5,16,20,36.78,65.78,76.14140893593827,10.361408935938272
43,5,20,24,65.78,123.78,110.66460670697565,13.115393293024354
43,5,24,28,123.78,185.78,164.40705996398282,21.372940036017184
43,6,0,4,3.8800000000000026,7.880000000000003,8.732313808795269,0.852313808795266
43,6,4,8,7.880000000000003,17.330000000000002,13.580904467552415,3.749095532447587
43,6,8,12,17.330000000000002,21.78,34.546167004105385,12.766167004105384
43,6,12,16,21.78,35.78,37.021118012063525,1.2411180120635237
43,6,16,20,35.78,69.78,75.67607237259436,5.896072372594361
43,6,20,24,69.78,125.78,116.05646345174449,9.72353654825551
43,6,24,28,125.78,195.78,165.79324572924452,29.986754270755483
43,7,0,4,5.18,13.980000000000004,10.20873290569211,3.7712670943078948
43,7,4,8,13.980000000000004,20.980000000000004,21.773704219777972,0.7937042197779682
43,7,8,12,20.980000000000004,26.78,38.170883400693626,11.390883400693625
43,7,12,16,26.78,40.78,42.95716899275227,2.1771689927522715
43,7,16,20,40.78,76.78,81.28096309349206,4.500963093492061
43,7,20,24,76.78,135.78,124.361687181387,11.418312818613003
43,7,24,28,135.78,218.78,177.8886778191117,40.891322180888295
43,8,0,4,4.580000000000002,11.28,9.527308707124337,1.752691292875662
43,8,4,8,11.28,18.380000000000003,18.153983772586933,0.22601622741306926
43,8,8,12,18.380000000000003,26.78,35.27282400532339,8.492824005323392
43,8,12,16,26.78,42.78,43.583212437166154,0.8032124371661524
43,8,16,20,42.78,78.78,83.96001376907489,5.18001376907489
43,8,20,24,78.78,137.78,126.63890237832588,11.14109762167412
43,8,24,28,137.78,214.78,180.0694025479978,34.71059745200219
43,9,0,4,4.380000000000003,11.68,9.300167307601747,2.379832692398253
43,9,4,8,11.68,21.58,18.767785296743863,2.812214703256135
43,9,8,12,21.58,27.78,39.40123500720779,11.621235007207787
43,9,12,16,27.78,41.78,44.17568136111072,2.395681361110718
43,9,16,20,41.78,83.78,82.40194123767161,1.3780587623283935
43,9,20,24,83.78,152.78,133.33685199174238,19.443148008257623
43,9,24,28,152.78,222.78,200.39753283276573,22.382467167234267
43,10,0,4,5.880000000000003,14.68,11.003727804021182,3.676272195978818
43,10,12,16,29.78,44.78,48.659386589180684,3.879386589180683
43,10,16,20,44.78,82.78,85.9834228638221,3.203422863822098
43,10,20,24,82.78,141.78,131.52830331256007,10.251696687439932
43,10,24,28,141.78,220.78,184.43085200577008,36.349147994229924
44,1,0,4,4.48,12.880000000000004,9.41373800736304,3.466261992636964
44,1,4,8,12.880000000000004,19.08,20.42128838787734,1.3412883878773414
44,1,8,12,19.08,26.78,35.88533907102264,9.105339071022641
44,1,12,16,26.78,40.78,43.414662279054724,2.634662279054723
44,1,16,20,40.78,78.78,81.28096309349206,2.500963093492061
44,1,20,24,78.78,135.78,126.9738729186823,8.806127081317698
44,1,24,28,135.78,213.78,177.0941388554873,36.6858611445127
44,2,0,4,4.880000000000003,11.079999999999998,9.868020806408225,1.2119791935917732
44,2,4,8,11.079999999999998,18.18,17.79339687298352,0.38660312701647825
44,2,8,12,18.18,27.78,35.04841854723852,7.268418547238518
44,2,12,16,27.78,45.78,44.99435355765195,0.7856464423480531
44,2,16,20,45.78,89.78,87.76004258883727,2.0199574111627356
44,2,20,24,89.78,153.78,140.50346812291542,13.27653187708458
44,2,24,28,153.78,217.78,199.50154778814778,18.278452211852226
44,3,0,4,6.580000000000002,16.880000000000003,11.798722702350247,5.0812772976497556
44,3,4,8,16.880000000000003,23.980000000000004,25.4587378101852,1.4787378101851978
44,3,8,12,23.980000000000004,32.78,41.55617683169979,8.776176831699786
44,3,12,16,32.78,49.78,50.41271476699846,0.6327147669984612
44,3,16,20,49.78,93.78,92.02540797194355,1.7545920280564502
44,3,20,24,93.78,157.78,145.0578985167932,12.722101483206814
44,3,24,28,157.78,232.78,203.86299724592,28.917002754079988
44,4,0,4,4.080000000000002,13.980000000000004,8.95945520831786,5.020544791682145
44,4,4,8,13.980000000000004,20.78,22.06897797616518,1.288977976165178
44,4,8,12,20.78,29.78,37.90805482314258,8.128054823142577
44,4,12,16,29.78,50.78,47.09427797814599,3.685722021854012
44,4,16,20,50.78,91.78,94.0205748905706,2.240574890570599
44,4,20,24,91.78,140.78,142.27822750931966,1.498227509319662
44,4,24,28,140.78,220.78,179.36779482320497,41.41220517679503
44,5,0,4,4.98,13.28,9.981591506169519,3.2984084938304807
44,5,4,8,13.28,19.880000000000003,20.847188430696946,0.9671884306969432
44,5,8,12,19.880000000000003,25.78,36.859807142294486,11.079807142294484
44,5,12,16,25.78,36.78,41.859049594473426,5.079049594473425
44,5,16,20,36.78,65.78,76.14140893593827,10.361408935938272
44,5,20,24,65.78,123.78,110.66460670697565,13.115393293024354
44,5,24,28,123.78,185.78,164.40705996398282,21.372940036017184
44,6,0,4,3.8800000000000026,7.880000000000003,8.732313808795269,0.852313808795266
44,6,4,8,7.880000000000003,17.330000000000002,13.580904467552415,3.749095532447587
44,6,8,12,17.330000000000002,21.78,34.546167004105385,12.766167004105384
44,6,12,16,21.78,35.78,37.021118012063525,1.2411180120635237
44,6,16,20,35.78,69.78,75.67607237259436,5.896072372594361
44,6,20,24,69.78,125.78,116.05646345174449,9.72353654825551
44,6,24,28,125.78,195.78,165.79324572924452,29.986754270755483
44,7,0,4,5.18,13.980000000000004,10.20873290569211,3.7712670943078948
44,7,4,8,13.980000000000004,20.980000000000004,21.773704219777972,0.7937042197779682
44,7,8,12,20.980000000000004,26.78,38.170883400693626,11.390883400693625
44,7,12,16,26.78,40.78,42.95716899275227,2.1771689927522715
44,7,16,20,40.78,76.78,81.28096309349206,4.500963093492061
44,7,20,24,76.78,135.78,124.361687181387,11.418312818613003
44,7,24,28,135.78,218.78,177.8886778191117,40.891322180888295
44,8,0,4,4.580000000000002,11.28,9.527308707124337,1.752691292875662
44,8,4,8,11.28,18.380000000000003,18.153983772586933,0.22601622741306926
44,8,8,12,18.380000000000003,26.78,35.27282400532339,8.492824005323392
44,8,12,16,26.78,42.78,43.583212437166154,0.8032124371661524
44,8,16,20,42.78,78.78,83.96001376907489,5.18001376907489
44,8,20,24,78.78,137.78,126.63890237832588,11.14109762167412
44,8,24,28,137.78,214.78,180.0694025479978,34.71059745200219
44,9,0,4,4.380000000000003,11.68,9.300167307601747,2.379832692398253
44,9,4,8,11.68,21.58,18.767785296743863,2.812214703256135
44,9,8,12,21.58,27.78,39.40123500720779,11.621235007207787
44,9,12,16,27.78,41.78,44.17568136111072,2.395681361110718
44,9,16,20,41.78,83.78,82.40194123767161,1.3780587623283935
44,9,20,24,83.78,152.78,133.33685199174238,19.443148008257623
44,9,24,28,152.78,222.78,200.39753283276573,22.382467167234267
44,10,0,4,5.880000000000003,14.68,11.003727804021182,3.676272195978818
44,10,12,16,29.78,44.78,48.659386589180684,3.879386589180683
44,10,16,20,44.78,82.78,85.9834228638221,3.203422863822098
44,10,20,24,82.78,141.78,131.52830331256007,10.251696687439932
44,10,24,28,141.78,220.78,184.43085200577008,36.349147994229924
45,1,0,4,4.48,12.880000000000004,9.41373800736304,3.466261992636964
45,1,4,8,12.880000000000004,19.08,20.42128838787734,1.3412883878773414
45,1,8,12,19.08,26.78,35.88533907102264,9.105339071022641
45,1,12,16,26.78,40.78,43.414662279054724,2.634662279054723
45,1,16,20,40.78,78.78,81.28096309349206,2.500963093492061
45,1,20,24,78.78,135.78,126.9738729186823,8.806127081317698
45,1,24,28,135.78,213.78,177.0941388554873,36.6858611445127
45,2,0,4,4.880000000000003,11.079999999999998,9.868020806408225,1.2119791935917732
45,2,4,8,11.079999999999998,18.18,17.79339687298352,0.38660312701647825
45,2,8,12,18.18,27.78,35.04841854723852,7.268418547238518
45,2,12,16,27.78,45.78,44.99435355765195,0.7856464423480531
45,2,16,20,45.78,89.78,87.76004258883727,2.0199574111627356
45,2,20,24,89.78,153.78,140.50346812291542,13.27653187708458
45,2,24,28,153.78,217.78,199.50154778814778,18.278452211852226
45,3,0,4,6.580000000000002,16.880000000000003,11.798722702350247,5.0812772976497556
45,3,4,8,16.880000000000003,23.980000000000004,25.4587378101852,1.4787378101851978
45,3,8,12,23.980000000000004,32.78,41.55617683169979,8.776176831699786
45,3,12,16,32.78,49.78,50.41271476699846,0.6327147669984612
45,3,16,20,49.78,93.78,92.02540797194355,1.7545920280564502
45,3,20,24,93.78,157.78,145.0578985167932,12.722101483206814
45,3,24,28,157.78,232.78,203.86299724592,28.917002754079988
45,4,0,4,4.080000000000002,13.980000000000004,8.95945520831786,5.020544791682145
45,4,4,8,13.980000000000004,20.78,22.06897797616518,1.288977976165178
45,4,8,12,20.78,29.78,37.90805482314258,8.128054823142577
45,4,12,16,29.78,50.78,47.09427797814599,3.685722021854012
45,4,16,20,50.78,91.78,94.0205748905706,2.240574890570599
45,4,20,24,91.78,140.78,142.27822750931966,1.498227509319662
45,4,24,28,140.78,220.78,179.36779482320497,41.41220517679503
45,5,0,4,4.98,13.28,9.981591506169519,3.2984084938304807
45,5,4,8,13.28,19.880000000000003,20.847188430696946,0.9671884306969432
45,5,8,12,19.880000000000003,25.78,36.859807142294486,11.079807142294484
45,5,12,16,25.78,36.78,41.859049594473426,5.079049594473425
45,5,16,20,36.78,65.78,76.14140893593827,10.361408935938272
45,5,20,24,65.78,123.78,110.66460670697565,13.115393293024354
45,5,24,28,123.78,185.78,164.40705996398282,21.372940036017184
45,6,0,4,3.8800000000000026,7.880000000000003,8.732313808795269,0.852313808795266
45,6,4,8,7.880000000000003,17.330000000000002,13.580904467552415,3.749095532447587
45,6,8,12,17.330000000000002,21.78,34.546167004105385,12.766167004105384
45,6,12,16,21.78,35.78,37.021118012063525,1.2411180120635237
45,6,16,20,35.78,69.78,75.67607237259436,5.896072372594361
45,6,20,24,69.78,125.78,116.05646345174449,9.72353654825551
45,6,24,28,125.78,195.78,165.79324572924452,29.986754270755483
45,7,0,4,5.18,13.980000000000004,10.20873290569211,3.7712670943078948
45,7,4,8,13.980000000000004,20.980000000000004,21.773704219777972,0.7937042197779682
45,7,8,12,20.980000000000004,26.78,38.170883400693626,11.390883400693625
45,7,12,16,26.78,40.78,42.95716899275227,2.1771689927522715
45,7,16,20,40.78,76.78,81.28096309349206,4.500963093492061
45,7,20,24,76.78,135.78,124.361687181387,11.418312818613003
45,7,24,28,135.78,218.78,177.8886778191117,40.891322180888295
45,8,0,4,4.580000000000002,11.28,9.527308707124337,1.752691292875662
45,8,4,8,11.28,18.380000000000003,18.153983772586933,0.22601622741306926
45,8,8,12,18.380000000000003,26.78,35.27282400532339,8.492824005323392
45,8,12,16,26.78,42.78,43.583212437166154,0.8032124371661524
45,8,16,20,42.78,78.78,83.96001376907489,5.18001376907489
45,8,20,24,78.78,137.78,126.63890237832588,11.14109762167412
45,8,24,28,137.78,214.78,180.0694025479978,34.71059745200219
45,9,0,4,4.380000000000003,11.68,9.300167307601747,2.379832692398253
45,9,4,8,11.68,21.58,18.767785296743863,2.812214703256135
45,9,8,12,21.58,27.78,39.40123500720779,11.621235007207787
45,9,12,16,27.78,41.78,44.17568136111072,2.395681361110718
45,9,16,20,41.78,83.78,82.40194123767161,1.3780587623283935
45,9,20,24,83.78,152.78,133.33685199174238,19.443148008257623
45,9,24,28,152.78,222.78,200.39753283276573,22.382467167234267
45,10,0,4,5.880000000000003,14.68,11.003727804021182,3.676272195978818
45,10,12,16,29.78,44.78,48.659386589180684,3.879386589180683
45,10,16,20,44.78,82.78,85.9834228638221,3.203422863822098
45,10,20,24,82.78,141.78,131.52830331256007,10.251696687439932
45,10,24,28,141.78,220.78,184.43085200577008,36.349147994229924
46,1,0,4,4.48,12.880000000000004,9.41373800736304,3.466261992636964
46,1,4,8,12.880000000000004,19.08,20.42128838787734,1.3412883878773414
46,1,8,12,19.08,26.78,35.88533907102264,9.105339071022641
46,1,12,16,26.78,40.78,43.414662279054724,2.634662279054723
46,1,16,20,40.78,78.78,81.28096309349206,2.500963093492061
46,1,20,24,78.78,135.78,126.9738729186823,8.806127081317698
46,1,24,28,135.78,213.78,177.0941388554873,36.6858611445127
46,2,0,4,4.880000000000003,11.079999999999998,9.868020806408225,1.2119791935917732
46,2,4,8,11.079999999999998,18.18,17.79339687298352,0.38660312701647825
46,2,8,12,18.18,27.78,35.04841854723852,7.268418547238518
46,2,12,16,27.78,45.78,44.99435355765195,0.7856464423480531
46,2,16,20,45.78,89.78,87.76004258883727,2.0199574111627356
46,2,20,24,89.78,153.78,140.50346812291542,13.27653187708458
46,2,24,28,153.78,217.78,199.50154778814778,18.278452211852226
46,3,0,4,6.580000000000002,16.880000000000003,11.798722702350247,5.0812772976497556
46,3,4,8,16.880000000000003,23.980000000000004,25.4587378101852,1.4787378101851978
46,3,8,12,23.980000000000004,32.78,41.55617683169979,8.776176831699786
46,3,12,16,32.78,49.78,50.41271476699846,0.6327147669984612
46,3,16,20,49.78,93.78,92.02540797194355,1.7545920280564502
46,3,20,24,93.78,157.78,145.0578985167932,12.722101483206814
46,3,24,28,157.78,232.78,203.86299724592,28.917002754079988
46,4,0,4,4.080000000000002,13.980000000000004,8.95945520831786,5.020544791682145
46,4,4,8,13.980000000000004,20.78,22.06897797616518,1.288977976165178
46,4,8,12,20.78,29.78,37.90805482314258,8.128054823142577
46,4,12,16,29.78,50.78,47.09427797814599,3.685722021854012
46,4,16,20,50.78,91.78,94.0205748905706,2.240574890570599
46,4,20,24,91.78,140.78,142.27822750931966,1.498227509319662
46,4,24,28,140.78,220.78,179.36779482320497,41.41220517679503
46,5,0,4,4.98,13.28,9.981591506169519,3.2984084938304807
46,5,4,8,13.28,19.880000000000003,20.847188430696946,0.9671884306969432
46,5,8,12,19.880000000000003,25.78,36.859807142294486,11.079807142294484
46,5,12,16,25.78,36.78,41.859049594473426,5.079049594473425
46,5,16,20,36.78,65.78,76.14140893593827,10.361408935938272
46,5,20,24,65.78,123.78,110.66460670697565,13.115393293024354
46,5,24,28,123.78,185.78,164.40705996398282,21.372940036017184
46,6,0,4,3.8800000000000026,7.880000000000003,8.732313808795269,0.852313808795266
46,6,4,8,7.880000000000003,17.330000000000002,13.580904467552415,3.749095532447587
46,6,8,12,17.330000000000002,21.78,34.546167004105385,12.766167004105384
46,6,12,16,21.78,35.78,37.021118012063525,1.2411180120635237
46,6,16,20,35.78,69.78,75.67607237259436,5.896072372594361
46,6,20,24,69.78,125.78,116.05646345174449,9.72353654825551
46,6,24,28,125.78,195.78,165.79324572924452,29.986754270755483
46,7,0,4,5.18,13.980000000000004,10.20873290569211,3.7712670943078948
46,7,4,8,13.980000000000004,20.980000000000004,21.773704219777972,0.7937042197779682
46,7,8,12,20.980000000000004,26.78,38.170883400693626,11.390883400693625
46,7,12,16,26.78,40.78,42.95716899275227,2.1771689927522715
46,7,16,20,40.78,76.78,81.28096309349206,4.500963093492061
46,7,20,24,76.78,135.78,124.361687181387,11.418312818613003
46,7,24,28,135.78,218.78,177.8886778191117,40.891322180888295
46,8,0,4,4.580000000000002,11.28,9.527308707124337,1.752691292875662
46,8,4,8,11.28,18.380000000000003,18.153983772586933,0.22601622741306926
46,8,8,12,18.380000000000003,26.78,35.27282400532339,8.492824005323392
46,8,12,16,26.78,42.78,43.583212437166154,0.8032124371661524
46,8,16,20,42.78,78.78,83.96001376907489,5.18001376907489
46,8,20,24,78.78,137.78,126.63890237832588,11.14109762167412
46,8,24,28,137.78,214.78,180.0694025479978,34.71059745200219
46,9,0,4,4.380000000000003,11.68,9.300167307601747,2.379832692398253
46,9,4,8,11.68,21.58,18.767785296743863,2.812214703256135
46,9,8,12,21.58,27.78,39.40123500720779,11.621235007207787
46,9,12,16,27.78,41.78,44.17568136111072,2.395681361110718
46,9,16,20,41.78,83.78,82.40194123767161,1.3780587623283935
46,9,20,24,83.78,152.78,133.33685199174238,19.443148008257623
46,9,24,28,152.78,222.78,200.39753283276573,22.382467167234267
46,10,0,4,5.880000000000003,14.68,11.003727804021182,3.676272195978818
46,10,12,16,29.78,44.78,48.659386589180684,3.879386589180683
46,10,16,20,44.78,82.78,85.9834228638221,3.203422863822098
46,10,20,24,82.78,141.78,131.52830331256007,10.251696687439932
46,10,24,28,141.78,220.78,184.43085200577008,36.349147994229924
