plant_id,day_t,goal_fw_g,baseline_pred_g,recommended_pred_g,err_baseline,err_recommended,improved,n_changes,feasibility
8,0,27.07,12.07,27.14,15.0,0.07000000000000028,True,2,plausible
10,20,156.81,141.81,156.55,15.0,0.2599999999999909,True,2,optimistic
4,20,167.78,152.78,167.53,15.0,0.25,True,2,optimistic
10,0,28.54,13.54,28.62,15.0,0.08000000000000185,True,2,plausible
7,4,36.980000000000004,21.98,37.01,15.000000000000004,0.02999999999999403,True,2,plausible
10,12,62.23,47.23,62.14,15.0,0.0899999999999963,True,2,plausible
1,0,26.95,11.95,27.03,15.0,0.08000000000000185,True,2,plausible
8,16,96.28,81.28,96.59,15.0,0.3100000000000023,True,2,plausible
9,4,33.980000000000004,18.98,34.02,15.000000000000004,0.03999999999999915,True,2,plausible
2,4,33.010000000000005,18.01,33.05,15.000000000000004,0.03999999999999204,True,2,plausible
1,4,35.629999999999995,20.63,35.66,14.999999999999996,0.030000000000001137,True,2,plausible
4,16,106.65,91.65,106.96,15.0,0.30999999999998806,True,2,plausible
9,24,245.1,230.1,243.79,15.0,1.3100000000000023,True,2,unlikely_in_4d
9,12,57.92,42.92,57.82,15.0,0.10000000000000142,True,2,plausible
3,4,40.65,25.65,40.69,15.0,0.03999999999999915,True,2,plausible
7,0,27.740000000000002,12.74,27.82,15.000000000000002,0.0799999999999983,True,2,plausible
1,8,42.129999999999995,27.13,41.87,14.999999999999996,0.259999999999998,True,2,plausible
8,24,225.5,210.5,224.19,15.0,1.3100000000000023,True,2,unlikely_in_4d
1,20,152.28,137.28,152.03,15.0,0.25,True,2,optimistic
10,24,230.02,215.02,228.71,15.0,1.3100000000000023,True,2,unlikely_in_4d
6,24,211.13,196.13,209.82,15.0,1.3100000000000023,True,2,unlikely_in_4d
7,16,93.49,78.49,93.8,15.0,0.3100000000000023,True,2,plausible
5,16,88.18,73.18,88.48,15.0,0.29999999999999716,True,2,plausible
5,8,43.14,28.14,42.88,15.0,0.259999999999998,True,2,plausible
8,12,57.37,42.37,57.27,15.0,0.09999999999999432,True,2,plausible
2,24,244.92,229.92,243.61,15.0,1.3099999999999739,True,2,unlikely_in_4d
8,20,151.75,136.75,151.5,15.0,0.25,True,2,optimistic
3,24,249.45,234.45,248.14,15.0,1.3100000000000023,True,2,unlikely_in_4d
6,4,28.810000000000002,13.81,28.85,15.000000000000002,0.03999999999999915,True,2,plausible
5,24,209.39,194.39,208.08,15.0,1.3099999999999739,True,2,unlikely_in_4d
7,8,44.489999999999995,29.49,44.24,14.999999999999996,0.2499999999999929,True,2,plausible
1,24,222.71,207.71,221.4,15.0,1.3100000000000023,True,2,unlikely_in_4d
6,20,141.04000000000002,126.04,140.79,15.000000000000014,0.2500000000000284,True,2,optimistic
7,12,56.68,41.68,56.58,15.0,0.10000000000000142,True,2,plausible
8,8,41.57,26.57,41.32,15.0,0.25,True,2,plausible
10,16,98.28,83.28,98.59,15.0,0.3100000000000023,True,2,plausible
2,12,58.81,43.81,58.72,15.0,0.09000000000000341,True,2,plausible
4,12,60.92,45.92,60.82,15.0,0.10000000000000142,True,2,plausible
3,20,170.84,155.84,170.58,15.0,0.2599999999999909,True,2,optimistic
5,0,27.52,12.52,27.6,15.0,0.08000000000000185,True,2,plausible
