seed,pack,split,model,n_features,n_rows,log_target,tune,mae_g,rmse_g,r2,day_median_mae_g
42,lin_phy,lodo,Ridge,41,79,False,False,26.01828338758493,31.738179669468224,0.7940095335314763,25.93193775427499
42,lin_phy,lodo,ElasticNet,41,79,False,False,27.34701228373124,33.11562243181517,0.775741487562173,27.04295016313755
42,lin_phy,lodo,RandomForest,41,79,False,False,36.612073181919804,50.86183002168223,0.4709861325665524,37.2202262058437
42,lin_phy,lodo,GradBoost,41,79,False,False,43.317144216979415,52.37654273483455,0.4390078958179695,43.91380291084015
42,lin_phy,lodo,XGBoost,41,79,False,False,27.021429312017897,43.97897299071402,0.604475619370666,26.469307787418366
42,lin_phy,lodo,XGBoost_d2,41,79,False,False,25.33281887344167,40.478683371565324,0.6649297664504046,24.656183733940125
42,lin_phy,lodo,XGBoost_d4,41,79,False,False,27.63751449874685,45.21337623846205,0.5819608371250784,27.22760839700699
42,lin_phy,lodo,Best:XGBoost_d2,41,79,False,False,25.33281887344167,40.478683371565324,0.6649297664504046,24.656183733940125
42,lin_phy,loo,XGBoost,41,79,False,False,5.249237873825846,8.660760638560975,0.9846610665109561,1.628040127754211
42,lin_phy,lopo,XGBoost,41,79,False,False,6.1722662919684295,10.28365724018345,0.9783738964442875,1.2413911557197561
42,lin_phy,lodo,MeanBaseline,0,79,False,False,66.65439473753176,79.9027265593711,-0.30558842409967646,66.87821169772255
42,lin_phy,lodo,Ridge,41,79,True,False,12.014987162209275,17.022224069771937,0.9407462694344385,11.145401437779878
42,lin_phy,lodo,ElasticNet,41,79,True,False,10.32862265345733,15.747140336671736,0.9492908316339151,10.216694824754565
42,lin_phy,lodo,RandomForest,41,79,True,False,29.176613272452922,46.902749352984316,0.5501376015348733,28.974760510963463
42,lin_phy,lodo,GradBoost,41,79,True,False,33.45665170074973,55.40795657780079,0.3721912561296755,33.125519681160554
42,lin_phy,lodo,XGBoost,41,79,True,False,23.51215586746795,37.02476073195601,0.7196712673374532,23.369304246902466
42,lin_phy,lodo,XGBoost_d2,41,79,True,False,22.641966274116612,35.898596196053155,0.7364651684579353,22.39912373661995
42,lin_phy,lodo,XGBoost_d4,41,79,True,False,26.86974656117113,43.00151921146988,0.6218616797443854,26.837589509487152
42,lin_phy,lodo,Best:ElasticNet,41,79,True,False,10.32862265345733,15.747140336671736,0.9492908316339151,10.216694824754565
42,lin_phy,loo,XGBoost,41,79,True,False,4.274961695369284,7.626258583053021,0.9881065966980296,2.0171164131164545
42,lin_phy,lopo,XGBoost,41,79,True,False,5.983883856882022,10.166428691080997,0.9788641396906863,1.5188568532466886
42,lin_phy,lodo,MeanBaseline,0,79,False,False,66.65439473753176,79.9027265593711,-0.30558842409967646,66.87821169772255
42,canopy,lodo,Ridge,49,79,False,False,47.42720470347458,54.595752158999574,0.39046198057806314,47.7399572317974
42,canopy,lodo,ElasticNet,49,79,False,False,46.81137012443683,53.968447713725524,0.4043886765051622,47.35261036762337
42,canopy,lodo,RandomForest,49,79,False,False,51.35648693285122,63.181496752726,0.18367534698797594,51.928368995852416
42,canopy,lodo,GradBoost,49,79,False,False,32.94307487443222,52.34459518571015,0.4396920515842435,32.82784972101249
42,canopy,lodo,XGBoost,49,79,False,False,27.95414644700063,38.52007709986553,0.6965707890018776,27.95870660305023
42,canopy,lodo,XGBoost_d2,49,79,False,False,27.432556290686886,38.383283799289764,0.6987220506801219,27.156948969364166
42,canopy,lodo,XGBoost_d4,49,79,False,False,28.183693350055552,39.18725369999308,0.685968835632641,28.15807361960411
42,canopy,lodo,Best:XGBoost_d2,49,79,False,False,27.432556290686886,38.383283799289764,0.6987220506801219,27.156948969364166
42,canopy,loo,XGBoost,49,79,False,False,4.967777766939959,7.8513394605361375,0.9873941944918591,1.5780294537544248
42,canopy,lopo,XGBoost,49,79,False,False,6.118429316267181,9.626989378978928,0.9810476059387847,1.4304387795925135
42,canopy,lodo,MeanBaseline,0,79,False,False,66.65439473753176,79.9027265593711,-0.30558842409967646,66.87821169772255
42,canopy,lodo,Ridge,49,79,True,False,21.680771831406574,30.511374288730398,0.8096264399683633,20.43265156966483
42,canopy,lodo,ElasticNet,49,79,True,False,14.927290032102333,22.391761339966937,0.8974679582756302,13.021900623112193
42,canopy,lodo,RandomForest,49,79,True,False,29.487611258216923,50.7502298594251,0.47330509212000726,29.063627697535807
42,canopy,lodo,GradBoost,49,79,True,False,34.02186257039619,54.55770695509816,0.39131120116061735,33.78009665047684
42,canopy,lodo,XGBoost,49,79,True,False,27.43508209300947,38.03909091733672,0.7041010997451398,27.465269014835357
42,canopy,lodo,XGBoost_d2,49,79,True,False,27.868436416432832,38.72723442816695,0.6932983861151594,27.569361791610717
42,canopy,lodo,XGBoost_d4,49,79,True,False,27.823599973751023,38.56827065389991,0.695811056363267,28.007246658802032
42,canopy,lodo,Best:ElasticNet,49,79,True,False,14.927290032102333,22.391761339966937,0.8974679582756302,13.021900623112193
42,canopy,loo,XGBoost,49,79,True,False,4.137709189427048,6.830446843719101,0.9904592761829498,1.9078895747661588
42,canopy,lopo,XGBoost,49,79,True,False,5.69443762066998,9.383201634461104,0.9819953289865295,2.2489143013954163
42,canopy,lodo,MeanBaseline,0,79,False,False,66.65439473753176,79.9027265593711,-0.30558842409967646,66.87821169772255
42,climate,lodo,Ridge,25,79,False,False,28.279192391196272,42.64078999078599,0.6281792893411999,28.986710597623635
42,climate,lodo,ElasticNet,25,79,False,False,28.19150030960239,40.836274344113775,0.6589835586911884,28.937678055832624
42,climate,lodo,RandomForest,25,79,False,False,30.959737463667132,41.24351537093171,0.6521480498194656,31.191611234851656
42,climate,lodo,GradBoost,25,79,False,False,35.580067898418434,45.266400901043276,0.5809797388138112,35.943633458977594
42,climate,lodo,XGBoost,25,79,False,False,27.482572831624676,37.50471718988347,0.71235628956214,27.360881522893905
42,climate,lodo,XGBoost_d2,25,79,False,False,27.705355715087702,38.015013130543124,0.7044755742984372,27.461503551006317
42,climate,lodo,XGBoost_d4,25,79,False,False,27.565122611854655,37.59939357769806,0.7109022089603492,27.74730826973915
42,climate,lodo,Best:XGBoost,25,79,False,False,27.482572831624676,37.50471718988347,0.71235628956214,27.360881522893905
42,climate,loo,XGBoost,25,79,False,False,3.1720594808119764,4.814418386356197,0.9952600828531359,1.4419662320613849
42,climate,lopo,XGBoost,25,79,False,False,4.967422967983199,8.027706695860116,0.9868214968292872,0.7306934833526613
42,climate,lodo,MeanBaseline,0,79,False,False,66.65439473753176,79.9027265593711,-0.30558842409967646,66.87821169772255
42,climate,lodo,Ridge,25,79,True,False,28.249855044750237,49.45094402056233,0.49992831370573987,27.923848024778263
42,climate,lodo,ElasticNet,25,79,True,False,28.765580099777477,49.09100681476097,0.5071815360209025,29.082733302264458
42,climate,lodo,RandomForest,25,79,True,False,30.68241753167043,44.7312135949062,0.5908293683121864,30.888226427673203
42,climate,lodo,GradBoost,25,79,True,False,32.486968011503066,49.05079774713472,0.5079885129789868,32.20699527656851
42,climate,lodo,XGBoost,25,79,True,False,27.688108934571474,37.93794034610706,0.7056726698249984,27.499913707971572
42,climate,lodo,XGBoost_d2,25,79,True,False,27.852283352477645,38.44641777314362,0.6977301336088165,27.824478701353073
42,climate,lodo,XGBoost_d4,25,79,True,False,27.521462852381458,37.66295585353562,0.709923935430784,27.558389887809753
42,climate,lodo,Best:XGBoost_d4,25,79,True,False,27.521462852381458,37.66295585353562,0.709923935430784,27.558389887809753
42,climate,loo,XGBoost,25,79,True,False,3.0254850129236153,4.4526583603958185,0.9959456443656283,0.8341255652904509
42,climate,lopo,XGBoost,25,79,True,False,5.390744252989564,8.79263247222403,0.9841903981470982,0.9029041242599491
42,climate,lodo,MeanBaseline,0,79,False,False,66.65439473753176,79.9027265593711,-0.30558842409967646,66.87821169772255
42,compact,lodo,Ridge,166,79,False,False,48.36870378859163,63.715991550384544,0.16980524670809616,48.03303274654222
42,compact,lodo,ElasticNet,166,79,False,False,48.220056605208065,62.38164886394109,0.20421308844326724,47.96585403902951
42,compact,lodo,RandomForest,166,79,False,False,36.29367058030404,53.25566868358979,0.4200176510105019,36.02770687147745
42,compact,lodo,GradBoost,166,79,False,False,34.26655005238367,49.46821130298684,0.499579022634579,34.61268913036554
42,compact,lodo,XGBoost,166,79,False,False,22.965273702355876,34.07752253073861,0.7625243311217706,23.14918554544449
42,compact,lodo,XGBoost_d2,166,79,False,False,23.444813680528082,34.95146000155651,0.7501877469877034,23.440222449302674
42,compact,lodo,XGBoost_d4,166,79,False,False,23.249745799680298,34.700757184115155,0.7537586434049254,23.302450306415558
42,compact,lodo,Best:XGBoost,166,79,False,False,22.965273702355876,34.07752253073861,0.7625243311217706,23.14918554544449
42,compact,loo,XGBoost,166,79,False,False,5.540399091092846,9.438123100796668,0.981783943384033,1.5847463607788084
42,compact,lopo,XGBoost,166,79,False,False,6.26288407011877,10.500517755278254,0.9774521820545532,0.9268706178665151
42,compact,lodo,MeanBaseline,0,79,False,False,66.65439473753176,79.9027265593711,-0.30558842409967646,66.87821169772255
42,compact,lodo,Ridge,166,79,True,False,39.674639052032134,57.059774131361195,0.3342009230100844,39.9643727404669
42,compact,lodo,ElasticNet,166,79,True,False,30.341712625557957,54.677791459698526,0.38862873743545234,30.298518761583964
42,compact,lodo,RandomForest,166,79,True,False,33.227182340147145,54.92823476544988,0.38301532499625945,32.786230483390646
42,compact,lodo,GradBoost,166,79,True,False,36.29092768585743,62.07936937325344,0.21190660909456172,35.7232165127792
42,compact,lodo,XGBoost,166,79,True,False,24.616485481745077,36.453667939739596,0.7282524991025654,24.564985588788986
42,compact,lodo,XGBoost_d2,166,79,True,False,25.309105830132204,37.9134077304378,0.7060532010080378,24.924155608415603
42,compact,lodo,XGBoost_d4,166,79,True,False,26.10116290514982,38.99692284534187,0.6890119001248899,26.103784248828887
42,compact,lodo,Best:XGBoost,166,79,True,False,24.616485481745077,36.453667939739596,0.7282524991025654,24.564985588788986
42,compact,loo,XGBoost,166,79,True,False,4.4473098793512635,8.381884671728407,0.9856329880055945,2.138360486030578
42,compact,lopo,XGBoost,166,79,True,False,5.988753420431403,10.181066057139468,0.9788032341263733,1.8450091660022736
42,compact,lodo,MeanBaseline,0,79,False,False,66.65439473753176,79.9027265593711,-0.30558842409967646,66.87821169772255
43,lin_phy,lodo,Ridge,41,79,False,False,26.01828338758493,31.738179669468224,0.7940095335314763,25.93193775427499
43,lin_phy,lodo,ElasticNet,41,79,False,False,27.34701228373124,33.11562243181517,0.775741487562173,27.04295016313755
43,lin_phy,lodo,RandomForest,41,79,False,False,36.64832200002071,50.88367643319472,0.47053158593860134,37.109056543488734
43,lin_phy,lodo,GradBoost,41,79,False,False,39.526065458412575,52.81086598504597,0.42966546420506746,39.5421382383027
43,lin_phy,lodo,XGBoost,41,79,False,False,28.48680247584476,44.1065240666282,0.6021780341548152,27.838027968406678
43,lin_phy,lodo,XGBoost_d2,41,79,False,False,26.179819743965247,40.47300580379032,0.6650237542181423,25.637196526527404
43,lin_phy,lodo,XGBoost_d4,41,79,False,False,29.575335918136798,45.794016292728145,0.5711547925341021,28.830172188282013
43,lin_phy,lodo,Best:Ridge,41,79,False,False,26.01828338758493,31.738179669468224,0.7940095335314763,25.93193775427499
43,lin_phy,loo,XGBoost,41,79,False,False,5.487355691692496,9.242252937215905,0.9825321766155981,1.361251853704452
43,lin_phy,lopo,XGBoost,41,79,False,False,6.063372748531872,9.925054952956659,0.9798558506597482,1.3242410051822657
43,lin_phy,lodo,MeanBaseline,0,79,False,False,66.65439473753176,79.9027265593711,-0.30558842409967646,66.87821169772255
43,lin_phy,lodo,Ridge,41,79,True,False,12.014987162209275,17.022224069771937,0.9407462694344385,11.145401437779878
43,lin_phy,lodo,ElasticNet,41,79,True,False,10.32862265345733,15.747140336671736,0.9492908316339151,10.216694824754565
43,lin_phy,lodo,RandomForest,41,79,True,False,29.98781407770041,48.77414123108076,0.5135229516798837,29.686402173346945
43,lin_phy,lodo,GradBoost,41,79,True,False,34.12506005616704,52.52172585314984,0.43589354499910604,33.590903423849916
43,lin_phy,lodo,XGBoost,41,79,True,False,22.374733879234217,35.40183090188973,0.7437083016356185,22.346919068098067
43,lin_phy,lodo,XGBoost_d2,41,79,True,False,22.607209867163547,35.77458600076993,0.7382827636732461,22.324446746110915
43,lin_phy,lodo,XGBoost_d4,41,79,True,False,24.95566260301614,41.09586657910279,0.6546341612638937,24.805648036003113
43,lin_phy,lodo,Best:ElasticNet,41,79,True,False,10.32862265345733,15.747140336671736,0.9492908316339151,10.216694824754565
43,lin_phy,loo,XGBoost,41,79,True,False,4.58777411967893,7.947418350417648,0.9870837857021931,2.0335596060752863
43,lin_phy,lopo,XGBoost,41,79,True,False,5.958004392310033,10.06685842544646,0.979276122602194,1.9374904263019557
43,lin_phy,lodo,MeanBaseline,0,79,False,False,66.65439473753176,79.9027265593711,-0.30558842409967646,66.87821169772255
43,canopy,lodo,Ridge,49,79,False,False,47.42720470347458,54.595752158999574,0.39046198057806314,47.7399572317974
43,canopy,lodo,ElasticNet,49,79,False,False,46.81137012443683,53.968447713725524,0.4043886765051622,47.35261036762337
43,canopy,lodo,RandomForest,49,79,False,False,50.76036529532397,62.14428697033069,0.21025749829276308,51.33202119223269
43,canopy,lodo,GradBoost,49,79,False,False,41.435151146823216,56.34354073533358,0.3508106849902587,41.935687933613806
43,canopy,lodo,XGBoost,49,79,False,False,27.701211158173,38.609412949963335,0.6951617295199828,27.690560714006423
43,canopy,lodo,XGBoost_d2,49,79,False,False,27.583396585198898,38.57289679844702,0.6957380789445238,27.450300261974334
43,canopy,lodo,XGBoost_d4,49,79,False,False,28.31878620606435,39.65090091209311,0.6784939045111462,28.016270384788513
43,canopy,lodo,Best:XGBoost_d2,49,79,False,False,27.583396585198898,38.57289679844702,0.6957380789445238,27.450300261974334
43,canopy,loo,XGBoost,49,79,False,False,5.1095251810098,8.202818687197036,0.9862402888642927,1.391971372365951
43,canopy,lopo,XGBoost,49,79,False,False,5.895782732782483,9.366563733799747,0.9820591226373228,1.1266384351253504
43,canopy,lodo,MeanBaseline,0,79,False,False,66.65439473753176,79.9027265593711,-0.30558842409967646,66.87821169772255
43,canopy,lodo,Ridge,49,79,True,False,21.680771831406574,30.511374288730398,0.8096264399683633,20.43265156966483
43,canopy,lodo,ElasticNet,49,79,True,False,14.927290032102333,22.391761339966937,0.8974679582756302,13.021900623112193
43,canopy,lodo,RandomForest,49,79,True,False,29.843118171761862,50.95747099560638,0.468994738569562,29.323303123060118
43,canopy,lodo,GradBoost,49,79,True,False,31.55317357387658,50.198064497418116,0.484703684862408,31.32196760086823
43,canopy,lodo,XGBoost,49,79,True,False,27.56185554093953,38.37570954708053,0.6988409425411575,27.254940614700317
43,canopy,lodo,XGBoost_d2,49,79,True,False,27.792946195240265,38.84235345437456,0.6914722981943431,27.573388860225677
43,canopy,lodo,XGBoost_d4,49,79,True,False,27.59632235683973,38.61050627634142,0.6951444646917632,27.542815551757812
43,canopy,lodo,Best:ElasticNet,49,79,True,False,14.927290032102333,22.391761339966937,0.8974679582756302,13.021900623112193
43,canopy,loo,XGBoost,49,79,True,False,3.9250984575778602,6.245174210822618,0.9920242376017904,1.8171363031864158
43,canopy,lopo,XGBoost,49,79,True,False,5.962941278264491,9.72388493546057,0.9806641746531017,1.7329852807521815
43,canopy,lodo,MeanBaseline,0,79,False,False,66.65439473753176,79.9027265593711,-0.30558842409967646,66.87821169772255
43,climate,lodo,Ridge,25,79,False,False,28.279192391196272,42.64078999078599,0.6281792893411999,28.986710597623635
43,climate,lodo,ElasticNet,25,79,False,False,28.19150030960239,40.836274344113775,0.6589835586911884,28.937678055832624
43,climate,lodo,RandomForest,25,79,False,False,31.41890423133819,41.417781218423826,0.6492022882759163,31.600145741524358
43,climate,lodo,GradBoost,25,79,False,False,36.229096155182795,45.120226794925486,0.583681566964674,36.57621004554018
43,climate,lodo,XGBoost,25,79,False,False,27.511312842308726,37.46839401405668,0.7129131834338246,27.446093425750732
43,climate,lodo,XGBoost_d2,25,79,False,False,27.563220612550086,37.694068657971926,0.7094444824826169,27.286469177007675
43,climate,lodo,XGBoost_d4,25,79,False,False,27.514746914875662,37.49566255445435,0.7124951624681521,27.58672912478447
43,climate,lodo,Best:XGBoost,25,79,False,False,27.511312842308726,37.46839401405668,0.7129131834338246,27.446093425750732
43,climate,loo,XGBoost,25,79,False,False,3.327718262551706,4.846396297777222,0.9951969076075277,1.417148765325545
43,climate,lopo,XGBoost,25,79,False,False,4.957187572430961,7.983659109054702,0.9869657195194946,0.6706499099731447
43,climate,lodo,MeanBaseline,0,79,False,False,66.65439473753176,79.9027265593711,-0.30558842409967646,66.87821169772255
43,climate,lodo,Ridge,25,79,True,False,28.249855044750237,49.45094402056233,0.49992831370573987,27.923848024778263
43,climate,lodo,ElasticNet,25,79,True,False,28.765580099777477,49.09100681476097,0.5071815360209025,29.082733302264458
43,climate,lodo,RandomForest,25,79,True,False,29.743544859702922,44.08273704341737,0.6026070159799439,29.764383676456262
43,climate,lodo,GradBoost,25,79,True,False,32.63139599128203,49.5662391020004,0.4975937569317561,32.444495026563345
43,climate,lodo,XGBoost,25,79,True,False,27.395456080134917,37.430786141377276,0.713489205239473,27.227598623037338
43,climate,lodo,XGBoost_d2,25,79,True,False,27.545421161168743,37.81190042330919,0.7076250884643336,27.43982224225998
43,climate,lodo,XGBoost_d4,25,79,True,False,27.54625689373741,37.60289410017473,0.7108483761546716,27.502134368419647
43,climate,lodo,Best:XGBoost,25,79,True,False,27.395456080134917,37.430786141377276,0.713489205239473,27.227598623037338
43,climate,loo,XGBoost,25,79,True,False,3.024649170501323,4.6202106512074135,0.9956347748738369,0.8612293243408204
43,climate,lopo,XGBoost,25,79,True,False,5.369955566019951,8.824568905379811,0.9840753429022291,0.898131992816926
43,climate,lodo,MeanBaseline,0,79,False,False,66.65439473753176,79.9027265593711,-0.30558842409967646,66.87821169772255
43,compact,lodo,Ridge,166,79,False,False,48.36870378859163,63.715991550384544,0.16980524670809616,48.03303274654222
43,compact,lodo,ElasticNet,166,79,False,False,48.220056605208065,62.38164886394109,0.20421308844326724,47.96585403902951
43,compact,lodo,RandomForest,166,79,False,False,35.71813156778889,52.721037875590596,0.4316040236592237,35.767120216798155
43,compact,lodo,GradBoost,166,79,False,False,37.56714716448225,55.72361894251822,0.3650175535093926,38.58746484898654
43,compact,lodo,XGBoost,166,79,False,False,24.826090140523785,35.232518806610095,0.7461539106574483,24.775556474924088
43,compact,lodo,XGBoost_d2,166,79,False,False,25.669780288889438,34.70225412970522,0.753737397882151,25.875464737415314
43,compact,lodo,XGBoost_d4,166,79,False,False,25.237633730248557,36.53999672512472,0.7269638819999963,24.66987282037735
43,compact,lodo,Best:XGBoost,166,79,False,False,24.826090140523785,35.232518806610095,0.7461539106574483,24.775556474924088
43,compact,loo,XGBoost,166,79,False,False,5.497798669911638,9.495853941535357,0.9815604149267495,1.3838499116897578
43,compact,lopo,XGBoost,166,79,False,False,6.4248962179014955,10.876481637826721,0.9758086583845702,0.9380931782722468
43,compact,lodo,MeanBaseline,0,79,False,False,66.65439473753176,79.9027265593711,-0.30558842409967646,66.87821169772255
43,compact,lodo,Ridge,166,79,True,False,39.674639052032134,57.059774131361195,0.3342009230100844,39.9643727404669
43,compact,lodo,ElasticNet,166,79,True,False,30.341712625557957,54.677791459698526,0.38862873743545234,30.298518761583964
43,compact,lodo,RandomForest,166,79,True,False,32.930409276244376,55.750507209684564,0.36440461065893825,32.6108276563224
43,compact,lodo,GradBoost,166,79,True,False,34.734832062041534,56.35160972726452,0.3506247301011496,33.97150476486351
43,compact,lodo,XGBoost,166,79,True,False,25.185462430157237,36.1231390275538,0.7331580795714836,25.325057060718535
43,compact,lodo,XGBoost_d2,166,79,True,False,24.919648292879515,37.5690888882119,0.7113680403110095,24.907273263931273
43,compact,lodo,XGBoost_d4,166,79,True,False,28.208256783787213,39.632646471730766,0.6787898656494329,28.452596039772033
43,compact,lodo,Best:XGBoost_d2,166,79,True,False,24.919648292879515,37.5690888882119,0.7113680403110095,24.907273263931273
43,compact,loo,XGBoost,166,79,True,False,4.313843067507199,7.849188506906817,0.9874011005208491,2.023482248783111
43,compact,lopo,XGBoost,166,79,True,False,6.192813073291053,10.422322484031035,0.9777867499171021,1.9421076405048365
43,compact,lodo,MeanBaseline,0,79,False,False,66.65439473753176,79.9027265593711,-0.30558842409967646,66.87821169772255
44,lin_phy,lodo,Ridge,41,79,False,False,26.01828338758493,31.738179669468224,0.7940095335314763,25.93193775427499
44,lin_phy,lodo,ElasticNet,41,79,False,False,27.34701228373124,33.11562243181517,0.775741487562173,27.04295016313755
44,lin_phy,lodo,RandomForest,41,79,False,False,36.787036369607456,50.394814697550956,0.4806563837723191,36.90391372805511
44,lin_phy,lodo,GradBoost,41,79,False,False,41.16852851742122,54.3382212772699,0.3961988604001072,41.73109128528501
44,lin_phy,lodo,XGBoost,41,79,False,False,28.00820944725713,40.22044798407084,0.6691913176276758,27.94869820833206
44,lin_phy,lodo,XGBoost_d2,41,79,False,False,26.82550377036952,39.20479281411544,0.6856876696674703,26.546493456363677
44,lin_phy,lodo,XGBoost_d4,41,79,False,False,28.564280102645302,40.63714800823435,0.662301187199877,28.230991557836532
44,lin_phy,lodo,Best:Ridge,41,79,False,False,26.01828338758493,31.738179669468224,0.7940095335314763,25.93193775427499
44,lin_phy,loo,XGBoost,41,79,False,False,5.174321363907826,8.608151570617576,0.9848468506703015,1.3149560618400569
44,lin_phy,lopo,XGBoost,41,79,False,False,6.226390032345734,10.187133527392188,0.9787779619065761,1.7462799477577204
44,lin_phy,lodo,MeanBaseline,0,79,False,False,66.65439473753176,79.9027265593711,-0.30558842409967646,66.87821169772255
44,lin_phy,lodo,Ridge,41,79,True,False,12.014987162209275,17.022224069771937,0.9407462694344385,11.145401437779878
44,lin_phy,lodo,ElasticNet,41,79,True,False,10.32862265345733,15.747140336671736,0.9492908316339151,10.216694824754565
44,lin_phy,lodo,RandomForest,41,79,True,False,29.37857360684249,46.88510106512688,0.5504760809433227,29.348388293831498
44,lin_phy,lodo,GradBoost,41,79,True,False,32.14389901519624,51.18805714510983,0.46417819306284036,31.943053553334497
44,lin_phy,lodo,XGBoost,41,79,True,False,25.10490252844895,36.57079282993578,0.7265034554535308,24.867637709379196
44,lin_phy,lodo,XGBoost_d2,41,79,True,False,25.238028720903998,37.3341202961743,0.7149671354922768,25.002985880374908
44,lin_phy,lodo,XGBoost_d4,41,79,True,False,26.53320444227774,38.953597324145136,0.689702530866426,26.71804173350334
44,lin_phy,lodo,Best:ElasticNet,41,79,True,False,10.32862265345733,15.747140336671736,0.9492908316339151,10.216694824754565
44,lin_phy,loo,XGBoost,41,79,True,False,4.1925550117975545,7.394442692248029,0.9888186565583296,2.270366296768188
44,lin_phy,lopo,XGBoost,41,79,True,False,6.017229478329042,10.461093600466887,0.977621175612078,2.504245691299438
44,lin_phy,lodo,MeanBaseline,0,79,False,False,66.65439473753176,79.9027265593711,-0.30558842409967646,66.87821169772255
44,canopy,lodo,Ridge,49,79,False,False,47.42720470347458,54.595752158999574,0.39046198057806314,47.7399572317974
44,canopy,lodo,ElasticNet,49,79,False,False,46.81137012443683,53.968447713725524,0.4043886765051622,47.35261036762337
44,canopy,lodo,RandomForest,49,79,False,False,51.87111463149648,63.583496569452365,0.17325437363592744,52.486299366934034
44,canopy,lodo,GradBoost,49,79,False,False,37.27116098944724,53.92343712118892,0.4053817619180129,37.54051910191646
44,canopy,lodo,XGBoost,49,79,False,False,27.584460422902172,38.11045909042838,0.7029897391010194,27.43176575064659
44,canopy,lodo,XGBoost_d2,49,79,False,False,27.03858819744255,37.386005587519406,0.7141743331090831,27.005644932985305
44,canopy,lodo,XGBoost_d4,49,79,False,False,27.99228966230079,38.774195829453454,0.6925541103856524,27.636408076286315
44,canopy,lodo,Best:XGBoost_d2,49,79,False,False,27.03858819744255,37.386005587519406,0.7141743331090831,27.005644932985305
44,canopy,loo,XGBoost,49,79,False,False,4.841207159380369,7.717775586376985,0.9878194363703321,1.7058160829544062
44,canopy,lopo,XGBoost,49,79,False,False,6.172274905941153,9.68810255773045,0.9808062184560429,1.621516757011413
44,canopy,lodo,MeanBaseline,0,79,False,False,66.65439473753176,79.9027265593711,-0.30558842409967646,66.87821169772255
44,canopy,lodo,Ridge,49,79,True,False,21.680771831406574,30.511374288730398,0.8096264399683633,20.43265156966483
44,canopy,lodo,ElasticNet,49,79,True,False,14.927290032102333,22.391761339966937,0.8974679582756302,13.021900623112193
44,canopy,lodo,RandomForest,49,79,True,False,29.13577925589532,49.724917685412166,0.494371857520179,28.793075339493704
44,canopy,lodo,GradBoost,49,79,True,False,29.121423204925726,41.783150478344,0.6429858262150889,28.93477326637984
44,canopy,lodo,XGBoost,49,79,True,False,27.135216986016385,37.24375248585058,0.716345318348173,26.771280810832977
44,canopy,lodo,XGBoost_d2,49,79,True,False,27.38575261900697,37.748146811068004,0.7086101879895994,27.100256786346435
44,canopy,lodo,XGBoost_d4,49,79,True,False,27.632359838123566,38.16616488335746,0.7021208288604864,27.790431723594665
44,canopy,lodo,Best:ElasticNet,49,79,True,False,14.927290032102333,22.391761339966937,0.8974679582756302,13.021900623112193
44,canopy,loo,XGBoost,49,79,True,False,3.8919195893444574,6.1433709782845085,0.9922821456946344,1.7805683839321131
44,canopy,lopo,XGBoost,49,79,True,False,5.871589295954643,9.786701089804431,0.9804135494444273,1.8722407746314997
44,canopy,lodo,MeanBaseline,0,79,False,False,66.65439473753176,79.9027265593711,-0.30558842409967646,66.87821169772255
44,climate,lodo,Ridge,25,79,False,False,28.279192391196272,42.64078999078599,0.6281792893411999,28.986710597623635
44,climate,lodo,ElasticNet,25,79,False,False,28.19150030960239,40.836274344113775,0.6589835586911884,28.937678055832624
44,climate,lodo,RandomForest,25,79,False,False,32.06026035533392,41.883394071317404,0.6412707179109616,32.483872926013305
44,climate,lodo,GradBoost,25,79,False,False,34.54027306246252,49.328631373392284,0.5023990227951025,35.06180485270609
44,climate,lodo,XGBoost,25,79,False,False,27.44967765590813,37.36005594039834,0.7145709789116741,27.38975833415985
44,climate,lodo,XGBoost_d2,25,79,False,False,27.694121223401424,37.80048564270437,0.7078015880150161,27.514026806354522
44,climate,lodo,XGBoost_d4,25,79,False,False,27.546024480892136,37.536538824539726,0.7118679682575677,27.693714336156845
44,climate,lodo,Best:XGBoost,25,79,False,False,27.44967765590813,37.36005594039834,0.7145709789116741,27.38975833415985
44,climate,loo,XGBoost,25,79,False,False,3.354582165102415,5.0309727041305035,0.9948240864443343,1.439969830513
44,climate,lopo,XGBoost,25,79,False,False,4.914218626988086,7.93402130369873,0.9871272949958576,0.7601045608520509
44,climate,lodo,MeanBaseline,0,79,False,False,66.65439473753176,79.9027265593711,-0.30558842409967646,66.87821169772255
44,climate,lodo,Ridge,25,79,True,False,28.249855044750237,49.45094402056233,0.49992831370573987,27.923848024778263
44,climate,lodo,ElasticNet,25,79,True,False,28.765580099777477,49.09100681476097,0.5071815360209025,29.082733302264458
44,climate,lodo,RandomForest,25,79,True,False,30.354571118205687,44.67243525236984,0.5919039901750305,30.594256217673905
44,climate,lodo,GradBoost,25,79,True,False,31.287464285045996,49.12207230862002,0.5065576134720342,31.3665498799639
44,climate,lodo,XGBoost,25,79,True,False,27.511524841694897,37.5193030236857,0.7121325129546847,27.262437686920165
44,climate,lodo,XGBoost_d2,25,79,True,False,27.867817463693743,38.403516618876424,0.6984043442000332,27.737635598182678
44,climate,lodo,XGBoost_d4,25,79,True,False,27.542966759597203,37.581805165157746,0.7111726166154239,27.631952718496322
44,climate,lodo,Best:XGBoost,25,79,True,False,27.511524841694897,37.5193030236857,0.7121325129546847,27.262437686920165
44,climate,loo,XGBoost,25,79,True,False,3.009802790170984,4.4153822374548595,0.9960132435569279,1.0548909473419188
44,climate,lopo,XGBoost,25,79,True,False,5.326148920300641,8.791939420475158,0.9841928903336936,0.8881215345859534
44,climate,lodo,MeanBaseline,0,79,False,False,66.65439473753176,79.9027265593711,-0.30558842409967646,66.87821169772255
44,compact,lodo,Ridge,166,79,False,False,48.36870378859163,63.715991550384544,0.16980524670809616,48.03303274654222
44,compact,lodo,ElasticNet,166,79,False,False,48.220056605208065,62.38164886394109,0.20421308844326724,47.96585403902951
44,compact,lodo,RandomForest,166,79,False,False,35.81611888858962,53.640843660643355,0.411597794436395,35.77804427476826
44,compact,lodo,GradBoost,166,79,False,False,29.585278309481165,47.14011969367028,0.5455726579416644,30.19412137813593
44,compact,lodo,XGBoost,166,79,False,False,24.727844807105726,36.18984934459127,0.7321715902094132,24.52331887245178
44,compact,lodo,XGBoost_d2,166,79,False,False,23.592553417833543,36.16312207598279,0.7325670424515965,23.088042511940003
44,compact,lodo,XGBoost_d4,166,79,False,False,25.894750367176684,37.33015209400346,0.7150277239252032,25.905807540416717
44,compact,lodo,Best:XGBoost_d2,166,79,False,False,23.592553417833543,36.16312207598279,0.7325670424515965,23.088042511940003
44,compact,loo,XGBoost,166,79,False,False,5.446333455797991,9.063111008062762,0.9832027691389446,1.3419617044925685
44,compact,lopo,XGBoost,166,79,False,False,6.558112423208694,10.722253205001001,0.9764898602848809,1.3864662086963644
44,compact,lodo,MeanBaseline,0,79,False,False,66.65439473753176,79.9027265593711,-0.30558842409967646,66.87821169772255
44,compact,lodo,Ridge,166,79,True,False,39.674639052032134,57.059774131361195,0.3342009230100844,39.9643727404669
44,compact,lodo,ElasticNet,166,79,True,False,30.341712625557957,54.677791459698526,0.38862873743545234,30.298518761583964
44,compact,lodo,RandomForest,166,79,True,False,33.963200944658404,55.9416131086977,0.3600396561607664,33.50250010539638
44,compact,lodo,GradBoost,166,79,True,False,32.80831683673983,53.0570947646035,0.42433473707269764,32.113464898757314
44,compact,lodo,XGBoost,166,79,True,False,26.708826495061945,37.618836272885794,0.7106031459719583,26.368027762174606
44,compact,lodo,XGBoost_d2,166,79,True,False,26.714906736204895,38.440599549696955,0.6978216136817477,26.511795476675033
44,compact,lodo,XGBoost_d4,166,79,True,False,27.024841768771793,37.973084745918044,0.7051271078669545,27.07513396501541
44,compact,lodo,Best:XGBoost,166,79,True,False,26.708826495061945,37.618836272885794,0.7106031459719583,26.368027762174606
44,compact,loo,XGBoost,166,79,True,False,4.301891018831276,7.701380586305584,0.9878711321539043,2.116978183984756
44,compact,lopo,XGBoost,166,79,True,False,5.989261925733542,10.262833673476994,0.9784613899606684,1.9210024654865265
44,compact,lodo,MeanBaseline,0,79,False,False,66.65439473753176,79.9027265593711,-0.30558842409967646,66.87821169772255
45,lin_phy,lodo,Ridge,41,79,False,False,26.01828338758493,31.738179669468224,0.7940095335314763,25.93193775427499
45,lin_phy,lodo,ElasticNet,41,79,False,False,27.34701228373124,33.11562243181517,0.775741487562173,27.04295016313755
45,lin_phy,lodo,RandomForest,41,79,False,False,35.51545243367241,50.05110140619327,0.48771649759870017,35.73163866364591
45,lin_phy,lodo,GradBoost,41,79,False,False,39.99117525619066,53.127135679453275,0.422813857151522,40.63620358607299
45,lin_phy,lodo,XGBoost,41,79,False,False,27.644809051706822,43.65758334563834,0.6102353248447923,27.016760165691377
45,lin_phy,lodo,XGBoost_d2,41,79,False,False,26.61634752394278,41.71397892328144,0.6441669139960613,25.724135155677793
45,lin_phy,lodo,XGBoost_d4,41,79,False,False,27.520840668014333,44.370980695900826,0.5973931611382208,26.86453592300415
45,lin_phy,lodo,Best:Ridge,41,79,False,False,26.01828338758493,31.738179669468224,0.7940095335314763,25.93193775427499
45,lin_phy,loo,XGBoost,41,79,False,False,5.386817601602289,9.245812913369349,0.9825187173407889,1.3556076812744136
45,lin_phy,lopo,XGBoost,41,79,False,False,6.457047501213942,10.63337939340401,0.976877983249051,1.4177508091926565
45,lin_phy,lodo,MeanBaseline,0,79,False,False,66.65439473753176,79.9027265593711,-0.30558842409967646,66.87821169772255
45,lin_phy,lodo,Ridge,41,79,True,False,12.014987162209275,17.022224069771937,0.9407462694344385,11.145401437779878
45,lin_phy,lodo,ElasticNet,41,79,True,False,10.32862265345733,15.747140336671736,0.9492908316339151,10.216694824754565
45,lin_phy,lodo,RandomForest,41,79,True,False,29.499843889951574,48.54027184055544,0.5181770295332133,29.115765588165875
45,lin_phy,lodo,GradBoost,41,79,True,False,36.65508704013744,57.59889219347104,0.32156014337125416,36.19823351775742
45,lin_phy,lodo,XGBoost,41,79,True,False,22.874115315690823,36.28119992984059,0.7308177762878008,23.172578134536742
45,lin_phy,lodo,XGBoost_d2,41,79,True,False,22.698071606310105,36.21320758399034,0.73182574632492,22.541146018505096
45,lin_phy,lodo,XGBoost_d4,41,79,True,False,25.683520969680593,41.56197396185806,0.6467554872923146,25.749917962551116
45,lin_phy,lodo,Best:ElasticNet,41,79,True,False,10.32862265345733,15.747140336671736,0.9492908316339151,10.216694824754565
45,lin_phy,loo,XGBoost,41,79,True,False,4.166467670247522,7.083898630611567,0.989738100238576,2.038790665864944
45,lin_phy,lopo,XGBoost,41,79,True,False,6.040524441079247,10.448023614939679,0.9776770604372068,1.8334403288364414
45,lin_phy,lodo,MeanBaseline,0,79,False,False,66.65439473753176,79.9027265593711,-0.30558842409967646,66.87821169772255
45,canopy,lodo,Ridge,49,79,False,False,47.42720470347458,54.595752158999574,0.39046198057806314,47.7399572317974
45,canopy,lodo,ElasticNet,49,79,False,False,46.81137012443683,53.968447713725524,0.4043886765051622,47.35261036762337
45,canopy,lodo,RandomForest,49,79,False,False,52.20304142449399,64.15762530656833,0.1582567274534552,52.89135443139237
45,canopy,lodo,GradBoost,49,79,False,False,37.68202875651373,53.15612082968962,0.42218388188228173,37.760076766396125
45,canopy,lodo,XGBoost,49,79,False,False,28.505514934153503,40.87120206030692,0.6583999589655213,28.222955181598664
45,canopy,lodo,XGBoost_d2,49,79,False,False,27.67776113147977,39.36506785711747,0.6831125051632203,27.538625375032424
45,canopy,lodo,XGBoost_d4,49,79,False,False,29.53044820326794,42.8679789714738,0.6242066328908942,29.296830043792724
45,canopy,lodo,Best:XGBoost_d2,49,79,False,False,27.67776113147977,39.36506785711747,0.6831125051632203,27.538625375032424
45,canopy,loo,XGBoost,49,79,False,False,5.0892072258719905,8.183963982390269,0.9863034713232117,1.7996443438529963
45,canopy,lopo,XGBoost,49,79,False,False,6.060798416379131,9.491304803498366,0.9815780782407248,1.4967801606655111
45,canopy,lodo,MeanBaseline,0,79,False,False,66.65439473753176,79.9027265593711,-0.30558842409967646,66.87821169772255
45,canopy,lodo,Ridge,49,79,True,False,21.680771831406574,30.511374288730398,0.8096264399683633,20.43265156966483
45,canopy,lodo,ElasticNet,49,79,True,False,14.927290032102333,22.391761339966937,0.8974679582756302,13.021900623112193
45,canopy,lodo,RandomForest,49,79,True,False,29.80819778992558,51.35254924865433,0.46072894818355004,28.992875169351258
45,canopy,lodo,GradBoost,49,79,True,False,29.963743657244724,48.90605712107169,0.5108879145628589,29.330287675744085
45,canopy,lodo,XGBoost,49,79,True,False,29.46566435801833,41.94478324979147,0.640218356444824,29.271056876182556
45,canopy,lodo,XGBoost_d2,49,79,True,False,28.70398419561266,41.11247168691154,0.6543550093166971,28.602088556289672
45,canopy,lodo,XGBoost_d4,49,79,True,False,29.813171412311032,42.18160163486873,0.6361442653609918,29.558384582996368
45,canopy,lodo,Best:ElasticNet,49,79,True,False,14.927290032102333,22.391761339966937,0.8974679582756302,13.021900623112193
45,canopy,loo,XGBoost,49,79,True,False,3.863702111425279,6.364527206743726,0.9917164711905831,1.8382364153862
45,canopy,lopo,XGBoost,49,79,True,False,5.693731417112712,9.168715727322619,0.9828090408643608,1.8426451909542079
45,canopy,lodo,MeanBaseline,0,79,False,False,66.65439473753176,79.9027265593711,-0.30558842409967646,66.87821169772255
45,climate,lodo,Ridge,25,79,False,False,28.279192391196272,42.64078999078599,0.6281792893411999,28.986710597623635
45,climate,lodo,ElasticNet,25,79,False,False,28.19150030960239,40.836274344113775,0.6589835586911884,28.937678055832624
45,climate,lodo,RandomForest,25,79,False,False,32.19570160954299,41.83637102917646,0.6420757659857251,32.51583328136085
45,climate,lodo,GradBoost,25,79,False,False,35.59345669340728,46.2176169727015,0.5631843491593684,36.048826164029066
45,climate,lodo,XGBoost,25,79,False,False,27.341374664306645,37.34538544390046,0.7147950986674103,27.07366971731186
45,climate,lodo,XGBoost_d2,25,79,False,False,27.45975333597087,37.587573994963634,0.7110839394541352,27.272261605262756
45,climate,lodo,XGBoost_d4,25,79,False,False,27.43530027317096,37.41728864798856,0.713695798832984,27.56533376932144
45,climate,lodo,Best:XGBoost,25,79,False,False,27.341374664306645,37.34538544390046,0.7147950986674103,27.07366971731186
45,climate,loo,XGBoost,25,79,False,False,3.373513794669621,4.938734755750433,0.9950121372255442,1.3079887187480919
45,climate,lopo,XGBoost,25,79,False,False,4.8932136604453955,8.000234624800731,0.9869115403022501,0.7532403111457826
45,climate,lodo,MeanBaseline,0,79,False,False,66.65439473753176,79.9027265593711,-0.30558842409967646,66.87821169772255
45,climate,lodo,Ridge,25,79,True,False,28.249855044750237,49.45094402056233,0.49992831370573987,27.923848024778263
45,climate,lodo,ElasticNet,25,79,True,False,28.765580099777477,49.09100681476097,0.5071815360209025,29.082733302264458
45,climate,lodo,RandomForest,25,79,True,False,29.762143517125757,43.31541462921864,0.6163209869250763,29.83118725320322
45,climate,lodo,GradBoost,25,79,True,False,32.90433555353934,51.58597180264459,0.45581530254079594,32.3781908247619
45,climate,lodo,XGBoost,25,79,True,False,27.491749034591873,37.57523965589036,0.7112735235949081,27.30420340657234
45,climate,lodo,XGBoost_d2,25,79,True,False,27.804055529244344,38.29652663038725,0.7000824596737868,27.786884412765502
45,climate,lodo,XGBoost_d4,25,79,True,False,27.533544451315198,37.58165312896259,0.7111749534977216,27.530256793498992
45,climate,lodo,Best:XGBoost,25,79,True,False,27.491749034591873,37.57523965589036,0.7112735235949081,27.30420340657234
45,climate,loo,XGBoost,25,79,True,False,3.0237935300416585,4.709046142590477,0.9954652955788251,1.0497939753532408
45,climate,lopo,XGBoost,25,79,True,False,5.248784537496446,8.5160258652942,0.9851694575595464,1.0034848189353955
45,climate,lodo,MeanBaseline,0,79,False,False,66.65439473753176,79.9027265593711,-0.30558842409967646,66.87821169772255
45,compact,lodo,Ridge,166,79,False,False,48.36870378859163,63.715991550384544,0.16980524670809616,48.03303274654222
45,compact,lodo,ElasticNet,166,79,False,False,48.220056605208065,62.38164886394109,0.20421308844326724,47.96585403902951
45,compact,lodo,RandomForest,166,79,False,False,36.9754693047716,54.230356426297774,0.39859364903583105,36.57773948894058
45,compact,lodo,GradBoost,166,79,False,False,40.95179614484941,56.73119753168479,0.3418468039184386,41.457292191202704
45,compact,lodo,XGBoost,166,79,False,False,24.868748114380654,35.639419938816914,0.7402567045862374,24.580057032108307
45,compact,lodo,XGBoost_d2,166,79,False,False,24.421121673342547,34.919065840729004,0.7506506007925149,24.40305930376053
45,compact,lodo,XGBoost_d4,166,79,False,False,25.277607627578927,36.439571131742866,0.7284626305856889,25.317814826965332
45,compact,lodo,Best:XGBoost_d2,166,79,False,False,24.421121673342547,34.919065840729004,0.7506506007925149,24.40305930376053
45,compact,loo,XGBoost,166,79,False,False,5.487085020210169,9.31368198096266,0.9822611320094918,1.7067398059368128
45,compact,lopo,XGBoost,166,79,False,False,6.463313152820249,10.372528549007358,0.977998495984969,1.2556326723098745
45,compact,lodo,MeanBaseline,0,79,False,False,66.65439473753176,79.9027265593711,-0.30558842409967646,66.87821169772255
45,compact,lodo,Ridge,166,79,True,False,39.674639052032134,57.059774131361195,0.3342009230100844,39.9643727404669
45,compact,lodo,ElasticNet,166,79,True,False,30.341712625557957,54.677791459698526,0.38862873743545234,30.298518761583964
45,compact,lodo,RandomForest,166,79,True,False,33.24661931852035,54.527020450975954,0.39199573426941503,32.66576080022078
45,compact,lodo,GradBoost,166,79,True,False,30.367462873211377,53.14135913059883,0.4225047617051526,29.897548785293523
45,compact,lodo,XGBoost,166,79,True,False,25.007980720906314,36.37707074633279,0.7293933021276886,25.14234194278717
45,compact,lodo,XGBoost_d2,166,79,True,False,24.1795756400386,36.15074950400592,0.7327500060508069,24.330365986824035
45,compact,lodo,XGBoost_d4,166,79,True,False,26.56935155940961,38.53399700242085,0.696351450489477,26.68704053878784
45,compact,lodo,Best:XGBoost_d2,166,79,True,False,24.1795756400386,36.15074950400592,0.7327500060508069,24.330365986824035
45,compact,loo,XGBoost,166,79,True,False,4.273936875017382,7.8749752461105365,0.9873181828530461,1.9892465102672572
45,compact,lopo,XGBoost,166,79,True,False,6.268443497404267,10.452766041448276,0.9776567907803565,1.7219369888305665
45,compact,lodo,MeanBaseline,0,79,False,False,66.65439473753176,79.9027265593711,-0.30558842409967646,66.87821169772255
46,lin_phy,lodo,Ridge,41,79,False,False,26.01828338758493,31.738179669468224,0.7940095335314763,25.93193775427499
46,lin_phy,lodo,ElasticNet,41,79,False,False,27.34701228373124,33.11562243181517,0.775741487562173,27.04295016313755
46,lin_phy,lodo,RandomForest,41,79,False,False,35.83998288179695,49.33523544300584,0.5022657771980603,35.91732152420561
46,lin_phy,lodo,GradBoost,41,79,False,False,42.20486529245743,54.746603560887515,0.3870889454108233,42.76285871290577
46,lin_phy,lodo,XGBoost,41,79,False,False,26.096445062130314,40.805685451957416,0.6594942521109235,25.89920328617096
46,lin_phy,lodo,XGBoost_d2,41,79,False,False,25.44770663587353,38.96715876200645,0.6894864372246106,24.893707737922668
46,lin_phy,lodo,XGBoost_d4,41,79,False,False,27.22708445295503,41.89648385636087,0.6410464560971546,26.73111461162567
46,lin_phy,lodo,Best:XGBoost_d2,41,79,False,False,25.44770663587353,38.96715876200645,0.6894864372246106,24.893707737922668
46,lin_phy,loo,XGBoost,41,79,False,False,5.253048700622365,9.28274604299537,0.9823787776704797,1.4313287961482997
46,lin_phy,lopo,XGBoost,41,79,False,False,6.109769087441359,10.004586613972426,0.9795317181192477,1.0089414346218104
46,lin_phy,lodo,MeanBaseline,0,79,False,False,66.65439473753176,79.9027265593711,-0.30558842409967646,66.87821169772255
46,lin_phy,lodo,Ridge,41,79,True,False,12.014987162209275,17.022224069771937,0.9407462694344385,11.145401437779878
46,lin_phy,lodo,ElasticNet,41,79,True,False,10.32862265345733,15.747140336671736,0.9492908316339151,10.216694824754565
46,lin_phy,lodo,RandomForest,41,79,True,False,28.252223463999346,46.84320703775223,0.5512790632615012,28.070942556341304
46,lin_phy,lodo,GradBoost,41,79,True,False,26.98558933138804,45.62980057120131,0.5742249254222453,26.445160193893287
46,lin_phy,lodo,XGBoost,41,79,True,False,23.488044123830672,35.657501305048925,0.7399930804853112,23.35969097971916
46,lin_phy,lodo,XGBoost_d2,41,79,True,False,23.94304366196258,36.254653994178824,0.731211538338334,23.721814975738525
46,lin_phy,lodo,XGBoost_d4,41,79,True,False,25.669959170184555,40.44933576477365,0.6654154514543467,25.64019407391548
46,lin_phy,lodo,Best:ElasticNet,41,79,True,False,10.32862265345733,15.747140336671736,0.9492908316339151,10.216694824754565
46,lin_phy,loo,XGBoost,41,79,True,False,4.338216241281242,7.984955763273352,0.9869614852887959,1.8352512049674983
46,lin_phy,lopo,XGBoost,41,79,True,False,5.873030635857884,10.09052059600798,0.9791785850763803,1.7454399323463432
46,lin_phy,lodo,MeanBaseline,0,79,False,False,66.65439473753176,79.9027265593711,-0.30558842409967646,66.87821169772255
46,canopy,lodo,Ridge,49,79,False,False,47.42720470347458,54.595752158999574,0.39046198057806314,47.7399572317974
46,canopy,lodo,ElasticNet,49,79,False,False,46.81137012443683,53.968447713725524,0.4043886765051622,47.35261036762337
46,canopy,lodo,RandomForest,49,79,False,False,50.985451683407376,62.91127789029328,0.19064303915243397,51.615151994189816
46,canopy,lodo,GradBoost,49,79,False,False,37.427287150486,49.277089210066336,0.5034383393529878,37.766833235369525
46,canopy,lodo,XGBoost,49,79,False,False,27.66386996788315,39.02059807374489,0.688634180616361,27.61395220518112
46,canopy,lodo,XGBoost_d2,49,79,False,False,27.351779086197478,38.44887329603768,0.6976915212062702,27.307619169950485
46,canopy,lodo,XGBoost_d4,49,79,False,False,28.123971668919435,39.918195439101325,0.6741446223385723,28.009873197078704
46,canopy,lodo,Best:XGBoost_d2,49,79,False,False,27.351779086197478,38.44887329603768,0.6976915212062702,27.307619169950485
46,canopy,loo,XGBoost,49,79,False,False,4.969229317918608,8.048436789279615,0.9867533467719796,1.562951974868774
46,canopy,lopo,XGBoost,49,79,False,False,5.885780366462997,9.168798117389008,0.9828087319071044,1.2243076193332667
46,canopy,lodo,MeanBaseline,0,79,False,False,66.65439473753176,79.9027265593711,-0.30558842409967646,66.87821169772255
46,canopy,lodo,Ridge,49,79,True,False,21.680771831406574,30.511374288730398,0.8096264399683633,20.43265156966483
46,canopy,lodo,ElasticNet,49,79,True,False,14.927290032102333,22.391761339966937,0.8974679582756302,13.021900623112193
46,canopy,lodo,RandomForest,49,79,True,False,28.40910939053716,49.302675569363366,0.5029225416970848,28.00734621636135
46,canopy,lodo,GradBoost,49,79,True,False,25.25974590045784,40.541846815896335,0.6638832550170692,24.90396205582372
46,canopy,lodo,XGBoost,49,79,True,False,27.76138387897347,39.14461281601248,0.6866518781954172,27.512118653059005
46,canopy,lodo,XGBoost_d2,49,79,True,False,28.198435652044758,39.84325876780015,0.6753669019108466,27.976298973560333
46,canopy,lodo,XGBoost_d4,49,79,True,False,27.863681009992774,39.842529271463505,0.6753787893164032,27.74250032067299
46,canopy,lodo,Best:ElasticNet,49,79,True,False,14.927290032102333,22.391761339966937,0.8974679582756302,13.021900623112193
46,canopy,loo,XGBoost,49,79,True,False,3.826621323356145,6.476404768235302,0.9914226909179722,1.75976625084877
46,canopy,lopo,XGBoost,49,79,True,False,5.634740603603894,9.248682329990217,0.9825078651059072,1.735035951137543
46,canopy,lodo,MeanBaseline,0,79,False,False,66.65439473753176,79.9027265593711,-0.30558842409967646,66.87821169772255
46,climate,lodo,Ridge,25,79,False,False,28.279192391196272,42.64078999078599,0.6281792893411999,28.986710597623635
46,climate,lodo,ElasticNet,25,79,False,False,28.19150030960239,40.836274344113775,0.6589835586911884,28.937678055832624
46,climate,lodo,RandomForest,25,79,False,False,31.779769535035427,41.505283478177596,0.6477184802845259,32.0635764716828
46,climate,lodo,GradBoost,25,79,False,False,34.812292034502946,43.40234224121164,0.6147794679427925,35.324107197029
46,climate,lodo,XGBoost,25,79,False,False,27.398792690808264,37.30503040042588,0.7154111446690831,27.378514305353164
46,climate,lodo,XGBoost_d2,25,79,False,False,27.514294929081885,37.62993764729674,0.7104323178876819,27.275389508008956
46,climate,lodo,XGBoost_d4,25,79,False,False,27.522878159390224,37.481072772770595,0.712718858567851,27.624144748449325
46,climate,lodo,Best:XGBoost,25,79,False,False,27.398792690808264,37.30503040042588,0.7154111446690831,27.378514305353164
46,climate,loo,XGBoost,25,79,False,False,3.202593036060092,4.783539965002007,0.995320689051445,1.6411353802680961
46,climate,lopo,XGBoost,25,79,False,False,4.91128555889371,7.993620333488179,0.986933173442418,0.7427704572677614
46,climate,lodo,MeanBaseline,0,79,False,False,66.65439473753176,79.9027265593711,-0.30558842409967646,66.87821169772255
46,climate,lodo,Ridge,25,79,True,False,28.249855044750237,49.45094402056233,0.49992831370573987,27.923848024778263
46,climate,lodo,ElasticNet,25,79,True,False,28.765580099777477,49.09100681476097,0.5071815360209025,29.082733302264458
46,climate,lodo,RandomForest,25,79,True,False,29.657745497754068,43.76750664578548,0.6082701149650082,29.738603760821807
46,climate,lodo,GradBoost,25,79,True,False,30.93553428559356,46.656516378238415,0.5548486341285254,30.96056606513605
46,climate,lodo,XGBoost,25,79,True,False,27.522273547981364,37.55405621526914,0.7115989770681336,27.3575203871727
46,climate,lodo,XGBoost_d2,25,79,True,False,27.821979192178464,38.30946975968026,0.6998796983361931,27.80641426205635
46,climate,lodo,XGBoost_d4,25,79,True,False,27.514136877180658,37.521630028078576,0.7120968038862278,27.443777964115142
46,climate,lodo,Best:XGBoost_d4,25,79,True,False,27.514136877180658,37.521630028078576,0.7120968038862278,27.443777964115142
46,climate,loo,XGBoost,25,79,True,False,2.9560636967043337,4.408524580220788,0.9960256178323907,1.1578125822544096
46,climate,lopo,XGBoost,25,79,True,False,5.4119717466378505,8.78286503816489,0.9842255033273873,0.9289849364757548
46,climate,lodo,MeanBaseline,0,79,False,False,66.65439473753176,79.9027265593711,-0.30558842409967646,66.87821169772255
46,compact,lodo,Ridge,166,79,False,False,48.36870378859163,63.715991550384544,0.16980524670809616,48.03303274654222
46,compact,lodo,ElasticNet,166,79,False,False,48.220056605208065,62.38164886394109,0.20421308844326724,47.96585403902951
46,compact,lodo,RandomForest,166,79,False,False,37.207784950114,54.68275030820248,0.3885178392127764,37.307836830885954
46,compact,lodo,GradBoost,166,79,False,False,29.076163490976786,48.97376909390151,0.5095325948678426,28.82365698693819
46,compact,lodo,XGBoost,166,79,False,False,22.57306832567046,34.37845383365184,0.7583116185683443,22.621325976848603
46,compact,lodo,XGBoost_d2,166,79,False,False,23.19000345109384,35.19885408619882,0.7466387794786791,22.83716274023056
46,compact,lodo,XGBoost_d4,166,79,False,False,23.721633271325988,35.72948040387933,0.7389423084226608,23.622872278690338
46,compact,lodo,Best:XGBoost,166,79,False,False,22.57306832567046,34.37845383365184,0.7583116185683443,22.621325976848603
46,compact,loo,XGBoost,166,79,False,False,5.478660326245464,9.581432560953186,0.981226554479854,1.4123372960090632
46,compact,lopo,XGBoost,166,79,False,False,6.0732859040513825,9.82181601106557,0.980272743969238,1.3356740701198573
46,compact,lodo,MeanBaseline,0,79,False,False,66.65439473753176,79.9027265593711,-0.30558842409967646,66.87821169772255
46,compact,lodo,Ridge,166,79,True,False,39.674639052032134,57.059774131361195,0.3342009230100844,39.9643727404669
46,compact,lodo,ElasticNet,166,79,True,False,30.341712625557957,54.677791459698526,0.38862873743545234,30.298518761583964
46,compact,lodo,RandomForest,166,79,True,False,33.10865587322673,56.15368147137906,0.3551784240460215,32.72404951025203
46,compact,lodo,GradBoost,166,79,True,False,35.919534724011356,56.892503470964364,0.33809877975620095,34.97902957533009
46,compact,lodo,XGBoost,166,79,True,False,25.739247746045073,37.18542879896762,0.7172330287400456,25.70093052148819
46,compact,lodo,XGBoost_d2,166,79,True,False,25.743466408162174,38.15866562262302,0.7022378777760332,25.546356365680694
46,compact,lodo,XGBoost_d4,166,79,True,False,26.61476832546765,38.49217460476961,0.6970102152090168,26.761516556739807
46,compact,lodo,Best:XGBoost,166,79,True,False,25.739247746045073,37.18542879896762,0.7172330287400456,25.70093052148819
46,compact,loo,XGBoost,166,79,True,False,4.284228688372841,7.682668881832984,0.9879299985041149,2.015701525211334
46,compact,lopo,XGBoost,166,79,True,False,6.032778855094426,10.388193379847907,0.9779319914511797,1.5393393564224238
46,compact,lodo,MeanBaseline,0,79,False,False,66.65439473753176,79.9027265593711,-0.30558842409967646,66.87821169772255
