trial,unit,seed,route,mae_g,rmse_g,r2,n_pairs,split,note
trial2,tray,42,direct_level,24.657466295012334,34.426777002764496,0.628162092890058,7,LODO,true_weighin_labels
trial2,tray,42,ar_delta_4d,16.245860238983205,20.29000938976087,0.8708407765814403,7,LODO,true_weighin_labels
trial2,tray,42,persist,25.014285714285716,32.303493840229024,0.672614136576527,7,LODO,true_weighin_labels
trial2,tray,42,ar_daily_roll4,9.79482350401744,11.78845430075468,0.9564011877999399,7,LODO,secondary_interp_labels
trial2,tray,43,direct_level,24.657466295012334,34.426777002764496,0.628162092890058,7,LODO,true_weighin_labels
trial2,tray,43,ar_delta_4d,16.245860238983205,20.29000938976087,0.8708407765814403,7,LODO,true_weighin_labels
trial2,tray,43,persist,25.014285714285716,32.303493840229024,0.672614136576527,7,LODO,true_weighin_labels
trial2,tray,43,ar_daily_roll4,9.79482350401744,11.78845430075468,0.9564011877999399,7,LODO,secondary_interp_labels
trial2,tray,44,direct_level,24.657466295012334,34.426777002764496,0.628162092890058,7,LODO,true_weighin_labels
trial2,tray,44,ar_delta_4d,16.245860238983205,20.29000938976087,0.8708407765814403,7,LODO,true_weighin_labels
trial2,tray,44,persist,25.014285714285716,32.303493840229024,0.672614136576527,7,LODO,true_weighin_labels
trial2,tray,44,ar_daily_roll4,9.79482350401744,11.78845430075468,0.9564011877999399,7,LODO,secondary_interp_labels
trial2,tray,45,direct_level,24.657466295012334,34.426777002764496,0.628162092890058,7,LODO,true_weighin_labels
trial2,tray,45,ar_delta_4d,16.245860238983205,20.29000938976087,0.8708407765814403,7,LODO,true_weighin_labels
trial2,tray,45,persist,25.014285714285716,32.303493840229024,0.672614136576527,7,LODO,true_weighin_labels
trial2,tray,45,ar_daily_roll4,9.79482350401744,11.78845430075468,0.9564011877999399,7,LODO,secondary_interp_labels
trial2,tray,46,direct_level,24.657466295012334,34.426777002764496,0.628162092890058,7,LODO,true_weighin_labels
trial2,tray,46,ar_delta_4d,16.245860238983205,20.29000938976087,0.8708407765814403,7,LODO,true_weighin_labels
trial2,tray,46,persist,25.014285714285716,32.303493840229024,0.672614136576527,7,LODO,true_weighin_labels
trial2,tray,46,ar_daily_roll4,9.79482350401744,11.78845430075468,0.9564011877999399,7,LODO,secondary_interp_labels
