trial,day_t,day_future,fw_t,fw_future,pheno_mask_t,pheno_mask_future,fold,seed,pred_fw_persist,pred_fw_growmean,pred_fw_direct,pred_fw_phenotype,pred_mask_future
trial2,0,4,4.7,17.8,305174.0,394350.0,t1_to_t2,42,4.7,35.42857142857143,23.09091968636642,24.627444292521005,184316.69942898
trial2,4,8,17.8,20.8,394350.0,271981.25,t1_to_t2,42,17.8,48.52857142857143,34.16255420842582,42.51500781152784,236940.45265511
trial2,8,12,20.8,26.3,271981.25,306875.0,t1_to_t2,42,20.8,51.52857142857143,32.03097686342488,43.356683467738435,223400.67647952336
trial2,12,16,26.3,41.8,306875.0,342648.3333333333,t1_to_t2,42,26.3,57.02857142857143,43.8366681489116,54.86707721832278,203362.67283189713
trial2,16,20,41.8,70.8,342648.3333333333,68435.0,t1_to_t2,42,41.8,72.52857142857142,66.4584867539982,77.27936560758917,207330.4812249934
trial2,20,24,70.8,119.3,68435.0,84947.0,t1_to_t2,42,70.8,101.52857142857142,101.58798613233782,106.7297054402617,185169.31188769484
trial2,24,28,119.3,179.8,84947.0,,t1_to_t2,42,119.3,150.02857142857144,146.2676395024077,152.25438205581546,251777.7821571964
trial1,0,4,4.7,13.1,76366.0,154496.75,t2_to_t1,42,4.7,29.714285714285715,14.969033579170109,12.956957673236921,300926.25
trial1,4,8,13.1,19.8,154496.75,221773.5,t2_to_t1,42,13.1,38.114285714285714,18.083044364915814,16.743863047697275,251084.09375
trial1,8,12,19.8,27.3,221773.5,83910.0,t2_to_t1,42,19.8,44.81428571428572,29.543744901875556,30.801043287510282,348082.90625
trial1,12,16,27.3,42.3,83910.0,114351.0,t2_to_t1,42,27.3,52.31428571428572,44.69150551099568,46.72187387601829,319385.03125
trial1,16,20,42.3,80.8,114351.0,195884.0,t2_to_t1,42,42.3,67.31428571428572,72.58945632979618,72.8001463482892,139330.6875
trial1,20,24,80.8,139.3,195884.0,293371.25,t2_to_t1,42,80.8,105.81428571428572,133.92959090008333,134.1066502806409,140502.859375
trial1,24,28,139.3,219.8,293371.25,311883.6666666667,t2_to_t1,42,139.3,164.31428571428572,201.42048473156694,199.09875129426706,169941.75
trial2,0,4,4.7,17.8,305174.0,394350.0,t1_to_t2,43,4.7,35.42857142857143,23.09091968636642,24.627444292521005,184316.69942898
trial2,4,8,17.8,20.8,394350.0,271981.25,t1_to_t2,43,17.8,48.52857142857143,34.16255420842582,42.51500781152784,236940.45265511
trial2,8,12,20.8,26.3,271981.25,306875.0,t1_to_t2,43,20.8,51.52857142857143,32.03097686342488,43.356683467738435,223400.67647952336
trial2,12,16,26.3,41.8,306875.0,342648.3333333333,t1_to_t2,43,26.3,57.02857142857143,43.8366681489116,54.86707721832278,203362.67283189713
trial2,16,20,41.8,70.8,342648.3333333333,68435.0,t1_to_t2,43,41.8,72.52857142857142,66.4584867539982,77.27936560758917,207330.4812249934
trial2,20,24,70.8,119.3,68435.0,84947.0,t1_to_t2,43,70.8,101.52857142857142,101.58798613233782,106.7297054402617,185169.31188769484
trial2,24,28,119.3,179.8,84947.0,,t1_to_t2,43,119.3,150.02857142857144,146.2676395024077,152.25438205581546,251777.7821571964
trial1,0,4,4.7,13.1,76366.0,154496.75,t2_to_t1,43,4.7,29.714285714285715,14.969033579170109,13.18005344518754,314873.5625
trial1,4,8,13.1,19.8,154496.75,221773.5,t2_to_t1,43,13.1,38.114285714285714,18.083044364915814,16.683936994245457,247337.6875
trial1,8,12,19.8,27.3,221773.5,83910.0,t2_to_t1,43,19.8,44.81428571428572,29.543744901875556,30.862743853951677,351940.25
trial1,12,16,27.3,42.3,83910.0,114351.0,t2_to_t1,43,27.3,52.31428571428572,44.69150551099568,46.94622130445507,333410.59375
trial1,16,20,42.3,80.8,114351.0,195884.0,t2_to_t1,43,42.3,67.31428571428572,72.58945632979618,72.78922534552976,138647.9375
trial1,20,24,80.8,139.3,195884.0,293371.25,t2_to_t1,43,80.8,105.81428571428572,133.92959090008333,134.17079267692853,144512.859375
trial1,24,28,139.3,219.8,293371.25,311883.6666666667,t2_to_t1,43,139.3,164.31428571428572,201.42048473156694,198.85566300920922,154744.5625
trial2,0,4,4.7,17.8,305174.0,394350.0,t1_to_t2,44,4.7,35.42857142857143,23.09091968636642,24.627444292521005,184316.69942898
trial2,4,8,17.8,20.8,394350.0,271981.25,t1_to_t2,44,17.8,48.52857142857143,34.16255420842582,42.51500781152784,236940.45265511
trial2,8,12,20.8,26.3,271981.25,306875.0,t1_to_t2,44,20.8,51.52857142857143,32.03097686342488,43.356683467738435,223400.67647952336
trial2,12,16,26.3,41.8,306875.0,342648.3333333333,t1_to_t2,44,26.3,57.02857142857143,43.8366681489116,54.86707721832278,203362.67283189713
trial2,16,20,41.8,70.8,342648.3333333333,68435.0,t1_to_t2,44,41.8,72.52857142857142,66.4584867539982,77.27936560758917,207330.4812249934
trial2,20,24,70.8,119.3,68435.0,84947.0,t1_to_t2,44,70.8,101.52857142857142,101.58798613233782,106.7297054402617,185169.31188769484
trial2,24,28,119.3,179.8,84947.0,,t1_to_t2,44,119.3,150.02857142857144,146.2676395024077,152.25438205581546,251777.7821571964
trial1,0,4,4.7,13.1,76366.0,154496.75,t2_to_t1,44,4.7,29.714285714285715,14.969033579170109,12.912690822158076,298158.8125
trial1,4,8,13.1,19.8,154496.75,221773.5,t2_to_t1,44,13.1,38.114285714285714,18.083044364915814,16.682001025566976,247216.65625
trial1,8,12,19.8,27.3,221773.5,83910.0,t2_to_t1,44,19.8,44.81428571428572,29.543744901875556,31.076759617886673,365319.90625
trial1,12,16,27.3,42.3,83910.0,114351.0,t2_to_t1,44,27.3,52.31428571428572,44.69150551099568,47.04447783820713,339553.3125
trial1,16,20,42.3,80.8,114351.0,195884.0,t2_to_t1,44,42.3,67.31428571428572,72.58945632979618,73.1039102310884,158321.140625
trial1,20,24,80.8,139.3,195884.0,293371.25,t2_to_t1,44,80.8,105.81428571428572,133.92959090008333,134.3856134699254,157942.84375
trial1,24,28,139.3,219.8,293371.25,311883.6666666667,t2_to_t1,44,139.3,164.31428571428572,201.42048473156694,199.1284064054996,171795.703125
trial2,0,4,4.7,17.8,305174.0,394350.0,t1_to_t2,45,4.7,35.42857142857143,23.09091968636642,24.627444292521005,184316.69942898
trial2,4,8,17.8,20.8,394350.0,271981.25,t1_to_t2,45,17.8,48.52857142857143,34.16255420842582,42.51500781152784,236940.45265511
trial2,8,12,20.8,26.3,271981.25,306875.0,t1_to_t2,45,20.8,51.52857142857143,32.03097686342488,43.356683467738435,223400.67647952336
trial2,12,16,26.3,41.8,306875.0,342648.3333333333,t1_to_t2,45,26.3,57.02857142857143,43.8366681489116,54.86707721832278,203362.67283189713
trial2,16,20,41.8,70.8,342648.3333333333,68435.0,t1_to_t2,45,41.8,72.52857142857142,66.4584867539982,77.27936560758917,207330.4812249934
trial2,20,24,70.8,119.3,68435.0,84947.0,t1_to_t2,45,70.8,101.52857142857142,101.58798613233782,106.7297054402617,185169.31188769484
trial2,24,28,119.3,179.8,84947.0,,t1_to_t2,45,119.3,150.02857142857144,146.2676395024077,152.25438205581546,251777.7821571964
trial1,0,4,4.7,13.1,76366.0,154496.75,t2_to_t1,45,4.7,29.714285714285715,14.969033579170109,12.874778727033132,295788.65625
trial1,4,8,13.1,19.8,154496.75,221773.5,t2_to_t1,45,13.1,38.114285714285714,18.083044364915814,16.740072587979,250847.125
trial1,8,12,19.8,27.3,221773.5,83910.0,t2_to_t1,45,19.8,44.81428571428572,29.543744901875556,30.727692418463874,343497.21875
trial1,12,16,27.3,42.3,83910.0,114351.0,t2_to_t1,45,27.3,52.31428571428572,44.69150551099568,46.97771566091156,335379.53125
trial1,16,20,42.3,80.8,114351.0,195884.0,t2_to_t1,45,42.3,67.31428571428572,72.58945632979618,73.0285834043384,153611.921875
trial1,20,24,80.8,139.3,195884.0,293371.25,t2_to_t1,45,80.8,105.81428571428572,133.92959090008333,134.33599683708013,154840.953125
trial1,24,28,139.3,219.8,293371.25,311883.6666666667,t2_to_t1,45,139.3,164.31428571428572,201.42048473156694,199.00671805254882,164188.09375
trial2,0,4,4.7,17.8,305174.0,394350.0,t1_to_t2,46,4.7,35.42857142857143,23.09091968636642,24.627444292521005,184316.69942898
trial2,4,8,17.8,20.8,394350.0,271981.25,t1_to_t2,46,17.8,48.52857142857143,34.16255420842582,42.51500781152784,236940.45265511
trial2,8,12,20.8,26.3,271981.25,306875.0,t1_to_t2,46,20.8,51.52857142857143,32.03097686342488,43.356683467738435,223400.67647952336
trial2,12,16,26.3,41.8,306875.0,342648.3333333333,t1_to_t2,46,26.3,57.02857142857143,43.8366681489116,54.86707721832278,203362.67283189713
trial2,16,20,41.8,70.8,342648.3333333333,68435.0,t1_to_t2,46,41.8,72.52857142857142,66.4584867539982,77.27936560758917,207330.4812249934
trial2,20,24,70.8,119.3,68435.0,84947.0,t1_to_t2,46,70.8,101.52857142857142,101.58798613233782,106.7297054402617,185169.31188769484
trial2,24,28,119.3,179.8,84947.0,,t1_to_t2,46,119.3,150.02857142857144,146.2676395024077,152.25438205581546,251777.7821571964
trial1,0,4,4.7,13.1,76366.0,154496.75,t2_to_t1,46,4.7,29.714285714285715,14.969033579170109,13.270837029870869,320549.09375
trial1,4,8,13.1,19.8,154496.75,221773.5,t2_to_t1,46,13.1,38.114285714285714,18.083044364915814,17.10409368334429,273604.6875
trial1,8,12,19.8,27.3,221773.5,83910.0,t2_to_t1,46,19.8,44.81428571428572,29.543744901875556,30.757762665763387,345377.125
trial1,12,16,27.3,42.3,83910.0,114351.0,t2_to_t1,46,27.3,52.31428571428572,44.69150551099568,46.733613654067,320118.96875
trial1,16,20,42.3,80.8,114351.0,195884.0,t2_to_t1,46,42.3,67.31428571428572,72.58945632979618,72.53396015239241,122689.484375
trial1,20,24,80.8,139.3,195884.0,293371.25,t2_to_t1,46,80.8,105.81428571428572,133.92959090008333,133.82201727242338,122708.4140625
trial1,24,28,139.3,219.8,293371.25,311883.6666666667,t2_to_t1,46,139.3,164.31428571428572,201.42048473156694,198.58584056127225,137876.03125
