fold,route,model,n_seeds,mae_g_mean_pm_sd,mae_g_mean,rmse_g_mean_pm_sd,rmse_g_mean,r2_mean_pm_sd,r2_mean,mae_vs_persist_mean_pm_sd,mae_vs_persist_mean,canopy_mae_px_mean_pm_sd,canopy_mae_px_mean
t1_to_t2,canopy_only,ElasticNet,5,—,,—,,—,,—,,117825.31 ± 0.00,117825.3125084185
t1_to_t2,direct_fw,ElasticNet,5,11.72 ± 0.00,11.715286645483573,15.59 ± 0.00,15.586290551601323,0.92 ± 0.00,0.9237839451364074,13.30 ± 0.00,13.298999068802143,—,
t1_to_t2,grow_mean,GrowMean,5,19.30 ± 0.00,19.29795918367347,21.22 ± 0.00,21.223908351533318,0.86 ± 0.00,0.8586773890967996,5.72 ± 0.00,5.716326530612246,—,
t1_to_t2,persist,Persist,5,25.01 ± 0.00,25.014285714285716,32.30 ± 0.00,32.303493840229024,0.67 ± 0.00,0.672614136576527,0.00 ± 0.00,0.0,95489.53 ± 0.00,95489.52777777777
t1_to_t2,phenotype_bridge,ElasticNet←ElasticNet,5,15.04 ± 0.00,15.03735584308887,16.64 ± 0.00,16.641557575165347,0.91 ± 0.00,0.9131141862754413,9.98 ± 0.00,9.976929871196846,117825.31 ± 0.00,117825.3125084185
t2_to_t1,canopy_only,XGBoost,5,—,,—,,—,,—,,145823.84 ± 7257.87,145823.8445684524
t2_to_t1,direct_fw,ElasticNet,5,5.74 ± 0.00,5.740243952239872,8.03 ± 0.00,8.029017158586049,0.99 ± 0.00,0.9872220326408263,24.99 ± 0.00,24.98832747633156,—,
t2_to_t1,grow_mean,GrowMean,5,23.56 ± 0.00,23.55918367346939,27.78 ± 0.00,27.775389194356205,0.85 ± 0.00,0.8470824580176115,7.17 ± 0.00,7.169387755102039,—,
t2_to_t1,persist,Persist,5,30.73 ± 0.00,30.728571428571435,41.03 ± 0.00,41.025166492218965,0.67 ± 0.00,0.6663910396364101,0.00 ± 0.00,0.0,73034.95 ± 0.00,73034.95238095238
t2_to_t1,phenotype_bridge,ElasticNet←XGBoost,5,6.46 ± 0.05,6.464289278559967,9.01 ± 0.10,9.005562107351357,0.98 ± 0.00,0.9839231698629021,24.26 ± 0.05,24.26428215001146,145823.84 ± 7257.87,145823.8445684524
